Trip_ID,Date,Time,Hour,Station_ID,Station,Station_Latitude,Station_Longitude,Trip_Count,Available_Bikes,Total_Bikes,Station_Utilisation_Percentage,Trip_Duration_min,Peak_Demand,Vehicle_Type
934,2025-01-01,1900-01-01 09:47:00,9.0,ST005,Electronic City Bike Station,12.846634,77.66138,61.0,75.0,111.0,54.95,28.6,Peak,Scooter
780,2025-01-01,1900-01-01 12:56:00,12.0,ST012,Rajajinagar Bike Station,12.999056,77.555442,62.0,47.0,86.0,72.09,10.6,Normal,EV Bike
179,2025-01-01,1900-01-01 18:34:00,18.0,ST012,Rajajinagar Bike Station,12.997165,77.555021,120.0,64.0,90.0,100.0,10.1,Peak,Scooter
177,2025-01-02,1900-01-01 02:06:00,2.0,ST015,JP Nagar Bike Station,12.909174,77.586388,38.0,76.0,117.0,32.48,27.5,Normal,EV Bike
115,2025-01-02,1900-01-01 10:44:00,10.0,ST004,Whitefield Bike Station,12.970123,77.749547,50.0,38.0,82.0,60.98,37.9,Peak,Scooter
895,2025-01-02,1900-01-01 19:28:00,19.0,ST010,Jayanagar Bike Station,12.925041,77.594091,104.0,23.0,64.0,100.0,35.9,Peak,Scooter
511,2025-01-02,1900-01-01 21:12:00,21.0,ST012,Rajajinagar Bike Station,12.998539,77.553446,19.0,7.0,39.0,48.72,24.2,Normal,Scooter
666,2025-01-03,1900-01-01 19:59:00,19.0,ST012,Rajajinagar Bike Station,12.99795,77.555506,52.0,19.0,50.0,100.0,25.9,Peak,EV Bike
521,2025-01-04,1900-01-01 02:25:00,2.0,ST004,Whitefield Bike Station,12.970149,77.750467,42.0,80.0,94.0,44.68,22.8,Normal,EV Bike
720,2025-01-04,1900-01-01 17:28:00,17.0,ST011,BTM Layout Bike Station,12.916334,77.60924,126.0,36.0,55.0,100.0,43.2,Peak,EV Bike
797,2025-01-04,1900-01-01 20:14:00,20.0,ST013,Malleshwaram Bike Station,13.003191,77.571559,73.0,53.0,98.0,74.49,24.8,Peak,Scooter
882,2025-01-05,1900-01-01 04:56:00,4.0,ST005,Electronic City Bike Station,12.845256,77.659403,27.0,57.0,100.0,27.0,15.1,Normal,Scooter
641,2025-01-05,1900-01-01 10:39:00,10.0,ST002,Koramangala Bike Station,12.936071,77.625295,34.0,48.0,83.0,40.96,18.7,Peak,EV Bike
757,2025-01-05,1900-01-01 18:37:00,18.0,ST008,Marathahalli Bike Station,12.959428,77.696664,50.0,73.0,86.0,58.14,12.9,Peak,Scooter
47,2025-01-06,1900-01-01 10:20:00,10.0,ST015,JP Nagar Bike Station,12.908087,77.584717,37.0,21.0,63.0,58.73,41.9,Peak,Scooter
703,2025-01-06,1900-01-01 11:51:00,11.0,ST003,Indiranagar Bike Station,12.977989,77.640743,48.0,46.0,80.0,60.0,23.5,Normal,Scooter
836,2025-01-06,1900-01-01 19:27:00,19.0,ST011,BTM Layout Bike Station,12.916872,77.609436,70.0,61.0,83.0,84.34,9.0,Peak,Scooter
368,2025-01-07,1900-01-01 05:29:00,5.0,ST010,Jayanagar Bike Station,12.923599,77.594738,29.0,38.0,49.0,59.18,37.3,Normal,EV Bike
578,2025-01-07,1900-01-01 06:41:00,6.0,ST014,Banashankari Bike Station,12.924748,77.545945,15.0,53.0,86.0,17.44,44.1,Normal,EV Bike
908,2025-01-07,1900-01-01 07:39:00,7.0,ST005,Electronic City Bike Station,12.844651,77.661655,45.0,22.0,58.0,77.59,43.0,Normal,Scooter
567,2025-01-07,1900-01-01 19:33:00,19.0,ST011,BTM Layout Bike Station,12.916111,77.610838,109.0,50.0,73.0,100.0,37.6,Peak,EV Bike
637,2025-01-07,1900-01-01 20:33:00,20.0,ST003,Indiranagar Bike Station,12.977953,77.64042,115.0,46.0,74.0,100.0,11.9,Peak,EV Bike
163,2025-01-08,1900-01-01 13:48:00,13.0,ST007,Hebbal Bike Station,13.035461,77.596036,59.0,48.0,73.0,80.82,10.7,Normal,Scooter
843,2025-01-08,1900-01-01 17:23:00,17.0,ST005,Electronic City Bike Station,12.846727,77.661557,48.0,26.0,68.0,70.59,24.6,Peak,Scooter
219,2025-01-08,1900-01-01 18:24:00,18.0,ST006,Yelahanka Bike Station,13.101601,77.596775,106.0,43.0,70.0,100.0,29.8,Peak,Scooter
700,2025-01-08,1900-01-01 21:23:00,21.0,ST013,Malleshwaram Bike Station,13.003659,77.570354,48.0,14.0,64.0,75.0,22.5,Normal,EV Bike
361,2025-01-09,1900-01-01 03:27:00,3.0,ST006,Yelahanka Bike Station,13.101053,77.596871,61.0,16.0,61.0,100.0,11.1,Normal,EV Bike
168,2025-01-09,1900-01-01 08:26:00,8.0,ST008,Marathahalli Bike Station,12.958746,77.697194,91.0,38.0,54.0,100.0,44.4,Peak,Scooter
401,2025-01-10,1900-01-01 06:59:00,6.0,ST006,Yelahanka Bike Station,13.09968,77.59487,32.0,65.0,87.0,36.78,39.4,Normal,EV Bike
229,2025-01-10,1900-01-01 07:49:00,7.0,ST015,JP Nagar Bike Station,12.909256,77.585031,56.0,40.0,54.0,100.0,30.7,Normal,EV Bike
716,2025-01-10,1900-01-01 14:00:00,14.0,ST012,Rajajinagar Bike Station,12.998325,77.553774,54.0,59.0,96.0,56.25,43.0,Normal,EV Bike
478,2025-01-10,1900-01-01 20:16:00,20.0,ST006,Yelahanka Bike Station,13.100485,77.597703,75.0,38.0,74.0,100.0,44.3,Peak,Scooter
499,2025-01-11,1900-01-01 00:28:00,0.0,ST011,BTM Layout Bike Station,12.916019,77.610251,39.0,50.0,60.0,65.0,27.8,Normal,EV Bike
699,2025-01-11,1900-01-01 03:34:00,3.0,ST005,Electronic City Bike Station,12.844134,77.660899,63.0,42.0,78.0,80.77,11.3,Normal,EV Bike
684,2025-01-11,1900-01-01 03:37:00,3.0,ST004,Whitefield Bike Station,12.969879,77.749757,52.0,62.0,104.0,50.0,15.1,Normal,EV Bike
814,2025-01-12,1900-01-01 15:40:00,15.0,ST015,JP Nagar Bike Station,12.90738,77.584804,24.0,44.0,79.0,30.38,18.6,Normal,EV Bike
583,2025-01-13,1900-01-01 02:25:00,2.0,ST008,Marathahalli Bike Station,12.95959,77.697851,59.0,14.0,63.0,93.65,38.6,Normal,Scooter
517,2025-01-13,1900-01-01 04:07:00,4.0,ST002,Koramangala Bike Station,12.934927,77.625149,67.0,61.0,104.0,64.42,20.5,Normal,EV Bike
320,2025-01-13,1900-01-01 04:23:00,4.0,ST008,Marathahalli Bike Station,12.960071,77.697935,52.0,64.0,101.0,51.49,20.3,Normal,EV Bike
856,2025-01-13,1900-01-01 10:50:00,10.0,ST008,Marathahalli Bike Station,12.959421,77.696462,90.0,16.0,26.0,100.0,14.3,Peak,Scooter
493,2025-01-13,1900-01-01 13:47:00,13.0,ST006,Yelahanka Bike Station,13.101197,77.595784,68.0,73.0,101.0,67.33,36.5,Normal,EV Bike
380,2025-01-13,1900-01-01 18:38:00,18.0,ST009,HSR Layout Bike Station,12.912993,77.63917,106.0,41.0,74.0,100.0,36.9,Peak,EV Bike
865,2025-01-14,1900-01-01 12:07:00,12.0,ST011,BTM Layout Bike Station,12.916813,77.609921,33.0,72.0,113.0,29.2,43.6,Normal,Scooter
225,2025-01-14,1900-01-01 17:46:00,17.0,ST011,BTM Layout Bike Station,12.916448,77.611199,84.0,62.0,98.0,85.71,21.7,Peak,Scooter
447,2025-01-14,1900-01-01 20:20:00,20.0,ST014,Banashankari Bike Station,12.925958,77.547958,45.0,59.0,78.0,57.69,7.0,Peak,EV Bike
810,2025-01-14,1900-01-01 22:59:00,22.0,ST008,Marathahalli Bike Station,12.957928,77.698547,57.0,67.0,80.0,71.25,29.2,Normal,EV Bike
997,2025-01-15,1900-01-01 02:52:00,2.0,ST013,Malleshwaram Bike Station,13.00387,77.570263,57.0,16.0,44.0,100.0,23.1,Normal,EV Bike
553,2025-01-15,1900-01-01 08:24:00,8.0,ST006,Yelahanka Bike Station,13.099715,77.594871,111.0,44.0,68.0,100.0,8.9,Peak,Scooter
614,2025-01-15,1900-01-01 15:41:00,15.0,ST002,Koramangala Bike Station,12.936585,77.625156,64.0,46.0,79.0,81.01,14.0,Normal,EV Bike
513,2025-01-15,1900-01-01 22:29:00,22.0,ST004,Whitefield Bike Station,12.968705,77.749808,66.0,53.0,85.0,77.65,12.3,Normal,EV Bike
182,2025-01-16,1900-01-01 09:15:00,9.0,ST014,Banashankari Bike Station,12.926875,77.545811,86.0,16.0,47.0,100.0,12.6,Peak,Scooter
275,2025-01-16,1900-01-01 20:42:00,20.0,ST002,Koramangala Bike Station,12.934742,77.623794,100.0,54.0,96.0,100.0,29.9,Peak,Scooter
618,2025-01-17,1900-01-01 01:18:00,1.0,ST006,Yelahanka Bike Station,13.100039,77.597054,29.0,60.0,83.0,34.94,13.9,Normal,EV Bike
28,2025-01-17,1900-01-01 08:11:00,8.0,ST012,Rajajinagar Bike Station,12.998408,77.553201,52.0,54.0,79.0,65.82,11.0,Peak,EV Bike
643,2025-01-17,1900-01-01 09:56:00,9.0,ST012,Rajajinagar Bike Station,12.999912,77.555567,21.0,53.0,77.0,27.27,38.6,Peak,Scooter
63,2025-01-17,1900-01-01 22:51:00,22.0,ST007,Hebbal Bike Station,13.036467,77.598294,20.0,58.0,101.0,19.8,40.3,Normal,EV Bike
231,2025-01-18,1900-01-01 06:07:00,6.0,ST009,HSR Layout Bike Station,12.912855,77.638288,57.0,78.0,125.0,45.6,35.0,Normal,Scooter
74,2025-01-19,1900-01-01 18:40:00,18.0,ST011,BTM Layout Bike Station,12.917504,77.608714,90.0,34.0,56.0,100.0,22.8,Peak,Scooter
541,2025-01-19,1900-01-01 22:43:00,22.0,ST008,Marathahalli Bike Station,12.960569,77.698886,65.0,29.0,72.0,90.28,18.6,Normal,EV Bike
137,2025-01-20,1900-01-01 15:31:00,15.0,ST006,Yelahanka Bike Station,13.101942,77.597791,34.0,65.0,85.0,40.0,9.6,Normal,Scooter
505,2025-01-20,1900-01-01 17:17:00,17.0,ST003,Indiranagar Bike Station,12.9785,77.640773,84.0,46.0,65.0,100.0,10.3,Peak,EV Bike
52,2025-01-21,1900-01-01 02:28:00,2.0,ST008,Marathahalli Bike Station,12.958682,77.696107,33.0,49.0,95.0,34.74,8.3,Normal,Scooter
537,2025-01-21,1900-01-01 02:29:00,2.0,ST001,MG Road Bike Station,12.975489,77.607592,60.0,19.0,62.0,96.77,17.2,Normal,Scooter
18,2025-01-21,1900-01-01 08:23:00,8.0,ST013,Malleshwaram Bike Station,13.00422,77.570416,23.0,79.0,110.0,20.91,31.7,Peak,Scooter
845,2025-01-21,1900-01-01 12:37:00,12.0,ST008,Marathahalli Bike Station,12.960286,77.696196,54.0,77.0,99.0,54.55,6.3,Normal,EV Bike
356,2025-01-21,1900-01-01 20:01:00,20.0,ST001,MG Road Bike Station,12.976076,77.607078,70.0,15.0,45.0,100.0,44.5,Peak,Scooter
216,2025-01-22,1900-01-01 01:01:00,1.0,ST003,Indiranagar Bike Station,12.97981,77.641828,55.0,45.0,70.0,78.57,15.8,Normal,EV Bike
362,2025-01-22,1900-01-01 18:57:00,18.0,ST004,Whitefield Bike Station,12.969585,77.751201,111.0,46.0,71.0,100.0,29.2,Peak,Scooter
862,2025-01-23,1900-01-01 16:25:00,16.0,ST006,Yelahanka Bike Station,13.10113,77.596112,56.0,67.0,115.0,48.7,10.2,Normal,Scooter
392,2025-01-23,1900-01-01 20:26:00,20.0,ST011,BTM Layout Bike Station,12.917932,77.608845,37.0,43.0,54.0,68.52,13.9,Peak,EV Bike
107,2025-01-24,1900-01-01 01:01:00,1.0,ST012,Rajajinagar Bike Station,12.999576,77.555061,56.0,16.0,34.0,100.0,35.5,Normal,EV Bike
951,2025-01-24,1900-01-01 05:56:00,5.0,ST015,JP Nagar Bike Station,12.906576,77.585537,39.0,59.0,80.0,48.75,12.9,Normal,EV Bike
804,2025-01-25,1900-01-01 03:11:00,3.0,ST006,Yelahanka Bike Station,13.099475,77.594964,62.0,73.0,105.0,59.05,15.8,Normal,Scooter
640,2025-01-25,1900-01-01 04:29:00,4.0,ST010,Jayanagar Bike Station,12.926265,77.592647,41.0,14.0,42.0,97.62,44.2,Normal,Scooter
417,2025-01-25,1900-01-01 09:04:00,9.0,ST006,Yelahanka Bike Station,13.101384,77.594936,68.0,19.0,47.0,100.0,25.1,Peak,Scooter
138,2025-01-25,1900-01-01 12:38:00,12.0,ST015,JP Nagar Bike Station,12.906766,77.585981,16.0,9.0,54.0,29.63,27.4,Normal,EV Bike
921,2025-01-26,1900-01-01 20:27:00,20.0,ST007,Hebbal Bike Station,13.036617,77.596437,75.0,72.0,99.0,75.76,12.1,Peak,EV Bike
735,2025-01-27,1900-01-01 10:42:00,10.0,ST008,Marathahalli Bike Station,12.959621,77.696763,30.0,13.0,50.0,60.0,10.8,Peak,EV Bike
378,2025-01-27,1900-01-01 15:53:00,15.0,ST006,Yelahanka Bike Station,13.102191,77.595917,50.0,67.0,99.0,50.51,24.5,Normal,EV Bike
636,2025-01-28,1900-01-01 12:35:00,12.0,ST005,Electronic City Bike Station,12.846693,77.661519,70.0,66.0,91.0,76.92,44.1,Normal,EV Bike
49,2025-01-28,1900-01-01 13:10:00,13.0,ST015,JP Nagar Bike Station,12.908687,77.585424,33.0,45.0,91.0,36.26,38.3,Normal,Scooter
11,2025-01-30,1900-01-01 06:34:00,6.0,ST008,Marathahalli Bike Station,12.95854,77.696362,27.0,46.0,61.0,44.26,23.6,Normal,Scooter
88,2025-01-30,1900-01-01 17:38:00,17.0,ST014,Banashankari Bike Station,12.925128,77.548204,59.0,73.0,119.0,49.58,21.9,Peak,Scooter
913,2025-01-30,1900-01-01 18:05:00,18.0,ST015,JP Nagar Bike Station,12.906304,77.586228,79.0,15.0,34.0,100.0,37.3,Peak,EV Bike
646,2025-01-31,1900-01-01 05:16:00,5.0,ST009,HSR Layout Bike Station,12.91151,77.640201,28.0,41.0,59.0,47.46,44.2,Normal,EV Bike
799,2025-01-31,1900-01-01 06:37:00,6.0,ST014,Banashankari Bike Station,12.925188,77.546703,24.0,72.0,122.0,19.67,32.8,Normal,EV Bike
495,2025-01-31,1900-01-01 07:04:00,7.0,ST011,BTM Layout Bike Station,12.915931,77.611054,37.0,71.0,81.0,45.68,44.7,Normal,Scooter
745,2025-01-31,1900-01-01 09:15:00,9.0,ST008,Marathahalli Bike Station,12.960417,77.697223,115.0,43.0,75.0,100.0,25.5,Peak,EV Bike
56,2025-02-01,1900-01-01 00:48:00,0.0,ST007,Hebbal Bike Station,13.035006,77.596492,29.0,52.0,74.0,39.19,11.8,Normal,Scooter
307,2025-02-01,1900-01-01 19:56:00,19.0,ST013,Malleshwaram Bike Station,13.004981,77.571135,104.0,10.0,52.0,100.0,43.3,Peak,EV Bike
484,2025-02-01,1900-01-01 20:54:00,20.0,ST015,JP Nagar Bike Station,12.907797,77.584254,90.0,45.0,55.0,100.0,37.7,Peak,Scooter
812,2025-02-02,1900-01-01 10:41:00,10.0,ST012,Rajajinagar Bike Station,12.99952,77.55273,55.0,13.0,24.0,100.0,6.3,Peak,EV Bike
790,2025-02-03,1900-01-01 08:25:00,8.0,ST006,Yelahanka Bike Station,13.101109,77.596529,34.0,40.0,59.0,57.63,19.0,Peak,EV Bike
974,2025-02-03,1900-01-01 17:09:00,17.0,ST013,Malleshwaram Bike Station,13.002154,77.570133,19.0,9.0,23.0,82.61,25.6,Peak,EV Bike
754,2025-02-03,1900-01-01 23:34:00,23.0,ST011,BTM Layout Bike Station,12.915181,77.609623,44.0,80.0,121.0,36.36,34.7,Normal,Scooter
464,2025-02-04,1900-01-01 08:26:00,8.0,ST002,Koramangala Bike Station,12.935774,77.624235,19.0,53.0,64.0,29.69,17.7,Peak,EV Bike
902,2025-02-04,1900-01-01 10:01:00,10.0,ST008,Marathahalli Bike Station,12.959341,77.697406,66.0,17.0,31.0,100.0,42.6,Peak,Scooter
631,2025-02-05,1900-01-01 00:26:00,0.0,ST009,HSR Layout Bike Station,12.910302,77.63991,40.0,76.0,87.0,45.98,21.7,Normal,EV Bike
166,2025-02-05,1900-01-01 08:04:00,8.0,ST005,Electronic City Bike Station,12.84555,77.659474,77.0,52.0,67.0,100.0,6.4,Peak,Scooter
776,2025-02-05,1900-01-01 14:09:00,14.0,ST001,MG Road Bike Station,12.975023,77.60667,26.0,23.0,41.0,63.41,40.1,Normal,Scooter
993,2025-02-05,1900-01-01 21:37:00,21.0,ST013,Malleshwaram Bike Station,13.004402,77.571928,53.0,59.0,70.0,75.71,24.3,Normal,Scooter
433,2025-02-06,1900-01-01 05:44:00,5.0,ST015,JP Nagar Bike Station,12.907021,77.585647,46.0,19.0,53.0,86.79,31.5,Normal,EV Bike
708,2025-02-06,1900-01-01 07:17:00,7.0,ST014,Banashankari Bike Station,12.926577,77.546749,60.0,25.0,44.0,100.0,23.0,Normal,EV Bike
358,2025-02-06,1900-01-01 11:54:00,11.0,ST003,Indiranagar Bike Station,12.977892,77.640079,61.0,78.0,126.0,48.41,10.9,Normal,Scooter
983,2025-02-06,1900-01-01 18:30:00,18.0,ST007,Hebbal Bike Station,13.035493,77.597738,126.0,65.0,113.0,100.0,36.3,Peak,Scooter
161,2025-02-07,1900-01-01 02:14:00,2.0,ST012,Rajajinagar Bike Station,12.999234,77.553514,49.0,18.0,35.0,100.0,34.5,Normal,Scooter
437,2025-02-07,1900-01-01 08:10:00,8.0,ST005,Electronic City Bike Station,12.844827,77.659252,63.0,19.0,34.0,100.0,33.0,Peak,EV Bike
326,2025-02-07,1900-01-01 09:14:00,9.0,ST002,Koramangala Bike Station,12.936475,77.624243,124.0,47.0,66.0,100.0,43.0,Peak,Scooter
806,2025-02-07,1900-01-01 10:52:00,10.0,ST010,Jayanagar Bike Station,12.925868,77.59266,115.0,62.0,93.0,100.0,42.5,Peak,EV Bike
151,2025-02-07,1900-01-01 21:36:00,21.0,ST014,Banashankari Bike Station,12.926753,77.54723,24.0,79.0,100.0,24.0,6.4,Normal,Scooter
176,2025-02-08,1900-01-01 00:23:00,0.0,ST011,BTM Layout Bike Station,12.916612,77.609031,23.0,27.0,51.0,45.1,19.3,Normal,EV Bike
223,2025-02-08,1900-01-01 01:47:00,1.0,ST013,Malleshwaram Bike Station,13.003154,77.571176,56.0,8.0,56.0,100.0,41.2,Normal,EV Bike
299,2025-02-08,1900-01-01 14:14:00,14.0,ST003,Indiranagar Bike Station,12.977858,77.640722,43.0,9.0,44.0,97.73,27.2,Normal,EV Bike
42,2025-02-08,1900-01-01 19:26:00,19.0,ST006,Yelahanka Bike Station,13.099221,77.595766,46.0,27.0,37.0,100.0,11.2,Peak,EV Bike
935,2025-02-09,1900-01-01 06:42:00,6.0,ST005,Electronic City Bike Station,12.846814,77.65922,68.0,31.0,76.0,89.47,26.2,Normal,EV Bike
660,2025-02-09,1900-01-01 17:29:00,17.0,ST004,Whitefield Bike Station,12.970704,77.750836,18.0,68.0,116.0,15.52,40.8,Peak,EV Bike
711,2025-02-09,1900-01-01 22:45:00,22.0,ST011,BTM Layout Bike Station,12.917979,77.610551,10.0,54.0,98.0,10.2,15.3,Normal,Scooter
108,2025-02-10,1900-01-01 04:01:00,4.0,ST004,Whitefield Bike Station,12.970124,77.748796,32.0,36.0,72.0,44.44,18.4,Normal,Scooter
650,2025-02-11,1900-01-01 09:54:00,9.0,ST014,Banashankari Bike Station,12.926894,77.547999,79.0,42.0,67.0,100.0,24.9,Peak,EV Bike
468,2025-02-11,1900-01-01 11:44:00,11.0,ST005,Electronic City Bike Station,12.845838,77.659052,10.0,49.0,85.0,11.76,42.5,Normal,EV Bike
679,2025-02-11,1900-01-01 16:34:00,16.0,ST005,Electronic City Bike Station,12.847042,77.660998,21.0,48.0,73.0,28.77,33.6,Normal,EV Bike
48,2025-02-11,1900-01-01 23:26:00,23.0,ST010,Jayanagar Bike Station,12.926083,77.594768,21.0,31.0,76.0,27.63,36.3,Normal,EV Bike
590,2025-02-12,1900-01-01 08:15:00,8.0,ST014,Banashankari Bike Station,12.924096,77.546346,88.0,77.0,90.0,97.78,25.9,Peak,EV Bike
847,2025-02-12,1900-01-01 08:30:00,8.0,ST013,Malleshwaram Bike Station,13.004302,77.571903,45.0,25.0,45.0,100.0,36.9,Peak,EV Bike
315,2025-02-12,1900-01-01 11:08:00,11.0,ST010,Jayanagar Bike Station,12.923508,77.594345,13.0,13.0,25.0,52.0,17.2,Normal,EV Bike
510,2025-02-13,1900-01-01 05:31:00,5.0,ST010,Jayanagar Bike Station,12.923676,77.592619,53.0,22.0,49.0,100.0,17.2,Normal,Scooter
477,2025-02-13,1900-01-01 12:10:00,12.0,ST012,Rajajinagar Bike Station,12.99997,77.55353,43.0,79.0,94.0,45.74,37.2,Normal,Scooter
331,2025-02-13,1900-01-01 17:23:00,17.0,ST002,Koramangala Bike Station,12.936112,77.624904,84.0,15.0,37.0,100.0,33.0,Peak,EV Bike
119,2025-02-14,1900-01-01 18:06:00,18.0,ST002,Koramangala Bike Station,12.934791,77.623747,25.0,7.0,20.0,100.0,35.8,Peak,EV Bike
557,2025-02-15,1900-01-01 00:43:00,0.0,ST004,Whitefield Bike Station,12.97005,77.750155,23.0,50.0,69.0,33.33,39.5,Normal,Scooter
613,2025-02-15,1900-01-01 22:41:00,22.0,ST006,Yelahanka Bike Station,13.100024,77.596093,69.0,36.0,70.0,98.57,34.2,Normal,EV Bike
808,2025-02-17,1900-01-01 03:46:00,3.0,ST014,Banashankari Bike Station,12.92563,77.546476,24.0,66.0,107.0,22.43,14.1,Normal,EV Bike
332,2025-02-17,1900-01-01 05:16:00,5.0,ST001,MG Road Bike Station,12.976437,77.605168,35.0,63.0,83.0,42.17,33.2,Normal,EV Bike
350,2025-02-17,1900-01-01 06:21:00,6.0,ST010,Jayanagar Bike Station,12.925806,77.593213,69.0,47.0,88.0,78.41,7.6,Normal,Scooter
451,2025-02-17,1900-01-01 07:58:00,7.0,ST008,Marathahalli Bike Station,12.958463,77.696746,52.0,60.0,92.0,56.52,16.0,Normal,EV Bike
190,2025-02-17,1900-01-01 19:15:00,19.0,ST014,Banashankari Bike Station,12.926777,77.547411,124.0,31.0,72.0,100.0,32.1,Peak,Scooter
84,2025-02-18,1900-01-01 00:53:00,0.0,ST013,Malleshwaram Bike Station,13.002954,77.571707,27.0,60.0,100.0,27.0,32.9,Normal,Scooter
792,2025-02-18,1900-01-01 05:34:00,5.0,ST005,Electronic City Bike Station,12.845082,77.660864,26.0,30.0,61.0,42.62,23.5,Normal,Scooter
612,2025-02-18,1900-01-01 06:00:00,6.0,ST006,Yelahanka Bike Station,13.100623,77.595884,32.0,76.0,118.0,27.12,22.3,Normal,EV Bike
837,2025-02-18,1900-01-01 17:30:00,17.0,ST008,Marathahalli Bike Station,12.959061,77.697171,34.0,67.0,94.0,36.17,41.7,Peak,Scooter
105,2025-02-20,1900-01-01 03:13:00,3.0,ST012,Rajajinagar Bike Station,12.999093,77.554822,46.0,27.0,65.0,70.77,19.4,Normal,EV Bike
297,2025-02-21,1900-01-01 10:23:00,10.0,ST014,Banashankari Bike Station,12.925176,77.546086,93.0,45.0,74.0,100.0,28.4,Peak,EV Bike
702,2025-02-22,1900-01-01 22:05:00,22.0,ST002,Koramangala Bike Station,12.935654,77.623064,56.0,13.0,55.0,100.0,13.3,Normal,EV Bike
981,2025-02-23,1900-01-01 03:22:00,3.0,ST005,Electronic City Bike Station,12.846163,77.659346,20.0,10.0,30.0,66.67,34.8,Normal,Scooter
849,2025-02-23,1900-01-01 03:53:00,3.0,ST007,Hebbal Bike Station,13.034534,77.598464,24.0,79.0,108.0,22.22,27.9,Normal,EV Bike
907,2025-02-23,1900-01-01 04:24:00,4.0,ST003,Indiranagar Bike Station,12.978909,77.640138,63.0,42.0,71.0,88.73,14.2,Normal,Scooter
269,2025-02-23,1900-01-01 05:19:00,5.0,ST012,Rajajinagar Bike Station,12.999474,77.553112,43.0,15.0,53.0,81.13,15.9,Normal,Scooter
33,2025-02-23,1900-01-01 06:21:00,6.0,ST007,Hebbal Bike Station,13.035407,77.597964,36.0,61.0,88.0,40.91,13.6,Normal,Scooter
970,2025-02-23,1900-01-01 06:28:00,6.0,ST007,Hebbal Bike Station,13.035459,77.597167,61.0,31.0,78.0,78.21,11.4,Normal,Scooter
393,2025-02-23,1900-01-01 07:49:00,7.0,ST011,BTM Layout Bike Station,12.916836,77.609384,17.0,51.0,82.0,20.73,41.5,Normal,EV Bike
868,2025-02-23,1900-01-01 11:46:00,11.0,ST009,HSR Layout Bike Station,12.910288,77.639371,36.0,70.0,117.0,30.77,33.8,Normal,Scooter
534,2025-02-23,1900-01-01 13:17:00,13.0,ST007,Hebbal Bike Station,13.034572,77.59638,33.0,7.0,23.0,100.0,36.1,Normal,EV Bike
877,2025-02-24,1900-01-01 09:49:00,9.0,ST013,Malleshwaram Bike Station,13.00369,77.570978,79.0,27.0,63.0,100.0,43.4,Peak,Scooter
835,2025-02-24,1900-01-01 15:45:00,15.0,ST005,Electronic City Bike Station,12.846681,77.660558,62.0,68.0,89.0,69.66,8.4,Normal,Scooter
899,2025-02-24,1900-01-01 21:10:00,21.0,ST005,Electronic City Bike Station,12.844301,77.659794,36.0,75.0,109.0,33.03,18.1,Normal,EV Bike
861,2025-02-25,1900-01-01 06:00:00,6.0,ST002,Koramangala Bike Station,12.933922,77.623774,43.0,58.0,90.0,47.78,6.6,Normal,Scooter
111,2025-02-25,1900-01-01 21:16:00,21.0,ST015,JP Nagar Bike Station,12.907513,77.583535,24.0,18.0,67.0,35.82,15.4,Normal,EV Bike
869,2025-02-26,1900-01-01 12:56:00,12.0,ST003,Indiranagar Bike Station,12.976959,77.6397,11.0,41.0,77.0,14.29,35.7,Normal,Scooter
116,2025-02-27,1900-01-01 10:47:00,10.0,ST009,HSR Layout Bike Station,12.910118,77.6394,54.0,72.0,119.0,45.38,41.1,Peak,Scooter
752,2025-02-28,1900-01-01 02:00:00,2.0,ST011,BTM Layout Bike Station,12.917042,77.611053,49.0,70.0,86.0,56.98,5.3,Normal,Scooter
323,2025-02-28,1900-01-01 07:36:00,7.0,ST007,Hebbal Bike Station,13.035677,77.596259,59.0,56.0,71.0,83.1,18.8,Normal,Scooter
677,2025-02-28,1900-01-01 23:11:00,23.0,ST014,Banashankari Bike Station,12.925657,77.546072,26.0,20.0,69.0,37.68,9.6,Normal,Scooter
548,2025-03-01,1900-01-01 02:13:00,2.0,ST009,HSR Layout Bike Station,12.910987,77.639116,70.0,78.0,112.0,62.5,8.4,Normal,EV Bike
729,2025-03-01,1900-01-01 04:30:00,4.0,ST002,Koramangala Bike Station,12.934432,77.625324,23.0,76.0,99.0,23.23,14.0,Normal,Scooter
178,2025-03-01,1900-01-01 04:33:00,4.0,ST014,Banashankari Bike Station,12.925876,77.548159,66.0,19.0,56.0,100.0,26.9,Normal,Scooter
616,2025-03-01,1900-01-01 05:37:00,5.0,ST010,Jayanagar Bike Station,12.924814,77.594439,54.0,70.0,102.0,52.94,9.4,Normal,Scooter
420,2025-03-01,1900-01-01 07:34:00,7.0,ST012,Rajajinagar Bike Station,12.999705,77.555195,23.0,68.0,112.0,20.54,44.8,Normal,Scooter
813,2025-03-01,1900-01-01 10:12:00,10.0,ST006,Yelahanka Bike Station,13.099375,77.596139,68.0,79.0,122.0,55.74,17.9,Peak,EV Bike
147,2025-03-01,1900-01-01 13:32:00,13.0,ST006,Yelahanka Bike Station,13.101606,77.595519,58.0,41.0,77.0,75.32,9.8,Normal,Scooter
270,2025-03-01,1900-01-01 17:15:00,17.0,ST008,Marathahalli Bike Station,12.958688,77.697822,70.0,34.0,84.0,83.33,40.3,Peak,EV Bike
308,2025-03-01,1900-01-01 18:39:00,18.0,ST004,Whitefield Bike Station,12.969752,77.749751,122.0,56.0,72.0,100.0,27.6,Peak,Scooter
894,2025-03-01,1900-01-01 22:56:00,22.0,ST011,BTM Layout Bike Station,12.915724,77.609942,64.0,53.0,67.0,95.52,43.1,Normal,EV Bike
482,2025-03-02,1900-01-01 16:02:00,16.0,ST011,BTM Layout Bike Station,12.917047,77.610792,48.0,64.0,88.0,54.55,24.0,Normal,Scooter
9,2025-03-02,1900-01-01 23:04:00,23.0,ST014,Banashankari Bike Station,12.924421,77.545836,55.0,63.0,113.0,48.67,36.7,Normal,Scooter
406,2025-03-03,1900-01-01 03:38:00,3.0,ST014,Banashankari Bike Station,12.925896,77.547725,20.0,66.0,88.0,22.73,14.8,Normal,EV Bike
777,2025-03-03,1900-01-01 06:56:00,6.0,ST013,Malleshwaram Bike Station,13.004406,77.571974,53.0,14.0,39.0,100.0,28.8,Normal,EV Bike
825,2025-03-03,1900-01-01 16:06:00,16.0,ST004,Whitefield Bike Station,12.970386,77.750341,20.0,51.0,67.0,29.85,23.1,Normal,Scooter
312,2025-03-03,1900-01-01 23:14:00,23.0,ST009,HSR Layout Bike Station,12.910149,77.637725,35.0,29.0,79.0,44.3,33.9,Normal,Unknown
739,2025-03-04,1900-01-01 01:55:00,1.0,ST011,BTM Layout Bike Station,12.917237,77.611479,43.0,6.0,20.0,100.0,10.5,Normal,Scooter
885,2025-03-04,1900-01-01 13:02:00,13.0,ST007,Hebbal Bike Station,13.035109,77.597055,27.0,12.0,54.0,50.0,28.3,Normal,Scooter
210,2025-03-04,1900-01-01 16:14:00,16.0,ST002,Koramangala Bike Station,12.93563,77.625475,17.0,58.0,104.0,16.35,32.0,Normal,Scooter
260,2025-03-04,1900-01-01 22:14:00,22.0,ST005,Electronic City Bike Station,12.844998,77.661088,40.0,73.0,96.0,41.67,23.0,Normal,EV Bike
676,2025-03-04,1900-01-01 22:41:00,22.0,ST002,Koramangala Bike Station,12.934592,77.625754,19.0,57.0,68.0,27.94,17.8,Normal,EV Bike
864,2025-03-05,1900-01-01 07:15:00,7.0,ST007,Hebbal Bike Station,13.034439,77.595943,68.0,11.0,60.0,100.0,24.2,Normal,EV Bike
184,2025-03-05,1900-01-01 13:02:00,13.0,ST013,Malleshwaram Bike Station,13.004724,77.571444,48.0,53.0,78.0,61.54,18.6,Normal,EV Bike
515,2025-03-06,1900-01-01 10:19:00,10.0,ST007,Hebbal Bike Station,13.034933,77.595628,61.0,36.0,46.0,100.0,27.6,Peak,Scooter
529,2025-03-07,1900-01-01 03:36:00,3.0,ST003,Indiranagar Bike Station,12.978599,77.640861,66.0,64.0,76.0,86.84,15.1,Normal,Scooter
925,2025-03-07,1900-01-01 11:02:00,11.0,ST007,Hebbal Bike Station,13.035489,77.597911,36.0,58.0,94.0,38.3,7.2,Normal,EV Bike
267,2025-03-07,1900-01-01 18:49:00,18.0,ST012,Rajajinagar Bike Station,12.997322,77.555334,63.0,24.0,49.0,100.0,10.2,Peak,Scooter
960,2025-03-07,1900-01-01 20:21:00,20.0,ST007,Hebbal Bike Station,13.036047,77.5956,81.0,77.0,114.0,71.05,18.1,Peak,EV Bike
296,2025-03-08,1900-01-01 04:36:00,4.0,ST007,Hebbal Bike Station,13.035293,77.596613,37.0,38.0,71.0,52.11,29.5,Normal,EV Bike
811,2025-03-08,1900-01-01 16:57:00,16.0,ST004,Whitefield Bike Station,12.968741,77.750084,65.0,54.0,78.0,83.33,10.8,Normal,EV Bike
851,2025-03-09,1900-01-01 02:21:00,2.0,ST011,BTM Layout Bike Station,12.915809,77.609832,19.0,75.0,88.0,21.59,13.8,Normal,EV Bike
795,2025-03-09,1900-01-01 05:48:00,5.0,ST013,Malleshwaram Bike Station,13.004154,77.572029,34.0,36.0,68.0,50.0,22.5,Normal,Scooter
527,2025-03-09,1900-01-01 15:39:00,15.0,ST008,Marathahalli Bike Station,12.958042,77.698598,43.0,76.0,116.0,37.07,43.0,Normal,EV Bike
603,2025-03-09,1900-01-01 21:10:00,21.0,ST012,Rajajinagar Bike Station,12.998185,77.552914,44.0,58.0,103.0,42.72,19.9,Normal,EV Bike
999,2025-03-10,1900-01-01 13:05:00,13.0,ST007,Hebbal Bike Station,13.03725,77.596219,39.0,52.0,101.0,38.61,28.1,Normal,EV Bike
476,2025-03-11,1900-01-01 02:29:00,2.0,ST001,MG Road Bike Station,12.97467,77.607054,33.0,57.0,83.0,39.76,25.4,Normal,Scooter
912,2025-03-11,1900-01-01 09:56:00,9.0,ST008,Marathahalli Bike Station,12.959794,77.697173,59.0,58.0,88.0,67.05,20.3,Peak,EV Bike
201,2025-03-11,1900-01-01 13:19:00,13.0,ST005,Electronic City Bike Station,12.846711,77.660207,19.0,40.0,67.0,28.36,38.5,Normal,Scooter
504,2025-03-11,1900-01-01 14:25:00,14.0,ST010,Jayanagar Bike Station,12.925839,77.594429,34.0,32.0,82.0,41.46,20.5,Normal,Scooter
572,2025-03-11,1900-01-01 19:20:00,19.0,ST015,JP Nagar Bike Station,12.908277,77.584448,39.0,51.0,91.0,42.86,29.7,Peak,EV Bike
930,2025-03-12,1900-01-01 20:56:00,20.0,ST007,Hebbal Bike Station,13.037209,77.596351,48.0,16.0,29.0,100.0,37.0,Peak,EV Bike
10,2025-03-13,1900-01-01 02:46:00,2.0,ST015,JP Nagar Bike Station,12.907425,77.583679,19.0,44.0,75.0,25.33,27.0,Normal,Scooter
609,2025-03-13,1900-01-01 04:46:00,4.0,ST007,Hebbal Bike Station,13.036436,77.598122,18.0,27.0,46.0,39.13,9.4,Normal,EV Bike
570,2025-03-13,1900-01-01 15:39:00,15.0,ST006,Yelahanka Bike Station,13.10015,77.595045,12.0,37.0,83.0,14.46,12.8,Normal,EV Bike
668,2025-03-14,1900-01-01 02:32:00,2.0,ST013,Malleshwaram Bike Station,13.002398,77.57055,33.0,72.0,107.0,30.84,20.2,Normal,EV Bike
737,2025-03-14,1900-01-01 06:05:00,6.0,ST013,Malleshwaram Bike Station,13.004581,77.571812,29.0,38.0,67.0,43.28,35.8,Normal,EV Bike
937,2025-03-14,1900-01-01 18:58:00,18.0,ST006,Yelahanka Bike Station,13.100693,77.596437,75.0,46.0,62.0,100.0,34.7,Peak,Scooter
526,2025-03-14,1900-01-01 19:41:00,19.0,ST014,Banashankari Bike Station,12.924451,77.546207,104.0,20.0,41.0,100.0,37.2,Peak,EV Bike
926,2025-03-15,1900-01-01 19:00:00,19.0,ST004,Whitefield Bike Station,12.968844,77.751197,82.0,53.0,70.0,100.0,40.6,Peak,EV Bike
424,2025-03-16,1900-01-01 02:13:00,2.0,ST015,JP Nagar Bike Station,12.906459,77.585856,69.0,12.0,38.0,100.0,18.4,Normal,Scooter
753,2025-03-16,1900-01-01 17:06:00,17.0,ST003,Indiranagar Bike Station,12.978153,77.639645,108.0,64.0,86.0,100.0,27.2,Peak,Scooter
148,2025-03-16,1900-01-01 20:29:00,20.0,ST012,Rajajinagar Bike Station,12.99797,77.555248,27.0,68.0,95.0,28.42,26.2,Peak,Scooter
673,2025-03-17,1900-01-01 00:22:00,0.0,ST002,Koramangala Bike Station,12.935752,77.623636,22.0,51.0,100.0,22.0,22.0,Normal,Scooter
170,2025-03-17,1900-01-01 02:41:00,2.0,ST001,MG Road Bike Station,12.975436,77.607586,35.0,21.0,40.0,87.5,16.2,Normal,Scooter
773,2025-03-17,1900-01-01 06:11:00,6.0,ST007,Hebbal Bike Station,13.036141,77.596147,29.0,38.0,54.0,53.7,16.6,Normal,EV Bike
452,2025-03-17,1900-01-01 15:02:00,15.0,ST011,BTM Layout Bike Station,12.917484,77.610792,40.0,63.0,89.0,44.94,12.9,Normal,EV Bike
238,2025-03-18,1900-01-01 10:33:00,10.0,ST005,Electronic City Bike Station,12.84498,77.660806,95.0,54.0,70.0,100.0,26.1,Peak,Scooter
682,2025-03-18,1900-01-01 16:41:00,16.0,ST015,JP Nagar Bike Station,12.906975,77.584924,59.0,41.0,52.0,100.0,24.6,Normal,Scooter
472,2025-03-18,1900-01-01 19:41:00,19.0,ST009,HSR Layout Bike Station,12.912349,77.640241,73.0,24.0,36.0,100.0,30.0,Peak,Scooter
494,2025-03-19,1900-01-01 05:06:00,5.0,ST006,Yelahanka Bike Station,13.101057,77.595243,45.0,36.0,85.0,52.94,20.7,Normal,EV Bike
50,2025-03-19,1900-01-01 07:53:00,7.0,ST012,Rajajinagar Bike Station,12.997037,77.553995,61.0,51.0,72.0,84.72,40.6,Normal,EV Bike
873,2025-03-19,1900-01-01 16:12:00,16.0,ST007,Hebbal Bike Station,13.035389,77.595827,35.0,20.0,59.0,59.32,44.6,Normal,EV Bike
931,2025-03-19,1900-01-01 21:32:00,21.0,ST010,Jayanagar Bike Station,12.925264,77.592595,29.0,5.0,16.0,100.0,30.4,Normal,EV Bike
6,2025-03-20,1900-01-01 01:10:00,1.0,ST010,Jayanagar Bike Station,12.923697,77.592752,37.0,28.0,55.0,67.27,32.4,Normal,Scooter
893,2025-03-20,1900-01-01 09:00:00,9.0,ST001,MG Road Bike Station,12.975255,77.606958,111.0,74.0,110.0,100.0,34.4,Peak,EV Bike
189,2025-03-20,1900-01-01 11:14:00,11.0,ST006,Yelahanka Bike Station,13.101767,77.594831,63.0,36.0,62.0,100.0,13.5,Normal,EV Bike
725,2025-03-20,1900-01-01 20:25:00,20.0,ST010,Jayanagar Bike Station,12.925472,77.592357,109.0,64.0,102.0,100.0,18.7,Peak,EV Bike
713,2025-03-21,1900-01-01 08:17:00,8.0,ST013,Malleshwaram Bike Station,13.004865,77.570147,68.0,13.0,61.0,100.0,15.2,Peak,Scooter
911,2025-03-22,1900-01-01 03:42:00,3.0,ST009,HSR Layout Bike Station,12.911548,77.63775,52.0,59.0,91.0,57.14,14.1,Normal,EV Bike
817,2025-03-22,1900-01-01 03:58:00,3.0,ST011,BTM Layout Bike Station,12.916368,77.609626,67.0,59.0,103.0,65.05,24.2,Normal,Scooter
169,2025-03-22,1900-01-01 04:51:00,4.0,ST008,Marathahalli Bike Station,12.958895,77.696689,66.0,53.0,68.0,97.06,13.1,Normal,EV Bike
218,2025-03-22,1900-01-01 15:01:00,15.0,ST004,Whitefield Bike Station,12.970213,77.748541,65.0,14.0,51.0,100.0,18.8,Normal,EV Bike
731,2025-03-22,1900-01-01 18:18:00,18.0,ST001,MG Road Bike Station,12.976562,77.607455,117.0,34.0,81.0,100.0,33.9,Peak,EV Bike
45,2025-03-22,1900-01-01 22:32:00,22.0,ST013,Malleshwaram Bike Station,13.003133,77.570683,68.0,23.0,33.0,100.0,38.0,Normal,EV Bike
569,2025-03-23,1900-01-01 07:08:00,7.0,ST012,Rajajinagar Bike Station,12.999211,77.553566,58.0,51.0,83.0,69.88,37.3,Normal,EV Bike
450,2025-03-23,1900-01-01 09:30:00,9.0,ST013,Malleshwaram Bike Station,13.004431,77.570153,52.0,32.0,63.0,82.54,15.0,Peak,Scooter
403,2025-03-23,1900-01-01 12:56:00,12.0,ST013,Malleshwaram Bike Station,13.004548,77.569204,46.0,13.0,28.0,100.0,42.7,Normal,Scooter
524,2025-03-25,1900-01-01 10:06:00,10.0,ST015,JP Nagar Bike Station,12.907237,77.586377,37.0,71.0,115.0,32.17,18.7,Peak,Scooter
343,2025-03-26,1900-01-01 21:46:00,21.0,ST013,Malleshwaram Bike Station,13.004964,77.570287,11.0,17.0,36.0,30.56,40.3,Normal,Scooter
131,2025-03-27,1900-01-01 06:14:00,6.0,ST012,Rajajinagar Bike Station,12.997071,77.5544,56.0,18.0,53.0,100.0,34.1,Normal,EV Bike
991,2025-03-27,1900-01-01 09:12:00,9.0,ST001,MG Road Bike Station,12.975515,77.606032,34.0,21.0,50.0,68.0,27.8,Peak,EV Bike
747,2025-03-27,1900-01-01 18:12:00,18.0,ST005,Electronic City Bike Station,12.846939,77.659623,104.0,6.0,56.0,100.0,23.5,Peak,Scooter
929,2025-03-28,1900-01-01 04:46:00,4.0,ST011,BTM Layout Bike Station,12.915941,77.610408,23.0,62.0,102.0,22.55,25.6,Normal,EV Bike
547,2025-03-28,1900-01-01 05:03:00,5.0,ST014,Banashankari Bike Station,12.92479,77.545721,42.0,68.0,83.0,50.6,38.2,Normal,Scooter
871,2025-03-28,1900-01-01 09:53:00,9.0,ST008,Marathahalli Bike Station,12.96023,77.697958,55.0,40.0,84.0,65.48,38.6,Peak,EV Bike
39,2025-03-29,1900-01-01 08:42:00,8.0,ST001,MG Road Bike Station,12.974479,77.607266,111.0,25.0,68.0,100.0,26.2,Peak,EV Bike
649,2025-03-30,1900-01-01 08:54:00,8.0,ST008,Marathahalli Bike Station,12.960027,77.697998,82.0,58.0,92.0,89.13,17.2,Peak,EV Bike
427,2025-03-30,1900-01-01 13:32:00,13.0,ST005,Electronic City Bike Station,12.844355,77.661076,42.0,13.0,36.0,100.0,32.6,Normal,Scooter
738,2025-03-31,1900-01-01 00:46:00,0.0,ST011,BTM Layout Bike Station,12.916867,77.608653,15.0,5.0,15.0,100.0,26.1,Normal,Scooter
772,2025-03-31,1900-01-01 08:24:00,8.0,ST001,MG Road Bike Station,12.976259,77.605619,88.0,35.0,52.0,100.0,9.1,Peak,Scooter
559,2025-03-31,1900-01-01 18:18:00,18.0,ST006,Yelahanka Bike Station,13.101865,77.596879,64.0,5.0,36.0,100.0,41.7,Peak,EV Bike
204,2025-03-31,1900-01-01 21:41:00,21.0,ST004,Whitefield Bike Station,12.969198,77.751384,47.0,54.0,89.0,52.81,26.4,Normal,Scooter
278,2025-04-01,1900-01-01 00:39:00,0.0,ST004,Whitefield Bike Station,12.971233,77.751326,43.0,42.0,78.0,55.13,32.4,Normal,EV Bike
678,2025-04-01,1900-01-01 07:58:00,7.0,ST007,Hebbal Bike Station,13.036155,77.597679,52.0,55.0,76.0,68.42,21.2,Normal,EV Bike
83,2025-04-01,1900-01-01 14:00:00,14.0,ST012,Rajajinagar Bike Station,12.999659,77.553699,41.0,19.0,44.0,93.18,20.1,Normal,Scooter
85,2025-04-02,1900-01-01 10:56:00,10.0,ST012,Rajajinagar Bike Station,12.997921,77.554441,32.0,80.0,97.0,32.99,43.0,Peak,Scooter
987,2025-04-02,1900-01-01 18:45:00,18.0,ST002,Koramangala Bike Station,12.93621,77.624648,126.0,9.0,49.0,100.0,39.4,Peak,Scooter
288,2025-04-03,1900-01-01 04:43:00,4.0,ST006,Yelahanka Bike Station,13.101245,77.596089,48.0,52.0,90.0,53.33,7.1,Normal,Scooter
722,2025-04-03,1900-01-01 15:10:00,15.0,ST003,Indiranagar Bike Station,12.979846,77.641631,15.0,55.0,65.0,23.08,11.5,Normal,EV Bike
321,2025-04-05,1900-01-01 02:19:00,2.0,ST005,Electronic City Bike Station,12.844292,77.660087,54.0,70.0,111.0,48.65,6.7,Normal,Scooter
390,2025-04-05,1900-01-01 04:50:00,4.0,ST002,Koramangala Bike Station,12.935774,77.623905,45.0,19.0,69.0,65.22,7.2,Normal,Scooter
103,2025-04-06,1900-01-01 14:06:00,14.0,ST009,HSR Layout Bike Station,12.910433,77.638844,37.0,6.0,56.0,66.07,5.7,Normal,Scooter
230,2025-04-06,1900-01-01 22:18:00,22.0,ST002,Koramangala Bike Station,12.936101,77.625526,65.0,53.0,65.0,100.0,8.0,Normal,EV Bike
486,2025-04-07,1900-01-01 00:17:00,0.0,ST009,HSR Layout Bike Station,12.912451,77.638528,29.0,55.0,66.0,43.94,12.4,Normal,Scooter
848,2025-04-07,1900-01-01 00:52:00,0.0,ST014,Banashankari Bike Station,12.924328,77.546626,12.0,50.0,63.0,19.05,19.0,Normal,Scooter
566,2025-04-07,1900-01-01 04:30:00,4.0,ST005,Electronic City Bike Station,12.846756,77.661456,44.0,34.0,67.0,65.67,19.5,Normal,EV Bike
561,2025-04-07,1900-01-01 11:39:00,11.0,ST013,Malleshwaram Bike Station,13.004205,77.571623,57.0,49.0,67.0,85.07,9.9,Normal,EV Bike
24,2025-04-07,1900-01-01 17:37:00,17.0,ST001,MG Road Bike Station,12.974415,77.606683,126.0,70.0,94.0,100.0,5.5,Peak,EV Bike
830,2025-04-07,1900-01-01 22:48:00,22.0,ST005,Electronic City Bike Station,12.844979,77.659598,45.0,67.0,110.0,40.91,41.5,Normal,Scooter
203,2025-04-08,1900-01-01 08:18:00,8.0,ST015,JP Nagar Bike Station,12.907,77.583684,59.0,47.0,58.0,100.0,29.4,Peak,EV Bike
798,2025-04-09,1900-01-01 21:28:00,21.0,ST009,HSR Layout Bike Station,12.910397,77.639399,61.0,69.0,80.0,76.25,31.0,Normal,Scooter
23,2025-04-09,1900-01-01 22:13:00,22.0,ST012,Rajajinagar Bike Station,12.999347,77.554818,20.0,27.0,74.0,27.03,12.7,Normal,EV Bike
802,2025-04-09,1900-01-01 22:52:00,22.0,ST004,Whitefield Bike Station,12.970127,77.749099,14.0,70.0,101.0,13.86,42.0,Normal,EV Bike
64,2025-04-10,1900-01-01 16:30:00,16.0,ST003,Indiranagar Bike Station,12.97817,77.640441,15.0,54.0,73.0,20.55,37.8,Normal,Scooter
1,2025-04-10,1900-01-01 18:24:00,18.0,ST010,Jayanagar Bike Station,12.923646,77.593811,124.0,50.0,89.0,100.0,29.1,Peak,Scooter
413,2025-04-10,1900-01-01 20:33:00,20.0,ST014,Banashankari Bike Station,12.926373,77.546543,77.0,15.0,46.0,100.0,23.2,Peak,Scooter
112,2025-04-11,1900-01-01 03:03:00,3.0,ST003,Indiranagar Bike Station,12.978415,77.64128,45.0,62.0,72.0,62.5,9.4,Normal,Scooter
963,2025-04-11,1900-01-01 16:23:00,16.0,ST015,JP Nagar Bike Station,12.907645,77.583828,65.0,79.0,97.0,67.01,39.6,Normal,EV Bike
838,2025-04-11,1900-01-01 19:31:00,19.0,ST004,Whitefield Bike Station,12.969647,77.750048,115.0,74.0,114.0,100.0,43.4,Peak,EV Bike
890,2025-04-12,1900-01-01 04:22:00,4.0,ST011,BTM Layout Bike Station,12.915667,77.6112,15.0,37.0,49.0,30.61,19.9,Normal,Scooter
60,2025-04-12,1900-01-01 05:15:00,5.0,ST007,Hebbal Bike Station,13.034778,77.595756,11.0,33.0,74.0,14.86,36.7,Normal,Scooter
129,2025-04-12,1900-01-01 21:46:00,21.0,ST002,Koramangala Bike Station,12.933897,77.623118,56.0,68.0,113.0,49.56,22.8,Normal,Scooter
62,2025-04-13,1900-01-01 23:27:00,23.0,ST002,Koramangala Bike Station,12.936203,77.625166,51.0,40.0,52.0,98.08,12.3,Normal,EV Bike
709,2025-04-14,1900-01-01 17:15:00,17.0,ST005,Electronic City Bike Station,12.846667,77.661583,55.0,5.0,26.0,100.0,36.9,Peak,EV Bike
498,2025-04-15,1900-01-01 12:26:00,12.0,ST014,Banashankari Bike Station,12.924252,77.546299,10.0,37.0,84.0,11.9,5.4,Normal,Scooter
654,2025-04-15,1900-01-01 13:05:00,13.0,ST008,Marathahalli Bike Station,12.957928,77.695978,27.0,14.0,50.0,54.0,34.3,Normal,Scooter
285,2025-04-16,1900-01-01 16:26:00,16.0,ST015,JP Nagar Bike Station,12.907609,77.586088,17.0,36.0,74.0,22.97,26.7,Normal,EV Bike
764,2025-04-17,1900-01-01 01:10:00,1.0,ST005,Electronic City Bike Station,12.844898,77.659062,27.0,54.0,76.0,35.53,8.4,Normal,Scooter
364,2025-04-17,1900-01-01 22:57:00,22.0,ST011,BTM Layout Bike Station,12.91552,77.609592,70.0,58.0,69.0,100.0,23.6,Normal,Scooter
353,2025-04-18,1900-01-01 09:50:00,9.0,ST002,Koramangala Bike Station,12.934694,77.625085,34.0,8.0,45.0,75.56,35.7,Peak,Scooter
955,2025-04-18,1900-01-01 11:29:00,11.0,ST012,Rajajinagar Bike Station,12.997026,77.554653,39.0,39.0,72.0,54.17,31.0,Normal,Scooter
519,2025-04-18,1900-01-01 18:49:00,18.0,ST014,Banashankari Bike Station,12.924522,77.545488,23.0,66.0,105.0,21.9,20.2,Peak,EV Bike
768,2025-04-19,1900-01-01 05:35:00,5.0,ST008,Marathahalli Bike Station,12.957862,77.696776,70.0,59.0,90.0,77.78,35.3,Normal,EV Bike
46,2025-04-19,1900-01-01 15:12:00,15.0,ST005,Electronic City Bike Station,12.844476,77.659041,41.0,78.0,101.0,40.59,41.0,Normal,Scooter
688,2025-04-20,1900-01-01 03:46:00,3.0,ST013,Malleshwaram Bike Station,13.004471,77.571662,36.0,34.0,84.0,42.86,30.9,Normal,EV Bike
431,2025-04-20,1900-01-01 04:04:00,4.0,ST003,Indiranagar Bike Station,12.977331,77.640899,52.0,79.0,129.0,40.31,37.2,Normal,EV Bike
863,2025-04-20,1900-01-01 18:23:00,18.0,ST012,Rajajinagar Bike Station,12.997138,77.554857,106.0,66.0,114.0,92.98,22.7,Peak,EV Bike
240,2025-04-21,1900-01-01 15:04:00,15.0,ST015,JP Nagar Bike Station,12.907017,77.583509,54.0,65.0,91.0,59.34,24.9,Normal,Scooter
409,2025-04-22,1900-01-01 09:45:00,9.0,ST012,Rajajinagar Bike Station,12.997553,77.554521,104.0,53.0,69.0,100.0,22.3,Peak,Scooter
188,2025-04-22,1900-01-01 11:44:00,11.0,ST008,Marathahalli Bike Station,12.960439,77.696274,33.0,75.0,96.0,34.38,40.7,Normal,Scooter
305,2025-04-23,1900-01-01 21:50:00,21.0,ST005,Electronic City Bike Station,12.844573,77.659494,64.0,80.0,101.0,63.37,38.3,Normal,Scooter
574,2025-04-24,1900-01-01 01:29:00,1.0,ST005,Electronic City Bike Station,12.846515,77.660216,19.0,41.0,61.0,31.15,26.6,Normal,Scooter
91,2025-04-24,1900-01-01 01:58:00,1.0,ST001,MG Road Bike Station,12.974856,77.606867,25.0,40.0,81.0,30.86,40.4,Normal,Scooter
691,2025-04-24,1900-01-01 12:34:00,12.0,ST002,Koramangala Bike Station,12.934816,77.623246,10.0,75.0,85.0,11.76,21.1,Normal,EV Bike
658,2025-04-24,1900-01-01 13:01:00,13.0,ST008,Marathahalli Bike Station,12.958178,77.698724,48.0,73.0,84.0,57.14,11.6,Normal,Scooter
767,2025-04-24,1900-01-01 13:39:00,13.0,ST003,Indiranagar Bike Station,12.979726,77.640121,47.0,42.0,66.0,71.21,38.8,Normal,Scooter
986,2025-04-24,1900-01-01 14:24:00,14.0,ST002,Koramangala Bike Station,12.936182,77.625029,14.0,60.0,84.0,16.67,36.1,Normal,Scooter
717,2025-04-24,1900-01-01 15:53:00,15.0,ST005,Electronic City Bike Station,12.845573,77.660187,56.0,13.0,35.0,100.0,22.5,Normal,EV Bike
785,2025-04-24,1900-01-01 16:50:00,16.0,ST014,Banashankari Bike Station,12.924447,77.548111,39.0,13.0,45.0,86.67,32.0,Normal,Scooter
535,2025-04-24,1900-01-01 22:06:00,22.0,ST002,Koramangala Bike Station,12.934452,77.624926,11.0,39.0,80.0,13.75,22.6,Normal,Scooter
292,2025-04-24,1900-01-01 22:20:00,22.0,ST001,MG Road Bike Station,12.976907,77.607834,45.0,80.0,111.0,40.54,31.6,Normal,Scooter
199,2025-04-26,1900-01-01 13:12:00,13.0,ST005,Electronic City Bike Station,12.846879,77.660346,65.0,63.0,97.0,67.01,41.2,Normal,EV Bike
87,2025-04-26,1900-01-01 15:32:00,15.0,ST010,Jayanagar Bike Station,12.924857,77.594431,26.0,39.0,69.0,37.68,43.6,Normal,Scooter
202,2025-04-26,1900-01-01 16:13:00,16.0,ST006,Yelahanka Bike Station,13.099327,77.596193,38.0,38.0,82.0,46.34,27.4,Normal,EV Bike
883,2025-04-26,1900-01-01 21:07:00,21.0,ST006,Yelahanka Bike Station,13.101205,77.597472,39.0,47.0,88.0,44.32,42.9,Normal,Scooter
774,2025-04-28,1900-01-01 02:04:00,2.0,ST012,Rajajinagar Bike Station,12.998174,77.55364,42.0,76.0,112.0,37.5,10.3,Normal,Scooter
117,2025-04-28,1900-01-01 11:11:00,11.0,ST011,BTM Layout Bike Station,12.917179,77.609995,30.0,7.0,36.0,83.33,44.9,Normal,EV Bike
465,2025-04-28,1900-01-01 12:11:00,12.0,ST006,Yelahanka Bike Station,13.100321,77.597558,66.0,78.0,119.0,55.46,12.3,Normal,Scooter
488,2025-04-28,1900-01-01 12:20:00,12.0,ST011,BTM Layout Bike Station,12.916315,77.611571,42.0,78.0,125.0,33.6,26.7,Normal,EV Bike
719,2025-04-28,1900-01-01 15:50:00,15.0,ST005,Electronic City Bike Station,12.844452,77.660649,34.0,39.0,73.0,46.58,28.6,Normal,Scooter
38,2025-04-30,1900-01-01 18:23:00,18.0,ST009,HSR Layout Bike Station,12.912389,77.640135,75.0,58.0,94.0,79.79,7.2,Peak,EV Bike
27,2025-05-01,1900-01-01 05:39:00,5.0,ST005,Electronic City Bike Station,12.845237,77.66119,56.0,54.0,99.0,56.57,40.1,Normal,Scooter
487,2025-05-01,1900-01-01 13:26:00,13.0,ST012,Rajajinagar Bike Station,12.99771,77.552908,14.0,74.0,101.0,13.86,9.6,Normal,EV Bike
875,2025-05-02,1900-01-01 16:02:00,16.0,ST014,Banashankari Bike Station,12.926819,77.546563,50.0,53.0,80.0,62.5,37.9,Normal,Scooter
952,2025-05-02,1900-01-01 17:55:00,17.0,ST011,BTM Layout Bike Station,12.916604,77.611472,79.0,50.0,69.0,100.0,12.5,Peak,EV Bike
953,2025-05-03,1900-01-01 07:26:00,7.0,ST014,Banashankari Bike Station,12.924378,77.545321,10.0,35.0,79.0,12.66,24.9,Normal,Scooter
295,2025-05-04,1900-01-01 07:51:00,7.0,ST013,Malleshwaram Bike Station,13.003799,77.571126,26.0,70.0,87.0,29.89,31.7,Normal,Scooter
671,2025-05-04,1900-01-01 21:14:00,21.0,ST010,Jayanagar Bike Station,12.925444,77.595039,21.0,8.0,43.0,48.84,7.9,Normal,Scooter
439,2025-05-05,1900-01-01 08:46:00,8.0,ST012,Rajajinagar Bike Station,12.997139,77.555048,61.0,10.0,47.0,100.0,20.7,Peak,EV Bike
748,2025-05-06,1900-01-01 19:17:00,19.0,ST007,Hebbal Bike Station,13.035612,77.595609,48.0,16.0,43.0,100.0,9.4,Peak,EV Bike
291,2025-05-07,1900-01-01 05:10:00,5.0,ST015,JP Nagar Bike Station,12.908262,77.586003,40.0,26.0,50.0,80.0,25.1,Normal,Scooter
599,2025-05-08,1900-01-01 09:12:00,9.0,ST002,Koramangala Bike Station,12.934407,77.62489,97.0,53.0,95.0,100.0,5.1,Peak,EV Bike
338,2025-05-08,1900-01-01 11:52:00,11.0,ST011,BTM Layout Bike Station,12.917168,77.610068,54.0,59.0,76.0,71.05,16.1,Normal,EV Bike
429,2025-05-08,1900-01-01 15:54:00,15.0,ST014,Banashankari Bike Station,12.925757,77.547337,59.0,17.0,57.0,100.0,29.8,Normal,Scooter
846,2025-05-08,1900-01-01 22:07:00,22.0,ST011,BTM Layout Bike Station,12.918028,77.610949,29.0,53.0,79.0,36.71,41.5,Normal,EV Bike
383,2025-05-08,1900-01-01 23:12:00,23.0,ST008,Marathahalli Bike Station,12.958038,77.697523,27.0,54.0,65.0,41.54,38.7,Normal,EV Bike
984,2025-05-09,1900-01-01 01:39:00,1.0,ST002,Koramangala Bike Station,12.936117,77.624067,49.0,49.0,97.0,50.52,44.3,Normal,Scooter
866,2025-05-11,1900-01-01 01:15:00,1.0,ST013,Malleshwaram Bike Station,13.00269,77.571576,59.0,77.0,112.0,52.68,34.6,Normal,Scooter
66,2025-05-11,1900-01-01 17:57:00,17.0,ST011,BTM Layout Bike Station,12.917226,77.609146,82.0,75.0,114.0,71.93,31.8,Peak,EV Bike
592,2025-05-12,1900-01-01 03:55:00,3.0,ST014,Banashankari Bike Station,12.926005,77.545949,48.0,63.0,76.0,63.16,41.6,Normal,EV Bike
596,2025-05-12,1900-01-01 06:02:00,6.0,ST009,HSR Layout Bike Station,12.911169,77.640065,52.0,36.0,72.0,72.22,33.2,Normal,EV Bike
824,2025-05-12,1900-01-01 07:10:00,7.0,ST004,Whitefield Bike Station,12.971074,77.750046,33.0,46.0,63.0,52.38,25.0,Normal,EV Bike
328,2025-05-13,1900-01-01 11:14:00,11.0,ST009,HSR Layout Bike Station,12.910584,77.638333,68.0,54.0,69.0,98.55,37.7,Normal,Scooter
370,2025-05-14,1900-01-01 03:00:00,3.0,ST002,Koramangala Bike Station,12.935557,77.625801,28.0,43.0,80.0,35.0,17.6,Normal,Scooter
919,2025-05-14,1900-01-01 21:11:00,21.0,ST001,MG Road Bike Station,12.974354,77.605961,55.0,48.0,63.0,87.3,25.1,Normal,EV Bike
347,2025-05-15,1900-01-01 12:26:00,12.0,ST007,Hebbal Bike Station,13.035296,77.597625,44.0,20.0,46.0,95.65,35.2,Normal,Scooter
430,2025-05-17,1900-01-01 11:42:00,11.0,ST010,Jayanagar Bike Station,12.925668,77.594207,51.0,76.0,117.0,43.59,14.4,Normal,Scooter
803,2025-05-17,1900-01-01 20:18:00,20.0,ST006,Yelahanka Bike Station,13.10051,77.597556,95.0,60.0,81.0,100.0,16.2,Peak,EV Bike
867,2025-05-18,1900-01-01 13:16:00,13.0,ST015,JP Nagar Bike Station,12.908489,77.584114,64.0,70.0,93.0,68.82,19.8,Normal,EV Bike
140,2025-05-18,1900-01-01 19:51:00,19.0,ST008,Marathahalli Bike Station,12.959949,77.696495,21.0,78.0,104.0,20.19,21.5,Peak,EV Bike
246,2025-05-18,1900-01-01 19:55:00,19.0,ST005,Electronic City Bike Station,12.845296,77.659241,27.0,41.0,84.0,32.14,36.5,Peak,EV Bike
243,2025-05-18,1900-01-01 21:27:00,21.0,ST001,MG Road Bike Station,12.975366,77.605854,56.0,53.0,77.0,72.73,27.7,Normal,EV Bike
555,2025-05-19,1900-01-01 00:42:00,0.0,ST003,Indiranagar Bike Station,12.97755,77.641417,63.0,5.0,50.0,100.0,42.9,Normal,Scooter
372,2025-05-19,1900-01-01 05:18:00,5.0,ST001,MG Road Bike Station,12.976108,77.606462,30.0,29.0,66.0,45.45,9.8,Normal,Scooter
507,2025-05-19,1900-01-01 07:56:00,7.0,ST002,Koramangala Bike Station,12.934785,77.625489,26.0,76.0,92.0,28.26,27.6,Normal,Scooter
490,2025-05-19,1900-01-01 09:03:00,9.0,ST006,Yelahanka Bike Station,13.102168,77.594882,27.0,34.0,70.0,38.57,22.5,Peak,Scooter
467,2025-05-19,1900-01-01 13:31:00,13.0,ST014,Banashankari Bike Station,12.925942,77.547263,10.0,59.0,94.0,10.64,41.2,Normal,Scooter
695,2025-05-20,1900-01-01 19:35:00,19.0,ST004,Whitefield Bike Station,12.968868,77.750446,90.0,61.0,110.0,81.82,37.9,Peak,Scooter
97,2025-05-20,1900-01-01 21:29:00,21.0,ST006,Yelahanka Bike Station,13.100707,77.595393,41.0,71.0,97.0,42.27,35.3,Normal,Scooter
580,2025-05-21,1900-01-01 03:26:00,3.0,ST015,JP Nagar Bike Station,12.908287,77.584914,37.0,51.0,64.0,57.81,6.4,Normal,EV Bike
150,2025-05-21,1900-01-01 08:57:00,8.0,ST010,Jayanagar Bike Station,12.926087,77.594291,84.0,78.0,108.0,77.78,5.2,Peak,EV Bike
705,2025-05-21,1900-01-01 10:50:00,10.0,ST010,Jayanagar Bike Station,12.923746,77.593909,82.0,30.0,63.0,100.0,35.3,Peak,Scooter
276,2025-05-21,1900-01-01 15:07:00,15.0,ST009,HSR Layout Bike Station,12.910917,77.638312,11.0,31.0,72.0,15.28,30.6,Normal,Scooter
440,2025-05-21,1900-01-01 15:13:00,15.0,ST010,Jayanagar Bike Station,12.925134,77.593436,57.0,33.0,55.0,100.0,12.5,Normal,EV Bike
252,2025-05-21,1900-01-01 19:07:00,19.0,ST002,Koramangala Bike Station,12.936453,77.624368,27.0,62.0,107.0,25.23,37.4,Peak,EV Bike
565,2025-05-22,1900-01-01 04:04:00,4.0,ST006,Yelahanka Bike Station,13.099624,77.595537,49.0,66.0,106.0,46.23,35.7,Normal,Scooter
627,2025-05-22,1900-01-01 08:53:00,8.0,ST006,Yelahanka Bike Station,13.100992,77.595561,61.0,44.0,58.0,100.0,10.6,Peak,EV Bike
82,2025-05-22,1900-01-01 18:36:00,18.0,ST015,JP Nagar Bike Station,12.907987,77.586141,84.0,57.0,107.0,78.5,29.7,Peak,Scooter
394,2025-05-23,1900-01-01 16:59:00,16.0,ST002,Koramangala Bike Station,12.935035,77.624495,36.0,56.0,91.0,39.56,21.3,Normal,Scooter
407,2025-05-25,1900-01-01 05:56:00,5.0,ST006,Yelahanka Bike Station,13.101619,77.596496,45.0,77.0,122.0,36.89,13.4,Normal,Scooter
144,2025-05-25,1900-01-01 08:23:00,8.0,ST004,Whitefield Bike Station,12.969591,77.749924,115.0,49.0,87.0,100.0,34.2,Peak,Scooter
809,2025-05-25,1900-01-01 17:51:00,17.0,ST013,Malleshwaram Bike Station,13.003552,77.57118,72.0,56.0,76.0,94.74,10.6,Peak,EV Bike
626,2025-05-25,1900-01-01 18:17:00,18.0,ST013,Malleshwaram Bike Station,13.002306,77.570292,34.0,18.0,45.0,75.56,15.3,Peak,Scooter
194,2025-05-26,1900-01-01 14:08:00,14.0,ST006,Yelahanka Bike Station,13.101344,77.594858,51.0,45.0,58.0,87.93,18.5,Normal,EV Bike
195,2025-05-27,1900-01-01 04:54:00,4.0,ST001,MG Road Bike Station,12.976316,77.606227,23.0,42.0,65.0,35.38,29.1,Normal,Scooter
256,2025-05-27,1900-01-01 09:47:00,9.0,ST004,Whitefield Bike Station,12.969139,77.749938,109.0,35.0,45.0,100.0,24.7,Peak,Scooter
995,2025-05-27,1900-01-01 10:55:00,10.0,ST013,Malleshwaram Bike Station,13.003273,77.569844,66.0,74.0,116.0,56.9,6.7,Peak,Scooter
707,2025-05-27,1900-01-01 22:26:00,22.0,ST002,Koramangala Bike Station,12.935824,77.623361,27.0,38.0,60.0,45.0,13.7,Normal,EV Bike
787,2025-05-28,1900-01-01 08:29:00,8.0,ST013,Malleshwaram Bike Station,13.002365,77.569954,86.0,32.0,77.0,100.0,36.2,Peak,EV Bike
647,2025-05-28,1900-01-01 23:00:00,23.0,ST004,Whitefield Bike Station,12.971113,77.750201,14.0,17.0,32.0,43.75,44.2,Normal,EV Bike
694,2025-05-29,1900-01-01 01:03:00,1.0,ST002,Koramangala Bike Station,12.935125,77.62584,69.0,60.0,99.0,69.7,37.8,Normal,Scooter
164,2025-05-29,1900-01-01 02:28:00,2.0,ST007,Hebbal Bike Station,13.036718,77.596987,13.0,34.0,77.0,16.88,41.6,Normal,EV Bike
520,2025-05-29,1900-01-01 08:41:00,8.0,ST005,Electronic City Bike Station,12.845857,77.659908,57.0,29.0,74.0,77.03,21.1,Peak,Scooter
976,2025-05-29,1900-01-01 18:27:00,18.0,ST004,Whitefield Bike Station,12.970622,77.749779,120.0,42.0,82.0,100.0,12.1,Peak,Scooter
233,2025-05-30,1900-01-01 01:04:00,1.0,ST001,MG Road Bike Station,12.976161,77.608037,31.0,60.0,85.0,36.47,19.4,Normal,EV Bike
303,2025-05-30,1900-01-01 09:12:00,9.0,ST014,Banashankari Bike Station,12.926844,77.546643,104.0,15.0,34.0,100.0,15.5,Peak,Scooter
771,2025-05-30,1900-01-01 09:21:00,9.0,ST008,Marathahalli Bike Station,12.9597,77.697799,37.0,25.0,67.0,55.22,36.2,Peak,Scooter
397,2025-05-30,1900-01-01 11:23:00,11.0,ST010,Jayanagar Bike Station,12.925681,77.592816,48.0,55.0,102.0,47.06,41.2,Normal,EV Bike
483,2025-05-30,1900-01-01 20:21:00,20.0,ST001,MG Road Bike Station,12.974895,77.606473,113.0,41.0,71.0,100.0,39.5,Peak,EV Bike
149,2025-06-01,1900-01-01 00:41:00,0.0,ST004,Whitefield Bike Station,12.971157,77.74881,29.0,36.0,79.0,36.71,25.4,Normal,Scooter
53,2025-06-03,1900-01-01 07:36:00,7.0,ST007,Hebbal Bike Station,13.03683,77.596108,27.0,32.0,53.0,50.94,43.5,Normal,Scooter
653,2025-06-03,1900-01-01 09:42:00,9.0,ST014,Banashankari Bike Station,12.926907,77.547758,102.0,22.0,35.0,100.0,23.2,Peak,EV Bike
369,2025-06-04,1900-01-01 06:19:00,6.0,ST012,Rajajinagar Bike Station,12.997936,77.553748,47.0,55.0,88.0,53.41,30.7,Normal,Scooter
624,2025-06-04,1900-01-01 12:46:00,12.0,ST005,Electronic City Bike Station,12.844199,77.659239,59.0,75.0,94.0,62.77,24.0,Normal,EV Bike
584,2025-06-04,1900-01-01 22:20:00,22.0,ST006,Yelahanka Bike Station,13.099897,77.594853,25.0,52.0,101.0,24.75,17.5,Normal,EV Bike
558,2025-06-05,1900-01-01 16:13:00,16.0,ST013,Malleshwaram Bike Station,13.003564,77.569688,18.0,80.0,120.0,15.0,8.4,Normal,Scooter
232,2025-06-05,1900-01-01 21:14:00,21.0,ST003,Indiranagar Bike Station,12.979471,77.640325,31.0,30.0,73.0,42.47,44.5,Normal,Scooter
989,2025-06-06,1900-01-01 11:11:00,11.0,ST011,BTM Layout Bike Station,12.916156,77.608924,16.0,71.0,121.0,13.22,22.7,Normal,Scooter
158,2025-06-06,1900-01-01 13:06:00,13.0,ST015,JP Nagar Bike Station,12.907547,77.584632,50.0,11.0,30.0,100.0,14.6,Normal,EV Bike
237,2025-06-07,1900-01-01 00:39:00,0.0,ST010,Jayanagar Bike Station,12.925202,77.593534,44.0,10.0,60.0,73.33,29.7,Normal,EV Bike
523,2025-06-07,1900-01-01 04:59:00,4.0,ST011,BTM Layout Bike Station,12.916494,77.609739,64.0,24.0,54.0,100.0,34.3,Normal,Scooter
57,2025-06-07,1900-01-01 18:23:00,18.0,ST002,Koramangala Bike Station,12.933754,77.623663,48.0,24.0,56.0,85.71,33.1,Peak,EV Bike
306,2025-06-08,1900-01-01 04:42:00,4.0,ST014,Banashankari Bike Station,12.926804,77.547828,33.0,67.0,113.0,29.2,24.8,Normal,EV Bike
538,2025-06-08,1900-01-01 19:06:00,19.0,ST012,Rajajinagar Bike Station,12.998576,77.554472,28.0,38.0,57.0,49.12,27.6,Peak,EV Bike
604,2025-06-08,1900-01-01 22:25:00,22.0,ST007,Hebbal Bike Station,13.035817,77.596113,33.0,22.0,65.0,50.77,12.7,Normal,EV Bike
274,2025-06-09,1900-01-01 07:30:00,7.0,ST002,Koramangala Bike Station,12.935834,77.625163,39.0,12.0,62.0,62.9,29.2,Normal,Scooter
30,2025-06-09,1900-01-01 17:56:00,17.0,ST004,Whitefield Bike Station,12.968685,77.750278,46.0,9.0,43.0,100.0,31.5,Peak,Scooter
55,2025-06-10,1900-01-01 20:19:00,20.0,ST011,BTM Layout Bike Station,12.916111,77.609037,50.0,52.0,98.0,51.02,31.9,Peak,EV Bike
746,2025-06-11,1900-01-01 20:58:00,20.0,ST011,BTM Layout Bike Station,12.915454,77.609033,104.0,72.0,108.0,96.3,6.0,Peak,EV Bike
605,2025-06-12,1900-01-01 03:35:00,3.0,ST006,Yelahanka Bike Station,13.101439,77.595966,33.0,63.0,111.0,29.73,28.6,Normal,Scooter
549,2025-06-12,1900-01-01 05:50:00,5.0,ST010,Jayanagar Bike Station,12.924654,77.595255,17.0,36.0,55.0,30.91,7.0,Normal,Scooter
234,2025-06-12,1900-01-01 11:28:00,11.0,ST015,JP Nagar Bike Station,12.907608,77.583661,62.0,30.0,55.0,100.0,32.5,Normal,EV Bike
384,2025-06-13,1900-01-01 06:32:00,6.0,ST007,Hebbal Bike Station,13.037174,77.597773,18.0,71.0,99.0,18.18,35.7,Normal,EV Bike
118,2025-06-13,1900-01-01 13:20:00,13.0,ST002,Koramangala Bike Station,12.935377,77.623891,44.0,55.0,83.0,53.01,23.6,Normal,Scooter
896,2025-06-13,1900-01-01 22:05:00,22.0,ST006,Yelahanka Bike Station,13.102066,77.595769,33.0,21.0,68.0,48.53,14.3,Normal,Scooter
466,2025-06-15,1900-01-01 07:51:00,7.0,ST005,Electronic City Bike Station,12.845394,77.658949,35.0,14.0,38.0,92.11,25.9,Normal,EV Bike
500,2025-06-15,1900-01-01 14:17:00,14.0,ST006,Yelahanka Bike Station,13.1007,77.596428,61.0,67.0,98.0,62.24,16.3,Normal,Scooter
217,2025-06-15,1900-01-01 14:38:00,14.0,ST003,Indiranagar Bike Station,12.979807,77.639522,64.0,9.0,53.0,100.0,38.5,Normal,EV Bike
639,2025-06-16,1900-01-01 00:31:00,0.0,ST009,HSR Layout Bike Station,12.910903,77.640313,34.0,77.0,104.0,32.69,41.0,Normal,EV Bike
146,2025-06-16,1900-01-01 07:59:00,7.0,ST010,Jayanagar Bike Station,12.924325,77.592783,68.0,37.0,73.0,93.15,5.0,Normal,Scooter
253,2025-06-16,1900-01-01 20:45:00,20.0,ST005,Electronic City Bike Station,12.845763,77.660097,100.0,33.0,74.0,100.0,40.8,Peak,Scooter
954,2025-06-17,1900-01-01 03:03:00,3.0,ST006,Yelahanka Bike Station,13.099659,77.597638,70.0,49.0,79.0,88.61,21.3,Normal,Scooter
333,2025-06-17,1900-01-01 03:32:00,3.0,ST004,Whitefield Bike Station,12.968833,77.748555,19.0,30.0,71.0,26.76,33.2,Normal,Scooter
443,2025-06-17,1900-01-01 09:41:00,9.0,ST003,Indiranagar Bike Station,12.977339,77.640179,57.0,30.0,45.0,100.0,36.6,Peak,EV Bike
141,2025-06-19,1900-01-01 07:21:00,7.0,ST009,HSR Layout Bike Station,12.912356,77.640194,27.0,17.0,62.0,43.55,19.5,Normal,Scooter
121,2025-06-20,1900-01-01 08:12:00,8.0,ST005,Electronic City Bike Station,12.846597,77.659713,30.0,35.0,60.0,50.0,33.6,Peak,Scooter
689,2025-06-20,1900-01-01 15:17:00,15.0,ST002,Koramangala Bike Station,12.936012,77.623218,38.0,75.0,94.0,40.43,41.3,Normal,Scooter
591,2025-06-20,1900-01-01 16:59:00,16.0,ST009,HSR Layout Bike Station,12.911981,77.638336,28.0,9.0,22.0,100.0,16.6,Normal,EV Bike
715,2025-06-20,1900-01-01 17:50:00,17.0,ST011,BTM Layout Bike Station,12.915376,77.61107,63.0,9.0,58.0,100.0,34.6,Peak,Scooter
59,2025-06-21,1900-01-01 14:10:00,14.0,ST007,Hebbal Bike Station,13.035078,77.597142,14.0,78.0,94.0,14.89,35.9,Normal,EV Bike
165,2025-06-21,1900-01-01 18:27:00,18.0,ST012,Rajajinagar Bike Station,12.998109,77.554532,118.0,9.0,55.0,100.0,32.9,Peak,Scooter
961,2025-06-22,1900-01-01 08:03:00,8.0,ST004,Whitefield Bike Station,12.969883,77.750284,48.0,67.0,115.0,41.74,42.7,Peak,Scooter
154,2025-06-22,1900-01-01 20:10:00,20.0,ST001,MG Road Bike Station,12.975401,77.605273,115.0,71.0,120.0,95.83,13.7,Peak,Scooter
339,2025-06-25,1900-01-01 01:58:00,1.0,ST012,Rajajinagar Bike Station,12.998417,77.55333,20.0,25.0,42.0,47.62,14.1,Normal,Scooter
244,2025-06-25,1900-01-01 14:06:00,14.0,ST011,BTM Layout Bike Station,12.918,77.610252,62.0,51.0,61.0,100.0,14.1,Normal,Scooter
73,2025-06-25,1900-01-01 15:00:00,15.0,ST012,Rajajinagar Bike Station,12.998704,77.553147,46.0,35.0,65.0,70.77,22.8,Normal,Scooter
242,2025-06-25,1900-01-01 20:44:00,20.0,ST011,BTM Layout Bike Station,12.915974,77.611527,109.0,27.0,48.0,100.0,10.0,Peak,EV Bike
485,2025-06-25,1900-01-01 23:26:00,23.0,ST004,Whitefield Bike Station,12.968805,77.749216,69.0,16.0,42.0,100.0,40.2,Normal,EV Bike
474,2025-06-25,1900-01-01 23:54:00,23.0,ST003,Indiranagar Bike Station,12.979734,77.640358,64.0,16.0,28.0,100.0,27.2,Normal,Scooter
881,2025-06-26,1900-01-01 01:35:00,1.0,ST007,Hebbal Bike Station,13.03483,77.598243,37.0,27.0,51.0,72.55,17.4,Normal,Scooter
247,2025-06-26,1900-01-01 01:53:00,1.0,ST006,Yelahanka Bike Station,13.100912,77.594812,47.0,27.0,38.0,100.0,19.7,Normal,Scooter
610,2025-06-26,1900-01-01 07:11:00,7.0,ST015,JP Nagar Bike Station,12.908155,77.586057,27.0,57.0,102.0,26.47,32.7,Normal,EV Bike
387,2025-06-27,1900-01-01 20:56:00,20.0,ST001,MG Road Bike Station,12.976041,77.607411,90.0,42.0,87.0,100.0,14.2,Peak,EV Bike
324,2025-06-27,1900-01-01 21:01:00,21.0,ST005,Electronic City Bike Station,12.846797,77.658906,55.0,49.0,72.0,76.39,25.4,Normal,Scooter
311,2025-06-28,1900-01-01 15:01:00,15.0,ST001,MG Road Bike Station,12.975217,77.606685,65.0,51.0,61.0,100.0,21.1,Normal,EV Bike
294,2025-06-28,1900-01-01 18:53:00,18.0,ST009,HSR Layout Bike Station,12.911758,77.639564,34.0,49.0,78.0,43.59,11.8,Peak,EV Bike
415,2025-06-29,1900-01-01 14:03:00,14.0,ST009,HSR Layout Bike Station,12.911302,77.639647,53.0,5.0,29.0,100.0,12.8,Normal,EV Bike
522,2025-06-29,1900-01-01 16:48:00,16.0,ST010,Jayanagar Bike Station,12.926268,77.594245,17.0,75.0,113.0,15.04,43.5,Normal,Scooter
376,2025-06-30,1900-01-01 04:36:00,4.0,ST003,Indiranagar Bike Station,12.97933,77.640109,38.0,75.0,125.0,30.4,22.5,Normal,EV Bike
685,2025-06-30,1900-01-01 09:32:00,9.0,ST008,Marathahalli Bike Station,12.959149,77.697617,82.0,35.0,60.0,100.0,5.3,Peak,EV Bike
102,2025-06-30,1900-01-01 11:10:00,11.0,ST009,HSR Layout Bike Station,12.910531,77.639313,33.0,20.0,36.0,91.67,40.6,Normal,EV Bike
533,2025-06-30,1900-01-01 17:12:00,17.0,ST004,Whitefield Bike Station,12.970629,77.751401,27.0,42.0,81.0,33.33,11.7,Peak,Scooter
898,2025-06-30,1900-01-01 21:50:00,21.0,ST001,MG Road Bike Station,12.974639,77.605578,28.0,31.0,77.0,36.36,41.1,Normal,EV Bike
801,2025-07-01,1900-01-01 07:21:00,7.0,ST002,Koramangala Bike Station,12.936389,77.623079,49.0,47.0,86.0,56.98,23.9,Normal,Scooter
543,2025-07-01,1900-01-01 10:37:00,10.0,ST009,HSR Layout Bike Station,12.910944,77.638126,52.0,49.0,92.0,56.52,30.6,Peak,Scooter
101,2025-07-01,1900-01-01 16:18:00,16.0,ST009,HSR Layout Bike Station,12.910581,77.637787,56.0,29.0,78.0,71.79,19.6,Normal,EV Bike
816,2025-07-02,1900-01-01 06:20:00,6.0,ST014,Banashankari Bike Station,12.926464,77.547126,61.0,27.0,74.0,82.43,28.4,Normal,Scooter
730,2025-07-03,1900-01-01 09:00:00,9.0,ST007,Hebbal Bike Station,13.036859,77.597887,111.0,66.0,112.0,99.11,6.2,Peak,Scooter
92,2025-07-04,1900-01-01 01:11:00,1.0,ST002,Koramangala Bike Station,12.936033,77.624481,18.0,78.0,122.0,14.75,38.2,Normal,EV Bike
491,2025-07-04,1900-01-01 07:01:00,7.0,ST007,Hebbal Bike Station,13.034906,77.596893,38.0,51.0,75.0,50.67,42.6,Normal,EV Bike
435,2025-07-04,1900-01-01 07:11:00,7.0,ST014,Banashankari Bike Station,12.926571,77.54734,29.0,37.0,55.0,52.73,9.1,Normal,EV Bike
648,2025-07-04,1900-01-01 09:08:00,9.0,ST005,Electronic City Bike Station,12.845077,77.661075,79.0,34.0,82.0,96.34,13.9,Peak,EV Bike
453,2025-07-05,1900-01-01 18:07:00,18.0,ST012,Rajajinagar Bike Station,12.997104,77.553359,117.0,10.0,46.0,100.0,31.9,Peak,Scooter
183,2025-07-07,1900-01-01 18:55:00,18.0,ST015,JP Nagar Bike Station,12.908376,77.5855,41.0,38.0,49.0,83.67,28.9,Peak,Scooter
385,2025-07-07,1900-01-01 19:03:00,19.0,ST015,JP Nagar Bike Station,12.907845,77.584688,115.0,6.0,47.0,100.0,21.1,Peak,Scooter
454,2025-07-08,1900-01-01 02:13:00,2.0,ST014,Banashankari Bike Station,12.925455,77.545304,63.0,77.0,94.0,67.02,39.6,Normal,Scooter
800,2025-07-08,1900-01-01 12:22:00,12.0,ST014,Banashankari Bike Station,12.926669,77.545391,15.0,36.0,84.0,17.86,13.3,Normal,Scooter
16,2025-07-09,1900-01-01 00:48:00,0.0,ST002,MG Road Bike Station,12.935239,77.624879,38.0,30.0,63.0,60.32,13.4,Normal,Scooter
329,2025-07-09,1900-01-01 04:04:00,4.0,ST014,Banashankari Bike Station,12.926159,77.548188,67.0,7.0,17.0,100.0,34.3,Normal,Scooter
382,2025-07-10,1900-01-01 10:29:00,10.0,ST006,Yelahanka Bike Station,13.101372,77.595412,46.0,51.0,62.0,74.19,16.2,Peak,Scooter
389,2025-07-10,1900-01-01 13:41:00,13.0,ST001,MG Road Bike Station,12.97418,77.605894,20.0,75.0,106.0,18.87,39.9,Normal,Scooter
782,2025-07-10,1900-01-01 21:04:00,21.0,ST011,BTM Layout Bike Station,12.915401,77.610839,69.0,80.0,124.0,55.65,31.2,Normal,Scooter
126,2025-07-10,1900-01-01 22:38:00,22.0,ST010,Jayanagar Bike Station,12.923614,77.594904,25.0,56.0,96.0,26.04,40.4,Normal,Scooter
783,2025-07-11,1900-01-01 02:59:00,2.0,ST005,Electronic City Bike Station,12.846072,77.660447,52.0,22.0,51.0,100.0,33.3,Normal,EV Bike
595,2025-07-11,1900-01-01 04:37:00,4.0,ST003,Indiranagar Bike Station,12.978907,77.64226,51.0,40.0,71.0,71.83,34.4,Normal,Scooter
496,2025-07-11,1900-01-01 07:31:00,7.0,ST015,JP Nagar Bike Station,12.908898,77.585841,51.0,5.0,48.0,100.0,20.9,Normal,EV Bike
796,2025-07-11,1900-01-01 23:37:00,23.0,ST013,Malleshwaram Bike Station,13.004021,77.571446,38.0,72.0,95.0,40.0,20.7,Normal,Scooter
630,2025-07-12,1900-01-01 17:22:00,17.0,ST010,Jayanagar Bike Station,12.925968,77.593082,97.0,27.0,41.0,100.0,34.0,Peak,Scooter
143,2025-07-12,1900-01-01 23:01:00,23.0,ST001,MG Road Bike Station,12.976432,77.607941,22.0,35.0,51.0,43.14,17.2,Normal,Scooter
889,2025-07-13,1900-01-01 02:42:00,2.0,ST010,Jayanagar Bike Station,12.926257,77.592919,46.0,52.0,74.0,62.16,32.8,Normal,Scooter
571,2025-07-13,1900-01-01 13:23:00,13.0,ST001,MG Road Bike Station,12.976649,77.606141,58.0,40.0,74.0,78.38,36.4,Normal,EV Bike
502,2025-07-13,1900-01-01 14:09:00,14.0,ST001,MG Road Bike Station,12.975643,77.606922,58.0,11.0,32.0,100.0,35.2,Normal,Scooter
581,2025-07-14,1900-01-01 06:39:00,6.0,ST010,Jayanagar Bike Station,12.92639,77.594563,34.0,41.0,54.0,62.96,29.1,Normal,EV Bike
973,2025-07-14,1900-01-01 14:00:00,14.0,ST015,JP Nagar Bike Station,12.907572,77.584908,47.0,15.0,28.0,100.0,28.1,Normal,EV Bike
61,2025-07-14,1900-01-01 15:48:00,15.0,ST004,Whitefield Bike Station,12.969308,77.751441,14.0,25.0,53.0,26.42,43.3,Normal,EV Bike
104,2025-07-14,1900-01-01 17:47:00,17.0,ST006,Yelahanka Bike Station,13.100477,77.59541,77.0,77.0,126.0,61.11,38.4,Peak,Scooter
421,2025-07-14,1900-01-01 23:13:00,23.0,ST006,Yelahanka Bike Station,13.101466,77.595097,10.0,31.0,78.0,12.82,35.7,Normal,Scooter
900,2025-07-15,1900-01-01 00:28:00,0.0,ST014,Banashankari Bike Station,12.924917,77.546655,14.0,36.0,54.0,25.93,27.1,Normal,EV Bike
909,2025-07-15,1900-01-01 00:41:00,0.0,ST008,Marathahalli Bike Station,12.959472,77.696783,70.0,16.0,30.0,100.0,20.5,Normal,Scooter
227,2025-07-15,1900-01-01 03:55:00,3.0,ST005,Electronic City Bike Station,12.845946,77.661589,34.0,28.0,73.0,46.58,13.0,Normal,Scooter
344,2025-07-15,1900-01-01 22:30:00,22.0,ST005,Electronic City Bike Station,12.846951,77.659493,61.0,33.0,63.0,96.83,41.5,Normal,EV Bike
852,2025-07-16,1900-01-01 03:54:00,3.0,ST006,Yelahanka Bike Station,13.100147,77.597775,13.0,19.0,48.0,27.08,32.5,Normal,EV Bike
545,2025-07-16,1900-01-01 17:41:00,17.0,ST008,Marathahalli Bike Station,12.959738,77.697851,75.0,56.0,88.0,85.23,24.0,Peak,EV Bike
471,2025-07-17,1900-01-01 10:57:00,10.0,ST008,Marathahalli Bike Station,12.960337,77.695971,111.0,40.0,80.0,100.0,36.5,Peak,Scooter
251,2025-07-17,1900-01-01 17:41:00,17.0,ST009,HSR Layout Bike Station,12.912689,77.640166,50.0,30.0,43.0,100.0,32.9,Peak,Scooter
770,2025-07-18,1900-01-01 08:18:00,8.0,ST009,HSR Layout Bike Station,12.912651,77.63972,45.0,80.0,109.0,41.28,43.6,Peak,EV Bike
501,2025-07-19,1900-01-01 02:57:00,2.0,ST010,Jayanagar Bike Station,12.925467,77.594628,60.0,5.0,48.0,100.0,28.3,Normal,Scooter
309,2025-07-20,1900-01-01 04:31:00,4.0,ST007,Hebbal Bike Station,13.034424,77.595863,17.0,66.0,81.0,20.99,14.2,Normal,EV Bike
212,2025-07-20,1900-01-01 17:09:00,17.0,ST012,Rajajinagar Bike Station,12.99715,77.553413,64.0,76.0,113.0,56.64,26.2,Peak,EV Bike
259,2025-07-21,1900-01-01 10:11:00,10.0,ST011,BTM Layout Bike Station,12.918052,77.609487,95.0,21.0,69.0,100.0,37.0,Peak,Scooter
850,2025-07-21,1900-01-01 16:49:00,16.0,ST001,MG Road Bike Station,12.975437,77.608028,64.0,48.0,83.0,77.11,27.0,Normal,EV Bike
573,2025-07-22,1900-01-01 11:14:00,11.0,ST008,Marathahalli Bike Station,12.957922,77.698008,46.0,75.0,125.0,36.8,27.7,Normal,EV Bike
461,2025-07-23,1900-01-01 01:37:00,1.0,ST008,Marathahalli Bike Station,12.960199,77.697963,63.0,61.0,105.0,60.0,27.5,Normal,Scooter
34,2025-07-23,1900-01-01 04:42:00,4.0,ST014,Banashankari Bike Station,12.925991,77.546192,58.0,26.0,69.0,84.06,14.2,Normal,EV Bike
441,2025-07-23,1900-01-01 05:25:00,5.0,ST006,Yelahanka Bike Station,13.101125,77.596345,18.0,77.0,101.0,17.82,44.0,Normal,Scooter
602,2025-07-24,1900-01-01 02:50:00,2.0,ST004,Whitefield Bike Station,12.971125,77.751117,67.0,74.0,97.0,69.07,34.6,Normal,Scooter
436,2025-07-25,1900-01-01 06:08:00,6.0,ST014,Banashankari Bike Station,12.925743,77.548262,55.0,76.0,113.0,48.67,35.4,Normal,EV Bike
171,2025-07-25,1900-01-01 12:14:00,12.0,ST002,Koramangala Bike Station,12.935148,77.625156,11.0,71.0,111.0,9.91,35.5,Normal,Scooter
211,2025-07-25,1900-01-01 14:15:00,14.0,ST012,Rajajinagar Bike Station,12.999507,77.555338,55.0,25.0,49.0,100.0,14.2,Normal,EV Bike
245,2025-07-25,1900-01-01 16:08:00,16.0,ST002,Koramangala Bike Station,12.934818,77.624492,21.0,9.0,25.0,84.0,6.7,Normal,EV Bike
139,2025-07-26,1900-01-01 00:52:00,0.0,ST013,Malleshwaram Bike Station,13.00239,77.569929,44.0,40.0,80.0,55.0,39.2,Normal,EV Bike
26,2025-07-26,1900-01-01 04:34:00,4.0,ST005,Electronic City Bike Station,12.844965,77.660392,54.0,12.0,29.0,100.0,44.4,Normal,Scooter
99,2025-07-26,1900-01-01 07:37:00,7.0,ST006,Yelahanka Bike Station,13.099882,77.59663,27.0,8.0,36.0,75.0,18.6,Normal,EV Bike
470,2025-07-26,1900-01-01 11:08:00,11.0,ST008,Marathahalli Bike Station,12.958136,77.697268,46.0,80.0,123.0,37.4,35.8,Normal,Scooter
920,2025-07-27,1900-01-01 05:14:00,5.0,ST001,MG Road Bike Station,12.975671,77.607218,10.0,62.0,98.0,10.2,10.3,Normal,Scooter
266,2025-07-27,1900-01-01 11:48:00,11.0,ST012,Rajajinagar Bike Station,12.99846,77.553214,51.0,28.0,69.0,73.91,15.2,Normal,EV Bike
193,2025-07-27,1900-01-01 14:29:00,14.0,ST007,Hebbal Bike Station,13.036081,77.598192,19.0,60.0,72.0,26.39,21.2,Normal,Scooter
425,2025-07-27,1900-01-01 16:49:00,16.0,ST002,Koramangala Bike Station,12.934191,77.623103,62.0,31.0,56.0,100.0,33.3,Normal,Scooter
508,2025-07-27,1900-01-01 23:36:00,23.0,ST007,Hebbal Bike Station,13.03526,77.595918,12.0,44.0,72.0,16.67,31.6,Normal,Scooter
377,2025-07-28,1900-01-01 02:03:00,2.0,ST010,Jayanagar Bike Station,12.924288,77.592937,15.0,61.0,107.0,14.02,36.7,Normal,Scooter
313,2025-07-28,1900-01-01 12:05:00,12.0,ST001,MG Road Bike Station,12.974768,77.607279,54.0,59.0,98.0,55.1,14.1,Normal,Scooter
134,2025-07-28,1900-01-01 12:37:00,12.0,ST002,Koramangala Bike Station,12.934176,77.624546,30.0,75.0,94.0,31.91,25.7,Normal,Scooter
945,2025-07-28,1900-01-01 15:30:00,15.0,ST015,JP Nagar Bike Station,12.907555,77.58645,55.0,62.0,76.0,72.37,13.5,Normal,Scooter
248,2025-07-28,1900-01-01 17:48:00,17.0,ST003,Indiranagar Bike Station,12.977457,77.641564,30.0,62.0,92.0,32.61,34.5,Peak,Scooter
820,2025-07-28,1900-01-01 23:03:00,23.0,ST002,Koramangala Bike Station,12.935402,77.625483,25.0,18.0,61.0,40.98,31.9,Normal,Scooter
726,2025-07-29,1900-01-01 00:08:00,0.0,ST010,Jayanagar Bike Station,12.926417,77.593022,17.0,73.0,103.0,16.5,36.9,Normal,EV Bike
293,2025-07-30,1900-01-01 04:13:00,4.0,ST011,BTM Layout Bike Station,12.915938,77.611071,55.0,74.0,85.0,64.71,11.8,Normal,Scooter
923,2025-07-30,1900-01-01 05:56:00,5.0,ST007,Hebbal Bike Station,13.035349,77.596864,15.0,11.0,44.0,34.09,31.6,Normal,EV Bike
349,2025-07-30,1900-01-01 08:33:00,8.0,ST004,Whitefield Bike Station,12.969155,77.74989,81.0,26.0,70.0,100.0,22.4,Peak,EV Bike
419,2025-07-30,1900-01-01 18:48:00,18.0,ST013,Malleshwaram Bike Station,13.003385,77.570026,108.0,7.0,33.0,100.0,12.8,Peak,EV Bike
93,2025-07-31,1900-01-01 16:20:00,16.0,ST014,Banashankari Bike Station,12.925594,77.547547,35.0,22.0,71.0,49.3,44.8,Normal,EV Bike
670,2025-07-31,1900-01-01 18:47:00,18.0,ST010,Jayanagar Bike Station,12.924535,77.594398,72.0,18.0,64.0,100.0,33.2,Peak,EV Bike
109,2025-08-01,1900-01-01 06:09:00,6.0,ST012,Rajajinagar Bike Station,12.999369,77.554127,15.0,35.0,47.0,31.91,5.8,Normal,EV Bike
528,2025-08-01,1900-01-01 17:43:00,17.0,ST005,Electronic City Bike Station,12.845796,77.661014,124.0,75.0,96.0,100.0,36.4,Peak,EV Bike
340,2025-08-01,1900-01-01 20:25:00,20.0,ST003,Indiranagar Bike Station,12.977841,77.639665,63.0,28.0,72.0,87.5,23.1,Peak,EV Bike
940,2025-08-01,1900-01-01 20:38:00,20.0,ST004,Whitefield Bike Station,12.970639,77.749478,88.0,14.0,35.0,100.0,7.8,Peak,EV Bike
180,2025-08-01,1900-01-01 23:21:00,23.0,ST010,Jayanagar Bike Station,12.924626,77.592775,50.0,48.0,77.0,64.94,37.0,Normal,Scooter
98,2025-08-02,1900-01-01 01:48:00,1.0,ST004,Whitefield Bike Station,12.968544,77.751244,36.0,14.0,52.0,69.23,37.8,Normal,Scooter
22,2025-08-02,1900-01-01 03:42:00,3.0,ST008,Marathahalli Bike Station,12.958771,77.697833,26.0,5.0,30.0,86.67,26.3,Normal,EV Bike
962,2025-08-02,1900-01-01 08:43:00,8.0,ST002,Koramangala Bike Station,12.935435,77.624769,59.0,38.0,87.0,67.82,26.9,Peak,Scooter
763,2025-08-02,1900-01-01 12:14:00,12.0,ST005,Electronic City Bike Station,12.84465,77.66,24.0,74.0,87.0,27.59,19.9,Normal,EV Bike
948,2025-08-03,1900-01-01 02:43:00,2.0,ST013,Malleshwaram Bike Station,13.003231,77.571717,35.0,72.0,89.0,39.33,40.0,Normal,EV Bike
289,2025-08-03,1900-01-01 19:32:00,19.0,ST014,Banashankari Bike Station,12.925774,77.545316,27.0,5.0,22.0,100.0,7.6,Peak,EV Bike
264,2025-08-04,1900-01-01 05:47:00,5.0,ST012,Rajajinagar Bike Station,12.999497,77.554727,56.0,13.0,59.0,94.92,15.5,Normal,Scooter
556,2025-08-04,1900-01-01 18:43:00,18.0,ST010,Jayanagar Bike Station,12.926084,77.594879,115.0,38.0,52.0,100.0,14.2,Peak,EV Bike
479,2025-08-04,1900-01-01 20:08:00,20.0,ST003,Indiranagar Bike Station,12.977781,77.640396,104.0,42.0,80.0,100.0,15.3,Peak,EV Bike
965,2025-08-04,1900-01-01 22:22:00,22.0,ST003,Indiranagar Bike Station,12.978982,77.639444,28.0,64.0,84.0,33.33,42.7,Normal,EV Bike
318,2025-08-04,1900-01-01 22:22:00,22.0,ST005,Electronic City Bike Station,12.845988,77.66058,20.0,21.0,67.0,29.85,29.2,Normal,Scooter
922,2025-08-05,1900-01-01 08:40:00,8.0,ST015,JP Nagar Bike Station,12.908791,77.583655,126.0,70.0,88.0,100.0,19.5,Peak,Scooter
345,2025-08-05,1900-01-01 13:24:00,13.0,ST008,Marathahalli Bike Station,12.960492,77.69696,44.0,51.0,97.0,45.36,26.4,Normal,Scooter
423,2025-08-05,1900-01-01 14:48:00,14.0,ST014,Banashankari Bike Station,12.925093,77.547583,14.0,41.0,54.0,25.93,12.8,Normal,Scooter
807,2025-08-06,1900-01-01 07:08:00,7.0,ST003,Indiranagar Bike Station,12.978972,77.639329,33.0,54.0,69.0,47.83,14.3,Normal,EV Bike
205,2025-08-06,1900-01-01 20:47:00,20.0,ST015,JP Nagar Bike Station,12.90639,77.586051,61.0,13.0,48.0,100.0,33.2,Peak,Scooter
381,2025-08-07,1900-01-01 17:11:00,17.0,ST015,JP Nagar Bike Station,12.909115,77.585514,126.0,39.0,72.0,100.0,17.4,Peak,Scooter
744,2025-08-07,1900-01-01 23:13:00,23.0,ST005,Electronic City Bike Station,12.846935,77.658886,42.0,32.0,61.0,68.85,33.2,Normal,EV Bike
509,2025-08-08,1900-01-01 04:29:00,4.0,ST009,HSR Layout Bike Station,12.910344,77.638091,56.0,8.0,20.0,100.0,26.3,Normal,EV Bike
622,2025-08-08,1900-01-01 11:14:00,11.0,ST003,Indiranagar Bike Station,12.9798,77.640432,58.0,48.0,63.0,92.06,31.8,Normal,Scooter
127,2025-08-09,1900-01-01 03:49:00,3.0,ST009,HSR Layout Bike Station,12.912944,77.6379,33.0,14.0,28.0,100.0,27.5,Normal,Scooter
656,2025-08-09,1900-01-01 04:10:00,4.0,ST002,Koramangala Bike Station,12.934632,77.624343,56.0,18.0,53.0,100.0,34.7,Normal,EV Bike
710,2025-08-09,1900-01-01 08:45:00,8.0,ST015,JP Nagar Bike Station,12.907426,77.583962,90.0,30.0,61.0,100.0,8.1,Peak,EV Bike
136,2025-08-09,1900-01-01 21:06:00,21.0,ST001,MG Road Bike Station,12.974771,77.606524,59.0,44.0,63.0,93.65,39.8,Normal,EV Bike
110,2025-08-09,1900-01-01 22:07:00,22.0,ST013,Malleshwaram Bike Station,13.004385,77.571171,10.0,74.0,124.0,8.06,16.5,Normal,Scooter
172,2025-08-09,1900-01-01 23:49:00,23.0,ST003,Indiranagar Bike Station,12.977504,77.639353,45.0,24.0,38.0,100.0,37.6,Normal,EV Bike
512,2025-08-10,1900-01-01 16:36:00,16.0,ST011,BTM Layout Bike Station,12.917207,77.609734,44.0,66.0,84.0,52.38,36.2,Normal,Scooter
758,2025-08-11,1900-01-01 10:02:00,10.0,ST007,Hebbal Bike Station,13.036485,77.595827,88.0,30.0,59.0,100.0,38.5,Peak,EV Bike
355,2025-08-12,1900-01-01 07:09:00,7.0,ST009,HSR Layout Bike Station,12.911896,77.63947,34.0,39.0,77.0,44.16,43.7,Normal,EV Bike
29,2025-08-13,1900-01-01 16:37:00,16.0,ST008,Marathahalli Bike Station,12.959973,77.698168,69.0,29.0,56.0,100.0,12.6,Normal,EV Bike
449,2025-08-13,1900-01-01 19:50:00,19.0,ST002,Koramangala Bike Station,12.933883,77.623705,113.0,30.0,80.0,100.0,16.2,Peak,Scooter
759,2025-08-14,1900-01-01 03:13:00,3.0,ST001,MG Road Bike Station,12.975869,77.606567,38.0,39.0,84.0,45.24,28.4,Normal,EV Bike
51,2025-08-14,1900-01-01 10:56:00,10.0,ST005,Electronic City Bike Station,12.845164,77.661549,25.0,58.0,96.0,26.04,32.8,Peak,Scooter
254,2025-08-14,1900-01-01 19:59:00,19.0,ST003,Indiranagar Bike Station,12.977987,77.641599,118.0,5.0,18.0,100.0,36.9,Peak,EV Bike
742,2025-08-14,1900-01-01 20:03:00,20.0,ST008,Marathahalli Bike Station,12.958286,77.697434,30.0,23.0,54.0,55.56,42.7,Peak,Scooter
469,2025-08-15,1900-01-01 21:55:00,21.0,ST014,Banashankari Bike Station,12.926499,77.545763,55.0,70.0,87.0,63.22,38.8,Normal,Scooter
277,2025-08-16,1900-01-01 20:36:00,20.0,ST010,Jayanagar Bike Station,12.924464,77.594305,79.0,15.0,61.0,100.0,23.8,Peak,EV Bike
750,2025-08-17,1900-01-01 18:45:00,18.0,ST011,BTM Layout Bike Station,12.917644,77.608767,77.0,30.0,57.0,100.0,11.6,Peak,Scooter
943,2025-08-18,1900-01-01 04:44:00,4.0,ST012,Rajajinagar Bike Station,12.998812,77.555485,60.0,9.0,54.0,100.0,20.6,Normal,EV Bike
239,2025-08-18,1900-01-01 09:46:00,9.0,ST011,BTM Layout Bike Station,12.917684,77.610159,19.0,50.0,71.0,26.76,39.5,Peak,EV Bike
607,2025-08-20,1900-01-01 19:13:00,19.0,ST003,Indiranagar Bike Station,12.977229,77.639434,118.0,46.0,63.0,100.0,35.4,Peak,Scooter
860,2025-08-20,1900-01-01 20:01:00,20.0,ST013,Malleshwaram Bike Station,13.004912,77.569468,32.0,78.0,90.0,35.56,8.0,Peak,Scooter
736,2025-08-20,1900-01-01 21:39:00,21.0,ST010,Jayanagar Bike Station,12.92633,77.594325,64.0,53.0,87.0,73.56,14.9,Normal,EV Bike
20,2025-08-20,1900-01-01 22:46:00,22.0,ST007,Hebbal Bike Station,13.036541,77.598073,27.0,23.0,64.0,42.19,7.5,Normal,Scooter
880,2025-08-21,1900-01-01 04:38:00,4.0,ST014,Banashankari Bike Station,12.924711,77.545979,25.0,60.0,78.0,32.05,20.8,Normal,EV Bike
304,2025-08-22,1900-01-01 06:59:00,6.0,ST012,Rajajinagar Bike Station,12.997736,77.552766,68.0,32.0,49.0,100.0,25.2,Normal,Scooter
96,2025-08-22,1900-01-01 12:34:00,12.0,ST008,Marathahalli Bike Station,12.960213,77.697833,30.0,43.0,88.0,34.09,42.4,Normal,Scooter
552,2025-08-22,1900-01-01 13:33:00,13.0,ST013,Malleshwaram Bike Station,13.002221,77.571586,31.0,16.0,35.0,88.57,39.8,Normal,Scooter
733,2025-08-22,1900-01-01 16:32:00,16.0,ST011,BTM Layout Bike Station,12.91575,77.608942,63.0,31.0,59.0,100.0,28.1,Normal,EV Bike
249,2025-08-23,1900-01-01 00:59:00,0.0,ST008,Marathahalli Bike Station,12.960025,77.697892,25.0,7.0,38.0,65.79,25.1,Normal,EV Bike
363,2025-08-23,1900-01-01 06:56:00,6.0,ST005,Electronic City Bike Station,12.846837,77.660136,46.0,65.0,88.0,52.27,40.5,Normal,Scooter
220,2025-08-23,1900-01-01 17:04:00,17.0,ST010,Jayanagar Bike Station,12.925821,77.594379,97.0,41.0,63.0,100.0,12.0,Peak,EV Bike
31,2025-08-23,1900-01-01 21:03:00,21.0,ST013,Malleshwaram Bike Station,13.00336,77.570005,69.0,38.0,51.0,100.0,12.1,Normal,EV Bike
279,2025-08-24,1900-01-01 19:23:00,19.0,ST014,Banashankari Bike Station,12.925013,77.546525,54.0,25.0,61.0,88.52,24.1,Peak,Scooter
298,2025-08-24,1900-01-01 23:16:00,23.0,ST004,Whitefield Bike Station,12.968756,77.748551,29.0,20.0,52.0,55.77,28.6,Normal,Scooter
829,2025-08-25,1900-01-01 05:07:00,5.0,ST004,Whitefield Bike Station,12.970804,77.750452,12.0,54.0,92.0,13.04,15.6,Normal,Scooter
374,2025-08-25,1900-01-01 20:22:00,20.0,ST005,Electronic City Bike Station,12.844959,77.660373,54.0,48.0,79.0,68.35,44.0,Peak,Scooter
701,2025-08-26,1900-01-01 02:50:00,2.0,ST015,JP Nagar Bike Station,12.906734,77.584316,27.0,71.0,119.0,22.69,7.0,Normal,Scooter
5,2025-08-26,1900-01-01 07:23:00,7.0,ST001,MG Road Bike Station,12.976487,77.606213,44.0,17.0,49.0,89.8,19.4,Normal,Scooter
352,2025-08-26,1900-01-01 20:05:00,20.0,ST014,Banashankari Bike Station,12.926476,77.547899,97.0,45.0,67.0,100.0,30.7,Peak,EV Bike
316,2025-08-27,1900-01-01 06:27:00,6.0,ST009,HSR Layout Bike Station,12.91041,77.637984,20.0,17.0,31.0,64.52,41.7,Normal,Scooter
462,2025-08-27,1900-01-01 16:22:00,16.0,ST012,Rajajinagar Bike Station,12.997933,77.554912,50.0,26.0,52.0,96.15,10.8,Normal,Scooter
727,2025-08-27,1900-01-01 18:44:00,18.0,ST005,Electronic City Bike Station,12.846744,77.661007,126.0,32.0,63.0,100.0,44.6,Peak,EV Bike
123,2025-08-28,1900-01-01 05:32:00,5.0,ST014,Banashankari Bike Station,12.926121,77.546808,62.0,57.0,88.0,70.45,26.7,Normal,Scooter
587,2025-08-28,1900-01-01 06:41:00,6.0,ST014,Banashankari Bike Station,12.924231,77.545838,60.0,48.0,88.0,68.18,24.6,Normal,EV Bike
198,2025-08-28,1900-01-01 17:49:00,17.0,ST012,Rajajinagar Bike Station,12.997816,77.55433,109.0,62.0,93.0,100.0,35.9,Peak,EV Bike
410,2025-08-29,1900-01-01 01:56:00,1.0,ST013,Malleshwaram Bike Station,13.00218,77.571185,36.0,27.0,70.0,51.43,29.9,Normal,EV Bike
696,2025-08-30,1900-01-01 05:34:00,5.0,ST001,MG Road Bike Station,12.974415,77.607606,23.0,19.0,47.0,48.94,31.5,Normal,Scooter
3,2025-08-30,1900-01-01 11:07:00,11.0,ST004,Whitefield Bike Station,12.968925,77.74979,25.0,56.0,93.0,26.88,17.2,Normal,EV Bike
623,2025-08-31,1900-01-01 00:29:00,0.0,ST011,BTM Layout Bike Station,12.917619,77.610337,13.0,43.0,92.0,14.13,25.2,Normal,EV Bike
371,2025-08-31,1900-01-01 09:05:00,9.0,ST002,Koramangala Bike Station,12.934307,77.623889,25.0,45.0,80.0,31.25,12.6,Peak,Scooter
651,2025-08-31,1900-01-01 12:56:00,12.0,ST003,Indiranagar Bike Station,12.979401,77.640728,69.0,49.0,80.0,86.25,12.2,Normal,Scooter
456,2025-08-31,1900-01-01 19:47:00,19.0,ST001,MG Road Bike Station,12.976329,77.60778,72.0,62.0,102.0,70.59,6.4,Peak,Scooter
996,2025-08-31,1900-01-01 21:58:00,21.0,ST011,BTM Layout Bike Station,12.916728,77.611594,15.0,17.0,52.0,28.85,26.6,Normal,Scooter
86,2025-09-01,1900-01-01 08:37:00,8.0,ST012,Rajajinagar Bike Station,12.998632,77.554022,52.0,71.0,88.0,59.09,14.3,Peak,Scooter
367,2025-09-02,1900-01-01 07:51:00,7.0,ST001,MG Road Bike Station,12.976723,77.605935,46.0,62.0,81.0,56.79,30.3,Normal,Scooter
598,2025-09-03,1900-01-01 02:02:00,2.0,ST015,JP Nagar Bike Station,12.90864,77.585264,45.0,6.0,54.0,83.33,9.8,Normal,EV Bike
36,2025-09-03,1900-01-01 08:16:00,8.0,ST006,Yelahanka Bike Station,13.101428,77.595966,106.0,22.0,60.0,100.0,29.9,Peak,Scooter
475,2025-09-03,1900-01-01 16:32:00,16.0,ST015,JP Nagar Bike Station,12.907643,77.585655,31.0,72.0,94.0,32.98,29.7,Normal,Scooter
32,2025-09-04,1900-01-01 01:31:00,1.0,ST006,Yelahanka Bike Station,13.100262,77.595495,64.0,54.0,66.0,96.97,20.2,Normal,Scooter
661,2025-09-04,1900-01-01 08:28:00,8.0,ST014,Banashankari Bike Station,12.924987,77.54736,54.0,13.0,51.0,100.0,11.5,Peak,EV Bike
874,2025-09-04,1900-01-01 15:01:00,15.0,ST013,Malleshwaram Bike Station,13.004162,77.5707,54.0,37.0,54.0,100.0,35.2,Normal,Scooter
655,2025-09-04,1900-01-01 17:59:00,17.0,ST015,JP Nagar Bike Station,12.907053,77.584362,28.0,21.0,45.0,62.22,10.3,Peak,EV Bike
514,2025-09-04,1900-01-01 20:21:00,20.0,ST003,Indiranagar Bike Station,12.979256,77.641989,18.0,73.0,95.0,18.95,32.4,Peak,Scooter
68,2025-09-05,1900-01-01 02:49:00,2.0,ST004,Whitefield Bike Station,12.968939,77.75076,17.0,11.0,61.0,27.87,14.9,Normal,Scooter
568,2025-09-05,1900-01-01 19:11:00,19.0,ST011,BTM Layout Bike Station,12.91701,77.609705,111.0,43.0,67.0,100.0,23.6,Peak,EV Bike
608,2025-09-05,1900-01-01 21:13:00,21.0,ST010,Jayanagar Bike Station,12.926215,77.593971,66.0,58.0,75.0,88.0,13.5,Normal,EV Bike
946,2025-09-06,1900-01-01 13:01:00,13.0,ST007,Hebbal Bike Station,13.035813,77.597329,31.0,75.0,104.0,29.81,10.0,Normal,Scooter
927,2025-09-06,1900-01-01 17:57:00,17.0,ST011,BTM Layout Bike Station,12.915579,77.611233,36.0,79.0,111.0,32.43,28.0,Peak,EV Bike
145,2025-09-06,1900-01-01 18:45:00,18.0,ST001,MG Road Bike Station,12.977084,77.608002,37.0,56.0,73.0,50.68,40.6,Peak,Scooter
473,2025-09-07,1900-01-01 17:10:00,17.0,ST011,BTM Layout Bike Station,12.917057,77.61082,104.0,65.0,76.0,100.0,35.2,Peak,EV Bike
594,2025-09-07,1900-01-01 20:04:00,20.0,ST013,Malleshwaram Bike Station,13.003811,77.570729,72.0,52.0,101.0,71.29,36.3,Peak,Scooter
657,2025-09-08,1900-01-01 11:27:00,11.0,ST011,BTM Layout Bike Station,12.915335,77.611554,53.0,61.0,96.0,55.21,22.0,Normal,EV Bike
192,2025-09-08,1900-01-01 18:00:00,18.0,ST011,BTM Layout Bike Station,12.917333,77.61096,54.0,68.0,81.0,66.67,37.5,Peak,EV Bike
209,2025-09-08,1900-01-01 19:02:00,19.0,ST004,Whitefield Bike Station,12.969591,77.749457,66.0,80.0,108.0,61.11,8.2,Peak,EV Bike
395,2025-09-09,1900-01-01 01:18:00,1.0,ST004,Whitefield Bike Station,12.969864,77.749979,69.0,23.0,38.0,100.0,18.4,Normal,Scooter
819,2025-09-09,1900-01-01 02:02:00,2.0,ST009,HSR Layout Bike Station,12.912227,77.638343,53.0,44.0,77.0,68.83,5.5,Normal,Scooter
585,2025-09-09,1900-01-01 04:24:00,4.0,ST001,MG Road Bike Station,12.974235,77.605905,32.0,72.0,83.0,38.55,18.8,Normal,EV Bike
167,2025-09-09,1900-01-01 06:28:00,6.0,ST006,Yelahanka Bike Station,13.101166,77.597381,28.0,60.0,91.0,30.77,14.2,Normal,EV Bike
693,2025-09-09,1900-01-01 07:33:00,7.0,ST006,Yelahanka Bike Station,13.100405,77.596468,67.0,10.0,23.0,100.0,18.4,Normal,Scooter
159,2025-09-10,1900-01-01 15:15:00,15.0,ST005,Electronic City Bike Station,12.846272,77.660036,27.0,18.0,53.0,50.94,28.5,Normal,Scooter
100,2025-09-10,1900-01-01 20:19:00,20.0,ST013,Malleshwaram Bike Station,13.002667,77.57088,102.0,78.0,128.0,79.69,7.8,Peak,Scooter
793,2025-09-11,1900-01-01 19:46:00,19.0,ST004,Whitefield Bike Station,12.968797,77.750862,81.0,58.0,85.0,95.29,28.1,Peak,Scooter
41,2025-09-13,1900-01-01 10:24:00,10.0,ST008,Marathahalli Bike Station,12.958176,77.697174,37.0,22.0,43.0,86.05,36.7,Peak,EV Bike
286,2025-09-13,1900-01-01 10:54:00,10.0,ST012,Rajajinagar Bike Station,12.998527,77.554262,41.0,48.0,97.0,42.27,17.2,Peak,Scooter
228,2025-09-13,1900-01-01 19:17:00,19.0,ST002,Koramangala Bike Station,12.936226,77.624055,45.0,20.0,37.0,100.0,24.2,Peak,EV Bike
65,2025-09-14,1900-01-01 02:40:00,2.0,ST013,Malleshwaram Bike Station,13.002085,77.569547,58.0,17.0,59.0,98.31,31.1,Normal,EV Bike
664,2025-09-14,1900-01-01 16:56:00,16.0,ST003,Indiranagar Bike Station,12.979679,77.641308,36.0,70.0,120.0,30.0,19.8,Normal,Scooter
268,2025-09-14,1900-01-01 17:37:00,17.0,ST001,MG Road Bike Station,12.974535,77.607219,117.0,5.0,23.0,100.0,34.2,Peak,Scooter
712,2025-09-14,1900-01-01 23:32:00,23.0,ST006,Yelahanka Bike Station,13.10181,77.595026,50.0,78.0,91.0,54.95,16.6,Normal,EV Bike
142,2025-09-15,1900-01-01 01:54:00,1.0,ST010,Jayanagar Bike Station,12.924649,77.593702,60.0,27.0,38.0,100.0,39.7,Normal,Scooter
531,2025-09-16,1900-01-01 01:09:00,1.0,ST015,JP Nagar Bike Station,12.908247,77.585411,17.0,23.0,68.0,25.0,12.2,Normal,EV Bike
155,2025-09-16,1900-01-01 12:28:00,12.0,ST004,Whitefield Bike Station,12.968658,77.749549,37.0,48.0,76.0,48.68,21.0,Normal,EV Bike
335,2025-09-16,1900-01-01 13:08:00,13.0,ST013,Malleshwaram Bike Station,13.002629,77.571343,37.0,52.0,85.0,43.53,37.9,Normal,EV Bike
904,2025-09-17,1900-01-01 13:00:00,13.0,ST004,Whitefield Bike Station,12.971236,77.74894,15.0,47.0,86.0,17.44,21.2,Normal,EV Bike
114,2025-09-18,1900-01-01 09:57:00,9.0,ST012,Rajajinagar Bike Station,12.997185,77.554923,57.0,70.0,110.0,51.82,8.3,Peak,EV Bike
718,2025-09-18,1900-01-01 18:57:00,18.0,ST008,Marathahalli Bike Station,12.960516,77.698119,45.0,66.0,83.0,54.22,7.1,Peak,Scooter
124,2025-09-19,1900-01-01 04:02:00,4.0,ST009,HSR Layout Bike Station,12.912964,77.639807,70.0,47.0,66.0,100.0,13.8,Normal,Scooter
901,2025-09-19,1900-01-01 08:14:00,8.0,ST009,HSR Layout Bike Station,12.913095,77.638734,81.0,65.0,94.0,86.17,22.4,Peak,Scooter
697,2025-09-19,1900-01-01 10:17:00,10.0,ST012,Rajajinagar Bike Station,12.999426,77.553295,50.0,32.0,75.0,66.67,17.8,Peak,Scooter
354,2025-09-19,1900-01-01 11:40:00,11.0,ST003,Indiranagar Bike Station,12.977173,77.64108,53.0,5.0,35.0,100.0,23.4,Normal,EV Bike
257,2025-09-19,1900-01-01 12:18:00,12.0,ST011,BTM Layout Bike Station,12.915942,77.610922,22.0,35.0,65.0,33.85,19.3,Normal,EV Bike
854,2025-09-20,1900-01-01 14:28:00,14.0,ST008,Marathahalli Bike Station,12.960288,77.697923,41.0,76.0,104.0,39.42,40.0,Normal,EV Bike
724,2025-09-20,1900-01-01 23:36:00,23.0,ST007,Hebbal Bike Station,13.035491,77.596885,67.0,69.0,92.0,72.83,37.9,Normal,EV Bike
674,2025-09-22,1900-01-01 09:09:00,9.0,ST002,Koramangala Bike Station,12.935634,77.625271,122.0,13.0,53.0,100.0,6.4,Peak,EV Bike
815,2025-09-22,1900-01-01 11:30:00,11.0,ST006,Yelahanka Bike Station,13.099946,77.594889,31.0,58.0,100.0,31.0,44.6,Normal,Scooter
818,2025-09-22,1900-01-01 12:34:00,12.0,ST011,BTM Layout Bike Station,12.91558,77.608623,41.0,56.0,71.0,57.75,35.8,Normal,EV Bike
78,2025-09-23,1900-01-01 03:42:00,3.0,ST007,Hebbal Bike Station,13.034327,77.59634,26.0,27.0,66.0,39.39,26.1,Normal,Scooter
887,2025-09-23,1900-01-01 06:25:00,6.0,ST009,HSR Layout Bike Station,12.912572,77.638461,59.0,25.0,74.0,79.73,35.5,Normal,EV Bike
665,2025-09-23,1900-01-01 15:22:00,15.0,ST010,Jayanagar Bike Station,12.924307,77.592962,39.0,12.0,45.0,86.67,14.6,Normal,Scooter
857,2025-09-24,1900-01-01 06:19:00,6.0,ST009,HSR Layout Bike Station,12.912281,77.637838,61.0,34.0,82.0,74.39,22.2,Normal,EV Bike
633,2025-09-24,1900-01-01 06:50:00,6.0,ST011,BTM Layout Bike Station,12.915292,77.609114,22.0,80.0,105.0,20.95,35.6,Normal,Scooter
823,2025-09-24,1900-01-01 12:13:00,12.0,ST011,BTM Layout Bike Station,12.916159,77.609223,51.0,59.0,83.0,61.45,8.6,Normal,EV Bike
959,2025-09-25,1900-01-01 22:58:00,22.0,ST004,Whitefield Bike Station,12.969383,77.748724,41.0,41.0,51.0,80.39,16.9,Normal,Scooter
120,2025-09-26,1900-01-01 03:54:00,3.0,ST003,Indiranagar Bike Station,12.977467,77.642137,53.0,55.0,102.0,51.96,35.7,Normal,EV Bike
12,2025-09-26,1900-01-01 10:53:00,10.0,ST002,Koramangala Bike Station,12.93566,77.625663,45.0,17.0,44.0,100.0,5.5,Peak,Scooter
281,2025-09-26,1900-01-01 21:15:00,21.0,ST014,Banashankari Bike Station,12.926408,77.545441,48.0,77.0,110.0,43.64,23.3,Normal,EV Bike
698,2025-09-27,1900-01-01 04:04:00,4.0,ST002,Koramangala Bike Station,12.935321,77.624219,36.0,61.0,111.0,32.43,41.4,Normal,EV Bike
998,2025-09-27,1900-01-01 07:54:00,7.0,ST014,Banashankari Bike Station,12.924053,77.546277,14.0,52.0,94.0,14.89,42.9,Normal,EV Bike
957,2025-09-27,1900-01-01 12:39:00,12.0,ST014,Banashankari Bike Station,12.926336,77.545797,61.0,22.0,41.0,100.0,32.4,Normal,EV Bike
663,2025-09-27,1900-01-01 18:41:00,18.0,ST005,Electronic City Bike Station,12.84594,77.661709,91.0,48.0,72.0,100.0,38.5,Peak,Scooter
418,2025-09-27,1900-01-01 22:19:00,22.0,ST011,BTM Layout Bike Station,12.917736,77.608912,45.0,55.0,102.0,44.12,9.5,Normal,Scooter
842,2025-09-27,1900-01-01 22:43:00,22.0,ST004,Whitefield Bike Station,12.970467,77.74867,23.0,74.0,103.0,22.33,22.2,Normal,EV Bike
300,2025-09-28,1900-01-01 00:07:00,0.0,ST004,Whitefield Bike Station,12.970847,77.750061,57.0,29.0,60.0,95.0,8.6,Normal,Scooter
35,2025-09-29,1900-01-01 03:39:00,3.0,ST001,MG Road Bike Station,12.974958,77.606977,55.0,6.0,47.0,100.0,29.9,Normal,EV Bike
125,2025-09-29,1900-01-01 14:42:00,14.0,ST008,Marathahalli Bike Station,12.959955,77.697399,43.0,49.0,81.0,53.09,38.7,Normal,EV Bike
546,2025-09-29,1900-01-01 17:30:00,17.0,ST002,Koramangala Bike Station,12.934319,77.624694,36.0,14.0,40.0,90.0,24.1,Peak,EV Bike
8,2025-09-29,1900-01-01 23:19:00,23.0,ST012,Rajajinagar Bike Station,12.997198,77.554327,65.0,5.0,20.0,100.0,26.4,Normal,Scooter
175,2025-09-30,1900-01-01 06:25:00,6.0,ST006,Yelahanka Bike Station,13.102015,77.596248,49.0,58.0,102.0,48.04,43.7,Normal,Scooter
756,2025-09-30,1900-01-01 18:34:00,18.0,ST014,Banashankari Bike Station,12.92426,77.546977,66.0,31.0,66.0,100.0,36.7,Peak,Scooter
828,2025-09-30,1900-01-01 20:18:00,20.0,ST011,BTM Layout Bike Station,12.916404,77.608981,18.0,10.0,59.0,30.51,27.9,Peak,EV Bike
351,2025-10-01,1900-01-01 04:51:00,4.0,ST004,Whitefield Bike Station,12.97015,77.74934,61.0,8.0,42.0,100.0,40.7,Normal,EV Bike
222,2025-10-01,1900-01-01 08:09:00,8.0,ST004,Whitefield Bike Station,12.97023,77.750197,43.0,19.0,36.0,100.0,30.7,Peak,EV Bike
879,2025-10-01,1900-01-01 12:58:00,12.0,ST014,Banashankari Bike Station,12.926525,77.546183,50.0,61.0,86.0,58.14,12.0,Normal,EV Bike
969,2025-10-02,1900-01-01 05:30:00,5.0,ST007,Hebbal Bike Station,13.036208,77.597135,18.0,23.0,72.0,25.0,40.6,Normal,Scooter
985,2025-10-02,1900-01-01 16:05:00,16.0,ST007,Hebbal Bike Station,13.035391,77.598006,20.0,65.0,98.0,20.41,13.1,Normal,EV Bike
241,2025-10-03,1900-01-01 07:06:00,7.0,ST003,Indiranagar Bike Station,12.978687,77.639398,36.0,68.0,84.0,42.86,14.3,Normal,Scooter
411,2025-10-03,1900-01-01 11:52:00,11.0,ST001,MG Road Bike Station,12.976637,77.605148,43.0,62.0,80.0,53.75,17.3,Normal,EV Bike
426,2025-10-03,1900-01-01 16:01:00,16.0,ST009,HSR Layout Bike Station,12.911789,77.638699,64.0,13.0,60.0,100.0,36.7,Normal,EV Bike
444,2025-10-03,1900-01-01 19:42:00,19.0,ST003,Indiranagar Bike Station,12.977176,77.640912,102.0,35.0,61.0,100.0,33.0,Peak,EV Bike
366,2025-10-03,1900-01-01 21:52:00,21.0,ST008,Marathahalli Bike Station,12.958339,77.696008,49.0,58.0,89.0,55.06,21.3,Normal,EV Bike
822,2025-10-03,1900-01-01 22:42:00,22.0,ST006,Yelahanka Bike Station,13.100045,77.597623,58.0,68.0,117.0,49.57,23.5,Normal,Scooter
721,2025-10-03,1900-01-01 23:09:00,23.0,ST007,Hebbal Bike Station,13.035468,77.596928,54.0,54.0,79.0,68.35,12.9,Normal,Scooter
271,2025-10-04,1900-01-01 10:29:00,10.0,ST011,BTM Layout Bike Station,12.9166,77.609851,61.0,12.0,37.0,100.0,16.6,Peak,Scooter
37,2025-10-05,1900-01-01 02:05:00,2.0,ST002,Koramangala Bike Station,12.936143,77.625491,66.0,63.0,90.0,73.33,11.6,Normal,EV Bike
438,2025-10-05,1900-01-01 09:12:00,9.0,ST013,Malleshwaram Bike Station,13.004498,77.569699,99.0,80.0,126.0,78.57,13.4,Peak,Scooter
539,2025-10-05,1900-01-01 09:39:00,9.0,ST011,BTM Layout Bike Station,12.917209,77.611274,104.0,23.0,38.0,100.0,14.4,Peak,EV Bike
576,2025-10-05,1900-01-01 16:20:00,16.0,ST005,Electronic City Bike Station,12.845002,77.661161,10.0,59.0,91.0,10.99,30.1,Normal,Scooter
75,2025-10-06,1900-01-01 09:52:00,9.0,ST009,HSR Layout Bike Station,12.911164,77.63816,30.0,63.0,90.0,33.33,14.8,Peak,Scooter
906,2025-10-06,1900-01-01 15:44:00,15.0,ST008,Marathahalli Bike Station,12.959569,77.696116,11.0,63.0,81.0,13.58,22.8,Normal,Scooter
359,2025-10-06,1900-01-01 22:34:00,22.0,ST001,MG Road Bike Station,12.975074,77.607378,48.0,21.0,59.0,81.36,19.5,Normal,EV Bike
402,2025-10-08,1900-01-01 01:49:00,1.0,ST015,JP Nagar Bike Station,12.906932,77.586073,23.0,40.0,67.0,34.33,29.4,Normal,EV Bike
979,2025-10-08,1900-01-01 02:48:00,2.0,ST007,Hebbal Bike Station,13.035046,77.598448,43.0,68.0,83.0,51.81,5.3,Normal,EV Bike
459,2025-10-08,1900-01-01 12:21:00,12.0,ST012,Rajajinagar Bike Station,12.999871,77.554135,34.0,48.0,75.0,45.33,39.3,Normal,EV Bike
617,2025-10-08,1900-01-01 14:27:00,14.0,ST011,BTM Layout Bike Station,12.915943,77.608707,13.0,24.0,34.0,38.24,9.5,Normal,Scooter
525,2025-10-09,1900-01-01 10:49:00,10.0,ST013,Malleshwaram Bike Station,13.003696,77.57124,104.0,47.0,62.0,100.0,32.0,Peak,EV Bike
761,2025-10-09,1900-01-01 15:51:00,15.0,ST007,Hebbal Bike Station,13.036774,77.597648,61.0,42.0,88.0,69.32,9.6,Normal,Scooter
944,2025-10-09,1900-01-01 23:13:00,23.0,ST001,MG Road Bike Station,12.975618,77.606837,15.0,24.0,61.0,24.59,19.3,Normal,Scooter
80,2025-10-10,1900-01-01 00:08:00,0.0,ST010,Jayanagar Bike Station,12.92424,77.592351,21.0,68.0,83.0,25.3,15.6,Normal,Scooter
949,2025-10-10,1900-01-01 01:23:00,1.0,ST004,Whitefield Bike Station,12.970935,77.748927,36.0,77.0,117.0,30.77,27.1,Normal,EV Bike
950,2025-10-10,1900-01-01 05:12:00,5.0,ST008,Marathahalli Bike Station,12.957827,77.697823,60.0,28.0,43.0,100.0,10.5,Normal,EV Bike
187,2025-10-10,1900-01-01 05:56:00,5.0,ST007,Hebbal Bike Station,13.03563,77.595888,40.0,31.0,42.0,95.24,31.1,Normal,EV Bike
586,2025-10-11,1900-01-01 05:58:00,5.0,ST002,Koramangala Bike Station,12.936385,77.623902,15.0,5.0,55.0,27.27,44.1,Normal,Scooter
638,2025-10-11,1900-01-01 07:52:00,7.0,ST015,JP Nagar Bike Station,12.908411,77.584423,23.0,72.0,109.0,21.1,32.7,Normal,Scooter
760,2025-10-12,1900-01-01 00:03:00,0.0,ST013,Malleshwaram Bike Station,13.004328,77.57129,59.0,68.0,92.0,64.13,34.6,Normal,EV Bike
330,2025-10-12,1900-01-01 00:17:00,0.0,ST005,Electronic City Bike Station,12.846504,77.661716,22.0,76.0,118.0,18.64,8.4,Normal,EV Bike
72,2025-10-12,1900-01-01 03:45:00,3.0,ST011,BTM Layout Bike Station,12.917398,77.608937,41.0,60.0,87.0,47.13,24.6,Normal,EV Bike
17,2025-10-12,1900-01-01 10:51:00,10.0,ST009,HSR Layout Bike Station,12.910822,77.638705,52.0,43.0,69.0,75.36,23.2,Peak,Scooter
283,2025-10-12,1900-01-01 16:57:00,16.0,ST006,Yelahanka Bike Station,13.101019,77.597007,18.0,10.0,30.0,60.0,10.2,Normal,EV Bike
635,2025-10-12,1900-01-01 18:04:00,18.0,ST005,Electronic City Bike Station,12.844707,77.659651,45.0,64.0,99.0,45.45,21.4,Peak,Scooter
516,2025-10-14,1900-01-01 13:45:00,13.0,ST010,Jayanagar Bike Station,12.924548,77.593533,19.0,11.0,54.0,35.19,43.3,Normal,EV Bike
213,2025-10-14,1900-01-01 13:52:00,13.0,ST008,Marathahalli Bike Station,12.960611,77.69781,12.0,65.0,101.0,11.88,30.4,Normal,Scooter
977,2025-10-16,1900-01-01 10:47:00,10.0,ST013,Malleshwaram Bike Station,13.004352,77.570869,108.0,75.0,103.0,100.0,36.8,Peak,EV Bike
714,2025-10-16,1900-01-01 14:47:00,14.0,ST002,Koramangala Bike Station,12.935369,77.623576,60.0,43.0,85.0,70.59,22.6,Normal,Scooter
853,2025-10-16,1900-01-01 22:48:00,22.0,ST012,Rajajinagar Bike Station,12.997063,77.553547,46.0,35.0,60.0,76.67,45.0,Normal,EV Bike
79,2025-10-16,1900-01-01 23:20:00,23.0,ST013,Malleshwaram Bike Station,13.002199,77.569418,59.0,41.0,85.0,69.41,16.5,Normal,EV Bike
40,2025-10-16,1900-01-01 23:32:00,23.0,ST009,HSR Layout Bike Station,12.910253,77.637963,15.0,29.0,47.0,31.91,24.1,Normal,EV Bike
914,2025-10-18,1900-01-01 01:55:00,1.0,ST008,Marathahalli Bike Station,12.960393,77.69599,17.0,71.0,89.0,19.1,11.6,Normal,Scooter
224,2025-10-18,1900-01-01 13:07:00,13.0,ST006,Yelahanka Bike Station,13.100425,77.59558,62.0,35.0,65.0,95.38,29.2,Normal,Scooter
550,2025-10-18,1900-01-01 19:22:00,19.0,ST011,BTM Layout Bike Station,12.917244,77.608641,41.0,34.0,57.0,71.93,33.9,Peak,EV Bike
917,2025-10-18,1900-01-01 22:55:00,22.0,ST015,JP Nagar Bike Station,12.909173,77.584557,45.0,10.0,25.0,100.0,36.3,Normal,Scooter
982,2025-10-19,1900-01-01 06:13:00,6.0,ST011,BTM Layout Bike Station,12.917762,77.609933,28.0,55.0,86.0,32.56,17.4,Normal,Scooter
386,2025-10-19,1900-01-01 08:10:00,8.0,ST010,Jayanagar Bike Station,12.924168,77.593663,55.0,41.0,67.0,82.09,29.9,Peak,Scooter
153,2025-10-19,1900-01-01 13:02:00,13.0,ST004,Whitefield Bike Station,12.970794,77.749535,22.0,6.0,35.0,62.86,43.0,Normal,Scooter
206,2025-10-19,1900-01-01 15:38:00,15.0,ST001,MG Road Bike Station,12.97427,77.605792,27.0,12.0,35.0,77.14,24.0,Normal,Scooter
762,2025-10-19,1900-01-01 16:28:00,16.0,ST010,Jayanagar Bike Station,12.92363,77.595046,24.0,61.0,95.0,25.26,34.4,Normal,Scooter
779,2025-10-21,1900-01-01 12:13:00,12.0,ST013,Malleshwaram Bike Station,13.003382,77.572085,58.0,44.0,74.0,78.38,39.6,Normal,Scooter
152,2025-10-21,1900-01-01 19:12:00,19.0,ST009,HSR Layout Bike Station,12.910387,77.638672,81.0,42.0,67.0,100.0,12.3,Peak,EV Bike
741,2025-10-22,1900-01-01 01:12:00,1.0,ST010,Jayanagar Bike Station,12.924328,77.594611,40.0,37.0,84.0,47.62,33.4,Normal,EV Bike
273,2025-10-22,1900-01-01 22:10:00,22.0,ST015,JP Nagar Bike Station,12.908941,77.583945,34.0,71.0,99.0,34.34,33.8,Normal,EV Bike
844,2025-10-22,1900-01-01 23:16:00,23.0,ST011,BTM Layout Bike Station,12.915926,77.608745,14.0,61.0,82.0,17.07,42.4,Normal,Scooter
704,2025-10-24,1900-01-01 01:59:00,1.0,ST004,Whitefield Bike Station,12.970647,77.75006,49.0,54.0,88.0,55.68,23.5,Normal,Scooter
932,2025-10-24,1900-01-01 20:57:00,20.0,ST003,Indiranagar Bike Station,12.979132,77.639446,28.0,54.0,84.0,33.33,32.2,Peak,EV Bike
54,2025-10-25,1900-01-01 03:30:00,3.0,ST005,Electronic City Bike Station,12.846176,77.658884,66.0,23.0,55.0,100.0,12.3,Normal,Scooter
89,2025-10-25,1900-01-01 17:30:00,17.0,ST003,Indiranagar Bike Station,12.977857,77.640825,91.0,55.0,96.0,94.79,35.1,Peak,Scooter
284,2025-10-25,1900-01-01 19:25:00,19.0,ST009,HSR Layout Bike Station,12.910804,77.639946,19.0,37.0,83.0,22.89,40.2,Peak,Scooter
458,2025-10-26,1900-01-01 20:52:00,20.0,ST004,Whitefield Bike Station,12.970286,77.748758,66.0,52.0,83.0,79.52,21.0,Peak,EV Bike
258,2025-10-27,1900-01-01 00:30:00,0.0,ST002,Koramangala Bike Station,12.93467,77.623902,49.0,67.0,86.0,56.98,37.2,Normal,EV Bike
778,2025-10-27,1900-01-01 14:41:00,14.0,ST007,Hebbal Bike Station,13.036809,77.595898,24.0,20.0,39.0,61.54,28.5,Normal,EV Bike
455,2025-10-27,1900-01-01 18:21:00,18.0,ST014,Banashankari Bike Station,12.924218,77.546384,126.0,43.0,63.0,100.0,18.2,Peak,Scooter
416,2025-10-27,1900-01-01 19:54:00,19.0,ST010,Jayanagar Bike Station,12.926268,77.594424,68.0,48.0,60.0,100.0,34.9,Peak,Scooter
554,2025-10-27,1900-01-01 22:40:00,22.0,ST001,MG Road Bike Station,12.975304,77.60519,23.0,43.0,55.0,41.82,19.3,Normal,EV Bike
632,2025-10-28,1900-01-01 20:33:00,20.0,ST004,Whitefield Bike Station,12.969623,77.751165,43.0,54.0,95.0,45.26,41.1,Peak,Scooter
855,2025-10-28,1900-01-01 20:42:00,20.0,ST001,MG Road Bike Station,12.97548,77.607457,50.0,79.0,93.0,53.76,26.7,Peak,Scooter
805,2025-10-29,1900-01-01 15:18:00,15.0,ST011,BTM Layout Bike Station,12.91541,77.611382,17.0,58.0,102.0,16.67,28.8,Normal,EV Bike
789,2025-10-29,1900-01-01 15:35:00,15.0,ST005,Electronic City Bike Station,12.845846,77.659932,40.0,27.0,58.0,68.97,33.7,Normal,EV Bike
14,2025-10-31,1900-01-01 18:16:00,18.0,ST009,HSR Layout Bike Station,12.912911,77.638264,54.0,47.0,58.0,93.1,32.2,Peak,Scooter
135,2025-11-01,1900-01-01 09:41:00,9.0,ST009,HSR Layout Bike Station,12.911725,77.640006,55.0,65.0,97.0,56.7,9.7,Peak,Scooter
221,2025-11-01,1900-01-01 16:42:00,16.0,ST004,Whitefield Bike Station,12.970679,77.749734,35.0,49.0,78.0,44.87,28.3,Normal,EV Bike
918,2025-11-02,1900-01-01 14:07:00,14.0,ST005,Electronic City Bike Station,12.84649,77.659646,53.0,22.0,55.0,96.36,15.8,Normal,Scooter
751,2025-11-02,1900-01-01 22:51:00,22.0,ST007,Hebbal Bike Station,13.037211,77.595821,15.0,51.0,94.0,15.96,12.8,Normal,Scooter
933,2025-11-02,1900-01-01 23:14:00,23.0,ST010,Jayanagar Bike Station,12.924798,77.593989,31.0,8.0,42.0,73.81,11.3,Normal,EV Bike
76,2025-11-02,1900-01-01 23:24:00,23.0,ST004,Whitefield Bike Station,12.968841,77.749196,31.0,7.0,50.0,62.0,21.3,Normal,Scooter
980,2025-11-04,1900-01-01 00:35:00,0.0,ST005,Electronic City Bike Station,12.846558,77.661289,51.0,40.0,77.0,66.23,16.3,Normal,Scooter
644,2025-11-04,1900-01-01 10:50:00,10.0,ST013,Malleshwaram Bike Station,13.004215,77.570231,63.0,67.0,102.0,61.76,23.5,Peak,Scooter
947,2025-11-04,1900-01-01 17:45:00,17.0,ST014,Banashankari Bike Station,12.924957,77.546107,75.0,22.0,70.0,100.0,16.7,Peak,EV Bike
448,2025-11-04,1900-01-01 21:25:00,21.0,ST006,Yelahanka Bike Station,13.100885,77.595858,17.0,51.0,66.0,25.76,17.4,Normal,EV Bike
132,2025-11-05,1900-01-01 00:11:00,0.0,ST009,HSR Layout Bike Station,12.911492,77.640247,23.0,63.0,110.0,20.91,41.7,Normal,EV Bike
876,2025-11-05,1900-01-01 19:06:00,19.0,ST006,Yelahanka Bike Station,13.100105,77.596631,75.0,46.0,62.0,100.0,22.7,Peak,EV Bike
755,2025-11-05,1900-01-01 23:16:00,23.0,ST010,Jayanagar Bike Station,12.923823,77.594269,22.0,72.0,93.0,23.66,24.4,Normal,Scooter
200,2025-11-06,1900-01-01 05:57:00,5.0,ST012,Rajajinagar Bike Station,12.999741,77.555116,45.0,45.0,56.0,80.36,29.1,Normal,Scooter
589,2025-11-07,1900-01-01 15:58:00,15.0,ST002,Koramangala Bike Station,12.934718,77.625697,30.0,35.0,50.0,60.0,38.4,Normal,EV Bike
683,2025-11-07,1900-01-01 22:38:00,22.0,ST012,Rajajinagar Bike Station,12.997913,77.55313,17.0,74.0,114.0,14.91,42.5,Normal,Scooter
966,2025-11-08,1900-01-01 03:13:00,3.0,ST007,Hebbal Bike Station,13.036779,77.597941,38.0,48.0,73.0,52.05,11.0,Normal,EV Bike
968,2025-11-08,1900-01-01 04:19:00,4.0,ST014,Banashankari Bike Station,12.924687,77.547534,51.0,21.0,57.0,89.47,12.8,Normal,EV Bike
506,2025-11-08,1900-01-01 06:09:00,6.0,ST003,Indiranagar Bike Station,12.979185,77.641225,28.0,68.0,103.0,27.18,20.3,Normal,Scooter
375,2025-11-08,1900-01-01 10:45:00,10.0,ST004,Whitefield Bike Station,12.969521,77.750806,104.0,48.0,97.0,100.0,16.8,Peak,Scooter
941,2025-11-09,1900-01-01 18:22:00,18.0,ST007,Hebbal Bike Station,13.034885,77.597722,104.0,7.0,44.0,100.0,28.0,Peak,Scooter
290,2025-11-10,1900-01-01 08:43:00,8.0,ST003,Indiranagar Bike Station,12.979375,77.642098,70.0,53.0,73.0,95.89,31.5,Peak,EV Bike
481,2025-11-10,1900-01-01 08:45:00,8.0,ST011,BTM Layout Bike Station,12.916421,77.609728,106.0,18.0,58.0,100.0,27.8,Peak,Scooter
106,2025-11-10,1900-01-01 11:05:00,11.0,ST003,Indiranagar Bike Station,12.977728,77.641091,16.0,62.0,96.0,16.67,33.6,Normal,EV Bike
261,2025-11-10,1900-01-01 13:32:00,13.0,ST010,Jayanagar Bike Station,12.925106,77.592546,50.0,50.0,67.0,74.63,14.7,Normal,EV Bike
348,2025-11-10,1900-01-01 14:22:00,14.0,ST003,Indiranagar Bike Station,12.976963,77.642007,39.0,47.0,97.0,40.21,36.7,Normal,Scooter
13,2025-11-10,1900-01-01 15:39:00,15.0,ST014,Banashankari Bike Station,12.926413,77.546016,51.0,77.0,89.0,57.3,15.9,Normal,EV Bike
156,2025-11-11,1900-01-01 03:23:00,3.0,ST010,Jayanagar Bike Station,12.924385,77.592577,38.0,29.0,55.0,69.09,32.2,Normal,EV Bike
325,2025-11-11,1900-01-01 11:24:00,11.0,ST003,Indiranagar Bike Station,12.978639,77.640449,53.0,34.0,49.0,100.0,18.2,Normal,Scooter
740,2025-11-11,1900-01-01 21:47:00,21.0,ST004,Whitefield Bike Station,12.970199,77.751011,14.0,59.0,91.0,15.38,31.9,Normal,Scooter
302,2025-11-12,1900-01-01 01:05:00,1.0,ST006,Yelahanka Bike Station,13.101324,77.596322,28.0,42.0,89.0,31.46,23.5,Normal,EV Bike
255,2025-11-12,1900-01-01 08:26:00,8.0,ST014,Banashankari Bike Station,12.925012,77.546636,82.0,46.0,61.0,100.0,8.6,Peak,EV Bike
405,2025-11-12,1900-01-01 14:02:00,14.0,ST008,Marathahalli Bike Station,12.960693,77.698342,50.0,47.0,91.0,54.95,21.6,Normal,Scooter
615,2025-11-12,1900-01-01 15:05:00,15.0,ST004,Whitefield Bike Station,12.968947,77.749976,51.0,23.0,38.0,100.0,40.9,Normal,Scooter
794,2025-11-13,1900-01-01 05:35:00,5.0,ST004,Whitefield Bike Station,12.96891,77.751294,12.0,49.0,70.0,17.14,32.0,Normal,EV Bike
600,2025-11-13,1900-01-01 23:44:00,23.0,ST011,BTM Layout Bike Station,12.917533,77.609991,57.0,54.0,86.0,66.28,37.0,Normal,EV Bike
994,2025-11-14,1900-01-01 10:55:00,10.0,ST010,Jayanagar Bike Station,12.92573,77.592647,108.0,21.0,63.0,100.0,38.9,Peak,Scooter
642,2025-11-14,1900-01-01 11:37:00,11.0,ST004,Whitefield Bike Station,12.971098,77.751217,69.0,17.0,59.0,100.0,25.4,Normal,Scooter
337,2025-11-15,1900-01-01 23:49:00,23.0,ST007,Hebbal Bike Station,13.036541,77.598247,53.0,65.0,81.0,65.43,5.8,Normal,EV Bike
287,2025-11-16,1900-01-01 04:22:00,4.0,ST010,Jayanagar Bike Station,12.926279,77.593882,40.0,32.0,46.0,86.96,26.4,Normal,EV Bike
262,2025-11-16,1900-01-01 07:13:00,7.0,ST008,Marathahalli Bike Station,12.958707,77.698629,12.0,48.0,90.0,13.33,15.4,Normal,Scooter
669,2025-11-16,1900-01-01 09:48:00,9.0,ST009,HSR Layout Bike Station,12.910477,77.640243,66.0,21.0,66.0,100.0,32.4,Peak,EV Bike
388,2025-11-16,1900-01-01 16:49:00,16.0,ST005,Electronic City Bike Station,12.844523,77.661496,36.0,13.0,23.0,100.0,37.8,Normal,EV Bike
4,2025-11-16,1900-01-01 23:12:00,23.0,ST011,BTM Layout Bike Station,12.917447,77.609287,31.0,39.0,74.0,41.89,8.1,Normal,Scooter
310,2025-11-17,1900-01-01 14:19:00,14.0,ST011,BTM Layout Bike Station,12.915829,77.609944,29.0,62.0,75.0,38.67,18.9,Normal,Scooter
265,2025-11-18,1900-01-01 06:02:00,6.0,ST005,Electronic City Bike Station,12.846835,77.661348,67.0,11.0,21.0,100.0,23.1,Normal,Scooter
442,2025-11-18,1900-01-01 23:05:00,23.0,ST001,MG Road Bike Station,12.976184,77.606799,29.0,44.0,85.0,34.12,43.8,Normal,EV Bike
625,2025-11-19,1900-01-01 09:50:00,9.0,ST007,Hebbal Bike Station,13.034457,77.596075,43.0,43.0,66.0,65.15,32.2,Peak,EV Bike
958,2025-11-19,1900-01-01 12:49:00,12.0,ST004,Whitefield Bike Station,12.97053,77.751035,32.0,16.0,27.0,100.0,26.0,Normal,Scooter
301,2025-11-19,1900-01-01 15:05:00,15.0,ST009,HSR Layout Bike Station,12.91292,77.638062,11.0,70.0,118.0,9.32,10.5,Normal,Scooter
58,2025-11-20,1900-01-01 19:47:00,19.0,ST005,Electronic City Bike Station,12.845127,77.659094,63.0,15.0,54.0,100.0,38.0,Peak,Scooter
43,2025-11-21,1900-01-01 05:26:00,5.0,ST015,JP Nagar Bike Station,12.908214,77.584095,56.0,57.0,82.0,68.29,10.9,Normal,Scooter
732,2025-11-21,1900-01-01 11:19:00,11.0,ST015,JP Nagar Bike Station,12.907123,77.586173,68.0,36.0,61.0,100.0,38.6,Normal,EV Bike
181,2025-11-21,1900-01-01 20:55:00,20.0,ST006,Yelahanka Bike Station,13.101224,77.596438,91.0,68.0,105.0,86.67,19.5,Peak,EV Bike
975,2025-11-22,1900-01-01 02:52:00,2.0,ST012,Rajajinagar Bike Station,12.999997,77.553564,37.0,66.0,98.0,37.76,33.1,Normal,Scooter
422,2025-11-22,1900-01-01 06:34:00,6.0,ST015,JP Nagar Bike Station,12.907871,77.585504,61.0,12.0,49.0,100.0,14.4,Normal,EV Bike
214,2025-11-22,1900-01-01 14:15:00,14.0,ST012,Rajajinagar Bike Station,12.998424,77.554934,19.0,53.0,70.0,27.14,22.2,Normal,Scooter
15,2025-11-23,1900-01-01 01:51:00,1.0,ST007,Hebbal Bike Station,13.034499,77.595944,57.0,33.0,76.0,75.0,9.8,Normal,Scooter
21,2025-11-23,1900-01-01 04:08:00,4.0,ST010,Jayanagar Bike Station,12.925894,77.593317,54.0,16.0,65.0,83.08,34.2,Normal,EV Bike
95,2025-11-23,1900-01-01 07:59:00,7.0,ST007,Hebbal Bike Station,13.034965,77.596991,21.0,13.0,49.0,42.86,29.4,Normal,EV Bike
113,2025-11-23,1900-01-01 13:16:00,13.0,ST004,Whitefield Bike Station,12.969304,77.749549,52.0,16.0,56.0,92.86,15.6,Normal,Scooter
897,2025-11-24,1900-01-01 12:19:00,12.0,ST009,HSR Layout Bike Station,12.910531,77.637675,64.0,51.0,64.0,100.0,37.1,Normal,Scooter
272,2025-11-24,1900-01-01 13:29:00,13.0,ST002,Koramangala Bike Station,12.935323,77.623128,62.0,53.0,103.0,60.19,11.2,Normal,Scooter
891,2025-11-24,1900-01-01 17:08:00,17.0,ST013,Malleshwaram Bike Station,13.002289,77.57188,122.0,62.0,105.0,100.0,5.6,Peak,EV Bike
160,2025-11-25,1900-01-01 08:36:00,8.0,ST001,MG Road Bike Station,12.975658,77.605487,118.0,60.0,98.0,100.0,43.1,Peak,EV Bike
365,2025-11-25,1900-01-01 10:31:00,10.0,ST012,Rajajinagar Bike Station,12.997476,77.553067,100.0,69.0,79.0,100.0,26.7,Peak,EV Bike
687,2025-11-25,1900-01-01 18:59:00,18.0,ST002,Koramangala Bike Station,12.935695,77.624391,37.0,13.0,29.0,100.0,15.4,Peak,Scooter
532,2025-11-25,1900-01-01 22:28:00,22.0,ST014,Banashankari Bike Station,12.924022,77.545414,20.0,71.0,84.0,23.81,42.3,Normal,Scooter
336,2025-11-25,1900-01-01 22:44:00,22.0,ST007,Hebbal Bike Station,13.034733,77.59721,68.0,34.0,53.0,100.0,27.5,Normal,Scooter
588,2025-11-26,1900-01-01 05:49:00,5.0,ST006,Yelahanka Bike Station,13.100065,77.597548,15.0,66.0,115.0,13.04,39.8,Normal,EV Bike
620,2025-11-26,1900-01-01 09:36:00,9.0,ST003,Indiranagar Bike Station,12.978574,77.641334,108.0,73.0,83.0,100.0,34.9,Peak,Scooter
841,2025-11-27,1900-01-01 01:53:00,1.0,ST003,Indiranagar Bike Station,12.978517,77.641663,19.0,21.0,43.0,44.19,16.2,Normal,EV Bike
928,2025-11-27,1900-01-01 08:42:00,8.0,ST009,HSR Layout Bike Station,12.912612,77.637689,73.0,63.0,88.0,82.95,42.1,Peak,EV Bike
77,2025-11-28,1900-01-01 11:25:00,11.0,ST003,Indiranagar Bike Station,12.977008,77.642143,26.0,35.0,78.0,33.33,33.0,Normal,EV Bike
400,2025-11-28,1900-01-01 13:33:00,13.0,ST002,Koramangala Bike Station,12.933788,77.623038,37.0,10.0,28.0,100.0,41.8,Normal,EV Bike
629,2025-11-29,1900-01-01 00:50:00,0.0,ST004,Whitefield Bike Station,12.969687,77.749407,24.0,61.0,81.0,29.63,43.2,Normal,EV Bike
551,2025-11-29,1900-01-01 04:33:00,4.0,ST003,Indiranagar Bike Station,12.97707,77.640143,70.0,42.0,74.0,94.59,15.0,Normal,Scooter
645,2025-11-29,1900-01-01 09:26:00,9.0,ST006,Yelahanka Bike Station,13.101728,77.595094,66.0,25.0,70.0,94.29,14.8,Peak,Scooter
173,2025-11-29,1900-01-01 22:55:00,22.0,ST013,Malleshwaram Bike Station,13.002406,77.571812,40.0,61.0,78.0,51.28,14.5,Normal,EV Bike
236,2025-11-30,1900-01-01 10:20:00,10.0,ST008,Marathahalli Bike Station,12.960511,77.696215,19.0,11.0,27.0,70.37,40.7,Peak,EV Bike
577,2025-11-30,1900-01-01 12:22:00,12.0,ST002,Koramangala Bike Station,12.934745,77.624891,35.0,8.0,34.0,100.0,7.1,Normal,Scooter
342,2025-12-01,1900-01-01 01:14:00,1.0,ST012,Rajajinagar Bike Station,12.998805,77.553158,58.0,15.0,32.0,100.0,40.8,Normal,EV Bike
942,2025-12-01,1900-01-01 01:29:00,1.0,ST005,Electronic City Bike Station,12.846272,77.660167,58.0,58.0,86.0,67.44,19.0,Normal,Scooter
7,2025-12-01,1900-01-01 19:25:00,19.0,ST015,JP Nagar Bike Station,12.908832,77.585031,72.0,26.0,67.0,100.0,39.7,Peak,EV Bike
791,2025-12-02,1900-01-01 00:13:00,0.0,ST008,Marathahalli Bike Station,12.95973,77.697795,28.0,46.0,71.0,39.44,26.8,Normal,EV Bike
859,2025-12-02,1900-01-01 05:13:00,5.0,ST015,JP Nagar Bike Station,12.906427,77.58519,63.0,15.0,50.0,100.0,43.0,Normal,EV Bike
341,2025-12-02,1900-01-01 07:50:00,7.0,ST014,Banashankari Bike Station,12.926828,77.546856,13.0,30.0,58.0,22.41,44.7,Normal,Scooter
174,2025-12-02,1900-01-01 07:52:00,7.0,ST014,Banashankari Bike Station,12.925039,77.547971,40.0,55.0,93.0,43.01,32.8,Normal,Scooter
939,2025-12-02,1900-01-01 10:46:00,10.0,ST011,BTM Layout Bike Station,12.915576,77.610076,100.0,68.0,98.0,100.0,19.3,Peak,EV Bike
489,2025-12-03,1900-01-01 01:59:00,1.0,ST015,JP Nagar Bike Station,12.906731,77.586017,37.0,41.0,88.0,42.05,30.3,Normal,EV Bike
910,2025-12-03,1900-01-01 16:56:00,16.0,ST002,Koramangala Bike Station,12.936159,77.625945,13.0,79.0,107.0,12.15,33.0,Normal,Scooter
162,2025-12-03,1900-01-01 17:37:00,17.0,ST003,Indiranagar Bike Station,12.977691,77.640664,100.0,72.0,82.0,100.0,34.7,Peak,EV Bike
840,2025-12-03,1900-01-01 20:45:00,20.0,ST006,Yelahanka Bike Station,13.100748,77.595018,93.0,5.0,19.0,100.0,26.1,Peak,EV Bike
373,2025-12-04,1900-01-01 05:54:00,5.0,ST007,Hebbal Bike Station,13.034667,77.597123,65.0,28.0,61.0,100.0,21.7,Normal,EV Bike
25,2025-12-04,1900-01-01 16:25:00,16.0,ST010,Jayanagar Bike Station,12.923831,77.592423,68.0,21.0,38.0,100.0,29.5,Normal,EV Bike
250,2025-12-04,1900-01-01 18:55:00,18.0,ST007,Hebbal Bike Station,13.036041,77.597786,77.0,78.0,124.0,62.1,43.0,Peak,Scooter
884,2025-12-05,1900-01-01 11:07:00,11.0,ST009,HSR Layout Bike Station,12.912947,77.638543,51.0,72.0,84.0,60.71,13.2,Normal,EV Bike
130,2025-12-05,1900-01-01 11:27:00,11.0,ST012,Rajajinagar Bike Station,12.997212,77.553433,15.0,60.0,104.0,14.42,41.9,Normal,Scooter
208,2025-12-05,1900-01-01 12:14:00,12.0,ST001,MG Road Bike Station,12.97583,77.607844,31.0,73.0,105.0,29.52,24.0,Normal,Scooter
207,2025-12-05,1900-01-01 13:13:00,13.0,ST011,BTM Layout Bike Station,12.916819,77.610659,38.0,71.0,97.0,39.18,14.1,Normal,Scooter
186,2025-12-06,1900-01-01 08:31:00,8.0,ST001,MG Road Bike Station,12.975844,77.605461,27.0,36.0,50.0,54.0,13.6,Peak,Scooter
784,2025-12-06,1900-01-01 22:06:00,22.0,ST008,Marathahalli Bike Station,12.958083,77.697936,57.0,21.0,34.0,100.0,15.7,Normal,EV Bike
769,2025-12-07,1900-01-01 04:43:00,4.0,ST014,Banashankari Bike Station,12.926083,77.546046,22.0,24.0,46.0,47.83,34.3,Normal,Scooter
870,2025-12-07,1900-01-01 11:27:00,11.0,ST003,Indiranagar Bike Station,12.977479,77.639978,28.0,74.0,111.0,25.23,33.1,Normal,EV Bike
743,2025-12-07,1900-01-01 21:04:00,21.0,ST006,Yelahanka Bike Station,13.100894,77.597433,44.0,25.0,40.0,100.0,17.4,Normal,EV Bike
282,2025-12-08,1900-01-01 10:35:00,10.0,ST005,Electronic City Bike Station,12.845898,77.65934,91.0,52.0,68.0,100.0,43.6,Peak,EV Bike
544,2025-12-09,1900-01-01 11:46:00,11.0,ST012,Rajajinagar Bike Station,12.997049,77.553973,29.0,47.0,89.0,32.58,12.4,Normal,Scooter
680,2025-12-10,1900-01-01 12:22:00,12.0,ST001,MG Road Bike Station,12.975147,77.605944,15.0,20.0,34.0,44.12,39.6,Normal,Scooter
833,2025-12-11,1900-01-01 10:21:00,10.0,ST009,HSR Layout Bike Station,12.911302,77.640055,43.0,21.0,60.0,71.67,14.2,Peak,Scooter
786,2025-12-11,1900-01-01 16:33:00,16.0,ST009,HSR Layout Bike Station,12.911844,77.639737,33.0,34.0,68.0,48.53,38.2,Normal,EV Bike
888,2025-12-12,1900-01-01 00:43:00,0.0,ST014,Banashankari Bike Station,12.924264,77.545719,22.0,23.0,69.0,31.88,40.6,Normal,Scooter
831,2025-12-12,1900-01-01 08:13:00,8.0,ST011,BTM Layout Bike Station,12.915232,77.609743,63.0,30.0,54.0,100.0,17.3,Peak,Scooter
667,2025-12-13,1900-01-01 05:25:00,5.0,ST007,Hebbal Bike Station,13.037005,77.595948,33.0,28.0,69.0,47.83,44.0,Normal,EV Bike
197,2025-12-13,1900-01-01 10:29:00,10.0,ST005,Electronic City Bike Station,12.844547,77.661132,68.0,42.0,53.0,100.0,43.9,Peak,EV Bike
749,2025-12-14,1900-01-01 10:01:00,10.0,ST004,Whitefield Bike Station,12.969849,77.749745,59.0,49.0,60.0,98.33,30.9,Peak,EV Bike
634,2025-12-14,1900-01-01 21:30:00,21.0,ST006,Yelahanka Bike Station,13.100038,77.594961,10.0,7.0,32.0,31.25,31.5,Normal,EV Bike
834,2025-12-14,1900-01-01 23:42:00,23.0,ST001,MG Road Bike Station,12.976303,77.60603,62.0,44.0,72.0,86.11,29.7,Normal,Scooter
428,2025-12-15,1900-01-01 12:57:00,12.0,ST001,MG Road Bike Station,12.977007,77.607265,28.0,24.0,54.0,51.85,24.3,Normal,Scooter
579,2025-12-15,1900-01-01 14:51:00,14.0,ST008,Marathahalli Bike Station,12.959334,77.697666,22.0,76.0,103.0,21.36,23.3,Normal,EV Bike
563,2025-12-15,1900-01-01 17:12:00,17.0,ST003,Indiranagar Bike Station,12.976986,77.639861,59.0,52.0,99.0,59.6,7.7,Peak,EV Bike
497,2025-12-16,1900-01-01 10:18:00,10.0,ST014,Banashankari Bike Station,12.9249,77.548268,30.0,75.0,91.0,32.97,26.4,Peak,EV Bike
196,2025-12-16,1900-01-01 12:24:00,12.0,ST001,MG Road Bike Station,12.9761,77.605826,60.0,67.0,85.0,70.59,16.1,Normal,Scooter
379,2025-12-17,1900-01-01 04:48:00,4.0,ST007,Hebbal Bike Station,13.035297,77.59794,47.0,79.0,114.0,41.23,23.5,Normal,EV Bike
317,2025-12-17,1900-01-01 14:47:00,14.0,ST009,HSR Layout Bike Station,12.911265,77.640384,17.0,46.0,66.0,25.76,44.3,Normal,EV Bike
659,2025-12-18,1900-01-01 09:34:00,9.0,ST004,Whitefield Bike Station,12.970271,77.750086,95.0,60.0,95.0,100.0,7.1,Peak,EV Bike
992,2025-12-18,1900-01-01 09:43:00,9.0,ST010,Jayanagar Bike Station,12.924818,77.594237,43.0,78.0,110.0,39.09,43.9,Peak,Scooter
564,2025-12-18,1900-01-01 09:54:00,9.0,ST010,Jayanagar Bike Station,12.925187,77.594243,37.0,10.0,31.0,100.0,44.2,Peak,Scooter
892,2025-12-18,1900-01-01 10:05:00,10.0,ST014,Banashankari Bike Station,12.926819,77.54669,27.0,71.0,114.0,23.68,23.0,Peak,Scooter
263,2025-12-18,1900-01-01 18:52:00,18.0,ST002,Koramangala Bike Station,12.936286,77.623914,30.0,79.0,99.0,30.3,18.3,Peak,Scooter
128,2025-12-18,1900-01-01 19:41:00,19.0,ST012,Rajajinagar Bike Station,12.999246,77.553057,63.0,11.0,26.0,100.0,12.6,Peak,EV Bike
81,2025-12-19,1900-01-01 16:48:00,16.0,ST013,Malleshwaram Bike Station,13.00435,77.571893,14.0,33.0,74.0,18.92,21.5,Normal,EV Bike
672,2025-12-20,1900-01-01 06:39:00,6.0,ST008,Marathahalli Bike Station,12.958556,77.698868,63.0,47.0,82.0,76.83,8.1,Normal,Scooter
2,2025-12-21,1900-01-01 07:14:00,7.0,ST008,Marathahalli Bike Station,12.958466,77.696383,31.0,61.0,75.0,41.33,22.8,Normal,Scooter
903,2025-12-21,1900-01-01 10:22:00,10.0,ST008,Marathahalli Bike Station,12.959376,77.697056,97.0,53.0,74.0,100.0,41.7,Peak,Scooter
611,2025-12-21,1900-01-01 11:04:00,11.0,ST007,Hebbal Bike Station,13.035784,77.595703,11.0,5.0,39.0,28.21,35.5,Normal,EV Bike
775,2025-12-21,1900-01-01 11:55:00,11.0,ST009,HSR Layout Bike Station,12.91218,77.638583,39.0,22.0,56.0,69.64,11.2,Normal,Scooter
560,2025-12-21,1900-01-01 13:05:00,13.0,ST012,Rajajinagar Bike Station,12.997141,77.553352,10.0,42.0,86.0,11.63,25.7,Normal,Scooter
185,2025-12-22,1900-01-01 09:44:00,9.0,ST012,Rajajinagar Bike Station,12.998763,77.553199,34.0,13.0,57.0,59.65,15.4,Peak,EV Bike
781,2025-12-22,1900-01-01 21:52:00,21.0,ST001,MG Road Bike Station,12.975677,77.605518,16.0,21.0,42.0,38.1,40.1,Normal,EV Bike
706,2025-12-23,1900-01-01 00:45:00,0.0,ST004,Whitefield Bike Station,12.970377,77.748881,27.0,59.0,87.0,31.03,7.8,Normal,Scooter
122,2025-12-23,1900-01-01 02:14:00,2.0,ST015,JP Nagar Bike Station,12.907147,77.585895,61.0,11.0,29.0,100.0,18.5,Normal,EV Bike
606,2025-12-23,1900-01-01 04:47:00,4.0,ST006,Yelahanka Bike Station,13.101612,77.594808,25.0,18.0,32.0,78.12,33.3,Normal,EV Bike
399,2025-12-23,1900-01-01 08:58:00,8.0,ST009,HSR Layout Bike Station,12.910513,77.639118,100.0,7.0,45.0,100.0,5.5,Peak,Scooter
44,2025-12-23,1900-01-01 13:07:00,13.0,ST006,Yelahanka Bike Station,13.100105,77.597671,30.0,33.0,79.0,37.97,25.7,Normal,Scooter
593,2025-12-24,1900-01-01 05:53:00,5.0,ST014,Banashankari Bike Station,12.924744,77.54635,41.0,67.0,116.0,35.34,33.9,Normal,Scooter
69,2025-12-24,1900-01-01 12:16:00,12.0,ST002,Koramangala Bike Station,12.934655,77.623534,59.0,13.0,38.0,100.0,29.2,Normal,Scooter
734,2025-12-24,1900-01-01 13:11:00,13.0,ST013,Malleshwaram Bike Station,13.003489,77.570714,21.0,30.0,67.0,31.34,35.7,Normal,EV Bike
690,2025-12-24,1900-01-01 16:30:00,16.0,ST011,BTM Layout Bike Station,12.915288,77.609207,46.0,76.0,110.0,41.82,22.9,Normal,EV Bike
971,2025-12-24,1900-01-01 19:09:00,19.0,ST006,Yelahanka Bike Station,13.09928,77.597228,23.0,24.0,35.0,65.71,16.6,Peak,EV Bike
460,2025-12-25,1900-01-01 13:05:00,13.0,ST003,Indiranagar Bike Station,12.977453,77.641142,37.0,44.0,82.0,45.12,42.0,Normal,EV Bike
582,2025-12-25,1900-01-01 18:27:00,18.0,ST008,Marathahalli Bike Station,12.960359,77.698768,61.0,48.0,58.0,100.0,19.1,Peak,EV Bike
334,2025-12-25,1900-01-01 23:37:00,23.0,ST007,Hebbal Bike Station,13.036887,77.596026,56.0,42.0,60.0,93.33,39.9,Normal,Scooter
826,2025-12-26,1900-01-01 01:52:00,1.0,ST007,Hebbal Bike Station,13.035458,77.597312,11.0,60.0,108.0,10.19,33.2,Normal,Scooter
94,2025-12-26,1900-01-01 05:25:00,5.0,ST002,Koramangala Bike Station,12.935342,77.623596,44.0,44.0,86.0,51.16,37.9,Normal,Scooter
67,2025-12-26,1900-01-01 07:39:00,7.0,ST004,Whitefield Bike Station,12.970111,77.748519,13.0,71.0,121.0,10.74,17.4,Normal,Scooter
686,2025-12-26,1900-01-01 09:21:00,9.0,ST001,MG Road Bike Station,12.976312,77.606749,55.0,33.0,80.0,68.75,8.7,Peak,Scooter
346,2025-12-26,1900-01-01 15:15:00,15.0,ST002,Koramangala Bike Station,12.936199,77.62366,52.0,21.0,52.0,100.0,33.4,Normal,Scooter
90,2025-12-27,1900-01-01 03:59:00,3.0,ST002,Koramangala Bike Station,12.934372,77.623665,10.0,14.0,30.0,33.33,36.3,Normal,EV Bike
562,2025-12-27,1900-01-01 18:25:00,18.0,ST003,Indiranagar Bike Station,12.97928,77.640325,43.0,48.0,83.0,51.81,35.4,Peak,EV Bike
692,2025-12-28,1900-01-01 04:30:00,4.0,ST007,Hebbal Bike Station,13.035996,77.596814,57.0,63.0,73.0,78.08,38.9,Normal,EV Bike
408,2025-12-29,1900-01-01 03:19:00,3.0,ST006,Yelahanka Bike Station,13.100809,77.597261,44.0,73.0,118.0,37.29,17.3,Normal,Scooter
327,2025-12-29,1900-01-01 20:11:00,20.0,ST012,Rajajinagar Bike Station,12.999612,77.554829,113.0,70.0,100.0,100.0,44.0,Peak,Scooter
71,2025-12-29,1900-01-01 21:08:00,21.0,ST011,BTM Layout Bike Station,12.917004,77.610481,60.0,55.0,83.0,72.29,35.8,Normal,EV Bike
19,2025-12-30,1900-01-01 06:58:00,6.0,ST009,HSR Layout Bike Station,12.913024,77.639255,70.0,9.0,48.0,100.0,38.6,Normal,EV Bike
924,2025-12-30,1900-01-01 13:07:00,13.0,ST005,Electronic City Bike Station,12.846791,77.659178,69.0,59.0,72.0,95.83,21.9,Normal,Scooter
412,2025-12-31,1900-01-01 10:52:00,10.0,ST013,Malleshwaram Bike Station,13.004568,77.57021,102.0,68.0,98.0,100.0,25.2,Peak,EV Bike
832,2025-12-31,1900-01-01 19:50:00,19.0,ST002,Koramangala Bike Station,12.936203,77.625281,82.0,51.0,65.0,100.0,6.4,Peak,Scooter
