GeoID,Date,City,Ward,Latitude,Longitude,Area_sq_km,Elevation_m,Land_Use,Green_Cover_Percentage,Road_Density_km_per_sq_km,Distance_to_City_Center_km,Zone,PINCode
38,2024-12-17, Bengaluru , Mahadevapura ,13.108560847801742,77.67848623872592,6.68,973,Mixed Use,40.4,-1.65,17.53,East,560102
727,2024-04-24, Bengaluru , Dasarahalli ,12.995355751121897,77.68015205240273,10.02,914,Mixed Use,18.6,3.96,28.22,West,560064
4,2024-10-21, Bengaluru ,,13.029176490726641,77.50773673627525,18.83,957,,47.1,7.31,34.4,South,560076
296,2024-04-29, Bengaluru , Shivajinagar ,13.063201891242377,77.72508697621512,8.98,949,,39.6,-2.78,35.11,Central,560064
60,2024-03-23, Bengaluru , Shivajinagar ,12.921864529262685,77.73698175526752,4.64,978,Residential,13.9,6.74,3.54,Central,560078
659,2024-06-05, Bengaluru , Bommanahalli ,13.028683983438142,77.79662135665679,12.14,978,Residential,27.2,3.89,-1.45,South,560048
683,2025-03-27, Bengaluru , Yelahanka ,12.942904063654534,77.47887669146485,10.25,965,Residential,15.6,4.48,1.29,North,560001
287,2025-06-11, Bengaluru , RR Nagar ,13.041403834620587,77.62510789374853,5.01,946,Institutional,14.0,-2.68,24.22,West,560034
242,2025-07-12, Bengaluru , Hebbal ,13.084746251275176,77.64596462928317,5.78,979,Mixed Use,43.9,10.24,25.23,North,560034
132,2024-10-24, Bengaluru , Hebbal ,13.008984174319743,77.51731774855881,19.76,916,Residential,47.4,11.89,27.23,North,560064
138,2025-09-30, Bengaluru ,,13.161689244870823,77.65393174154624,10.19,911,Residential,37.3,0.12,-4.72,South,560102
401,2024-03-06, Bengaluru ,,13.09643714760292,77.70463951688517,2.78,974,Institutional,18.9,13.49,13.47,South,560064
516,2025-07-04, Bengaluru , South ,13.005520911505455,77.5489229820385,13.64,857,Commercial,5.9,12.3,19.11,South,560076
188,2025-07-13, Bengaluru , North ,13.070329740844514,77.71015702004956,14.96,950,Industrial,42.2,2.8,23.3,North,560048
578,2025-06-10, Bengaluru , Yelahanka ,12.958182067597898,77.57334896087796,14.59,961,Industrial,46.7,-0.42,36.47,North,560064
641,2024-09-04, Bengaluru , CV Raman Nagar ,13.068302468641475,77.60057483041534,14.39,880,Industrial,26.3,13.25,11.4,East,560102
738,2024-06-13, Bengaluru , CV Raman Nagar ,13.028250301949265,77.76625550102597,10.65,964,Institutional,26.1,6.77,3.73,East,560076
684,2025-01-22, Bengaluru , North ,13.052251914487657,77.70545812659445,2.71,906,Commercial,33.1,9.89,22.07,North,560037
413,2025-02-09, Bengaluru , East ,12.866947052247237,77.73921835215722,5.59,935,Mixed Use,50.4,-0.69,36.11,East,560102
72,2025-04-21, Bengaluru , East ,12.91138710475774,77.79881366742289,13.77,881,Industrial,19.6,6.97,14.62,East,560064
214,2025-06-28, Bengaluru , Hebbal ,12.87381118043483,77.72410433348729,15.64,909,Institutional,18.0,5.87,35.87,North,560001
9,2024-08-14, Bengaluru , Hebbal ,13.001281506167281,77.6294372948068,4.81,908,Residential,-9.7,3.39,-0.21,North,560076
232,2024-12-03, Bengaluru , South ,13.074621078128047,77.6514611731977,19.46,966,Institutional,27.2,2.09,3.74,South,560001
58,2025-01-07, Bengaluru , East ,12.991740704486396,77.77969559358102,5.24,879,Mixed Use,25.1,10.91,0.85,East,560001
198,2024-10-08, Bengaluru ,,12.984303480306702,77.68238414898967,9.41,957,Industrial,52.7,11.44,33.55,East,560064
640,2025-05-26, Bengaluru , North ,12.990173124924722,77.64166433824933,11.65,939,Commercial,8.8,-2.41,19.55,North,560034
377,2024-06-08, Bengaluru , South ,13.039625318313123,77.46414907055456,17.43,967,Commercial,51.0,-0.83,34.93,South,560037
193,2025-03-24, Bengaluru , RR Nagar ,13.150611838184984,77.52058902937848,16.37,945,Mixed Use,7.3,10.56,38.64,West,560078
100,2025-07-15, Bengaluru , West ,12.924296921964885,77.50311747915606,-4.88,881,Residential,11.7,5.5,7.4,West,560048
679,2024-03-25, Bengaluru , CV Raman Nagar ,12.958078260985415,77.59401009725153,13.61,899,Commercial,29.7,7.49,10.0,East,560076
651,2025-05-31, Bengaluru , North ,13.145272436398747,77.6231169136773,8.86,938,Industrial,18.1,12.74,30.19,North,560037
224,2025-10-14, Bengaluru , North ,12.865381454327885,77.54761639099551,14.07,955,Industrial,44.5,4.12,31.49,North,560034
206,2024-06-25, Bengaluru , Shivajinagar ,12.936588733757617,77.70982325358256,16.29,926,Institutional,46.1,-0.97,2.26,Central,560078
749,2025-03-03, Bengaluru , North ,13.014170447950427,77.65501987388774,18.55,854,Mixed Use,15.6,1.4,21.32,North,560102
463,2024-03-11, Bengaluru , South ,12.904650127066805,77.72283946432417,4.48,913,Commercial,29.8,-1.12,15.53,South,560078
147,2025-06-17, Bengaluru , CV Raman Nagar ,13.089514677981633,77.57216369269406,15.86,923,Institutional,7.6,1.4,0.0,East,560076
21,2025-01-09,, South ,13.004160335630946,77.45632869328946,13.42,866,Commercial,10.8,1.78,-3.22,South,560037
520,2024-08-06, Bengaluru , RR Nagar ,13.082357086275955,77.73685675041222,11.75,865,Institutional,30.1,-2.88,-4.62,West,560001
547,2025-04-06, Bengaluru , North ,13.066398674887127,77.7118633833824,10.14,965,Commercial,47.8,12.92,8.41,North,560048
647,2025-09-03, Bengaluru ,,12.94697479030797,77.69752240477227,9.51,917,Residential,40.6,6.57,5.3,North,560078
688,2025-01-24, Bengaluru ,,13.169816444682557,77.4517289133534,18.13,956,,7.7,0.1,28.64,North,560064
83,2025-01-28, Bengaluru , Shivajinagar ,12.955736851741763,77.55409154148566,4.41,877,Mixed Use,5.7,12.38,14.64,Central,560048
657,2024-04-25, Bengaluru , South ,13.07742427546788,77.5033729336091,17.97,968,Commercial,53.1,10.74,13.8,South,560078
554,2024-01-22, Bengaluru , East ,12.85192883851844,77.73871656289388,10.46,977,Residential,43.1,8.29,-2.55,East,560064
590,2024-06-11, Bengaluru , Hebbal ,12.935570377161953,77.69135889152065,7.15,930,Institutional,85.7,8.55,24.99,North,560064
371,2024-02-26, Bengaluru , Yelahanka ,13.021458753900228,77.62256515352529,4.23,946,Residential,39.5,4.37,38.14,North,560102
597,2025-08-01, Bengaluru , East ,13.169649926248033,77.50623410895264,14.6,969,Mixed Use,40.2,2.93,26.2,East,560064
497,2024-03-04, Bengaluru , RR Nagar ,12.968370620428194,77.73767986748682,17.2,966,Industrial,41.0,6.71,34.32,West,560001
118,2024-12-09, Bengaluru , North ,13.180974863637655,77.4816154964671,15.85,884,Industrial,36.0,14.74,-3.35,North,560076
41,2024-01-23, Bengaluru , RR Nagar ,13.117291769113345,77.7314872437391,11.07,868,Institutional,58.5,1.47,-0.09,West,560037
16,2024-09-03, Bengaluru , Bommanahalli ,13.040523467933046,77.74196824875382,13.5,967,Institutional,55.5,6.03,18.93,South,560001
85,2024-05-07, Bengaluru , Shivajinagar ,13.069896929675545,77.48425338352591,16.19,890,Mixed Use,6.1,12.45,18.32,Central,560037
445,2024-05-11, Bengaluru , South ,12.91971623000251,77.55641529211435,0.06,955,Mixed Use,53.8,2.57,33.17,South,560078
147,2025-09-17, Bengaluru ,,13.097850460181887,77.74712662412409,10.75,932,Institutional,40.4,7.84,17.95,South,560034
552,2025-09-23, Bengaluru , RR Nagar ,13.19246869035549,77.62605750473551,9.72,856,Institutional,21.0,0.7,34.53,West,560076
731,2024-02-19, Bengaluru , RR Nagar ,13.087180016859161,77.75373055919222,17.92,862,,114.3,0.95,14.21,West,560034
544,2024-03-08, Bengaluru , Dasarahalli ,13.13280394871027,77.45861980197176,10.34,915,Industrial,37.7,6.33,29.83,West,560001
526,2024-12-10, Bengaluru ,,13.04253269101027,77.4941284129579,19.48,946,Commercial,43.7,-0.94,0.66,North,560001
165,2024-01-22, Bengaluru ,,12.940447651705474,77.50258568483581,17.79,947,Institutional,34.6,9.41,31.37,East,560102
269,2024-09-11,, Mahadevapura ,12.942796782145011,77.69888484720032,2.84,879,Residential,13.2,3.04,18.5,East,560076
183,2025-02-10, Bengaluru , Shivajinagar ,12.861520265823945,77.53211399816337,14.57,859,Institutional,28.7,-1.11,-4.1,Central,560076
534,2025-07-06, Bengaluru , East ,12.938184789921788,77.45863296994155,14.87,926,Mixed Use,41.2,11.87,0.9,East,560034
102,2025-10-28, Bengaluru , Yelahanka ,12.986132041058479,77.55937318433304,19.26,974,Industrial,36.6,4.9,25.46,North,560037
579,2024-10-30, Bengaluru , CV Raman Nagar ,13.058379803365764,77.54935205114903,10.01,932,Residential,25.7,9.45,27.76,East,560001
186,2025-02-12, Bengaluru , Hebbal ,12.984041473198888,77.50293272797374,17.93,886,Residential,32.6,14.8,26.21,North,560078
69,2025-08-20, Bengaluru , North ,12.978182085740382,77.73996509549183,2.75,912,Mixed Use,73.0,12.68,30.2,North,560078
616,2025-03-07, Bengaluru , Mahadevapura ,12.983453417229223,77.7089215364352,17.68,899,Industrial,43.9,5.26,15.86,East,560102
550,2024-03-12, Bengaluru , West ,12.96690965211724,77.53085666965093,16.27,886,Mixed Use,50.2,2.75,36.44,West,560078
339,2024-11-23, Bengaluru , Shivajinagar ,12.977405391430523,77.60696620823772,16.89,877,Institutional,111.4,14.5,27.76,Central,560064
323,2025-02-20, Bengaluru , Hebbal ,13.192355521792347,77.60327912355123,-2.71,960,Commercial,19.3,-0.89,31.35,North,560034
280,2024-01-01, Bengaluru , Shivajinagar ,12.853645357307864,77.71719917572302,18.24,933,Industrial,19.6,3.59,11.86,Central,560076
289,2024-09-22, Bengaluru , Mahadevapura ,12.925751802918526,77.66996745440291,14.35,937,Commercial,18.0,1.6,18.25,East,560037
252,2024-02-16, Bengaluru ,,13.19394555740083,77.58405412389993,12.47,907,,19.8,13.75,37.12,Central,560076
162,2025-02-05, Bengaluru , West ,12.917075885810418,77.61628798113199,9.03,864,Residential,5.8,7.7,4.59,West,560064
237,2024-03-13, Bengaluru , CV Raman Nagar ,13.04585446722701,77.61161714322556,18.32,851,Industrial,10.7,7.64,0.68,East,560048
509,2024-10-23, Bengaluru , West ,13.006056241135584,77.50955643867374,4.79,917,Mixed Use,8.9,12.06,6.17,West,560048
717,2024-01-07, Bengaluru , RR Nagar ,13.136531160078448,77.54088518672677,6.33,946,Institutional,47.7,13.01,8.63,West,560078
699,2025-03-06, Bengaluru , Shivajinagar ,13.190700703143943,77.72320800124947,15.58,958,Industrial,21.8,1.64,29.77,Central,560076
231,2024-01-30, Bengaluru , Bommanahalli ,12.981042784244341,77.78408198409159,4.07,878,Institutional,27.5,9.0,34.68,South,560001
622,2024-08-30,, West ,13.00085784877977,77.52458080308709,9.57,952,Commercial,10.6,2.82,29.41,West,560078
728,2025-03-27,, Shivajinagar ,13.097853827736634,77.6444054737629,14.34,947,Mixed Use,55.2,-2.26,20.98,Central,560078
233,2025-12-21, Bengaluru , West ,12.92041073401342,77.71444090750389,7.68,855,Institutional,8.5,0.7,-4.41,West,560064
121,2025-03-30, Bengaluru , North ,13.100984349195956,77.46580971774128,11.14,978,Residential,27.3,-0.53,21.63,North,560048
410,2025-05-30, Bengaluru , East ,12.892609454733421,77.53012739311033,12.53,933,Institutional,15.0,9.96,9.88,East,560034
494,2024-02-14, Bengaluru , Hebbal ,13.156680822160002,77.46569806374266,16.02,946,Residential,16.0,-2.4,28.09,North,560037
144,2025-11-09, Bengaluru ,,13.169847577262809,77.73181312065667,5.87,929,Industrial,44.4,2.08,13.15,South,560102
308,2024-03-03, Bengaluru , RR Nagar ,13.064502052260032,77.78987153729602,13.54,963,Mixed Use,49.3,9.28,28.51,West,560048
600,2025-10-03, Bengaluru ,,12.99813441177622,77.7789937438673,-4.9,975,Industrial,36.6,8.24,6.59,East,560076
200,2025-03-25, Bengaluru , Yelahanka ,13.130861568380917,77.65723224851307,18.86,963,Commercial,46.4,8.51,-2.8,North,560034
66,2025-01-20, Bengaluru , Shivajinagar ,12.890277545294857,77.63575243142992,8.8,965,Institutional,54.3,1.54,19.11,Central,560078
180,2024-09-25, Bengaluru , Yelahanka ,12.97400649987997,77.56411589768312,7.38,977,Institutional,31.3,13.81,29.61,North,560037
281,2024-04-22, Bengaluru ,,13.086525829834493,77.71470162028473,12.42,912,Residential,45.0,10.59,31.59,East,560064
529,2024-05-08, Bengaluru , Bommanahalli ,12.884468743006794,77.76496761802983,18.55,977,Industrial,6.7,0.29,33.06,South,560064
743,2024-12-07, Bengaluru , West ,12.979706261402375,77.55279354041664,19.17,864,Residential,12.2,2.11,0.56,West,560102
464,2024-10-13, Bengaluru , Mahadevapura ,13.120324313371285,77.61910009781455,-2.92,891,Residential,7.6,-1.45,-1.57,East,560078
159,2025-10-24, Bengaluru , South ,13.035641418470341,77.67181134454717,6.39,964,Commercial,25.5,7.45,13.74,South,560048
716,2025-12-06, Bengaluru , RR Nagar ,13.026646875456429,77.66800650681205,9.12,914,Institutional,43.0,3.98,11.95,West,560048
75,2025-12-18,,,13.092418825069373,77.67185734447037,15.39,866,Industrial,57.5,6.61,24.89,South,560078
580,2024-06-28, Bengaluru ,,12.873603428207854,77.64045116785205,17.34,956,Mixed Use,108.8,13.64,20.03,North,560076
519,2025-02-13, Bengaluru , Shivajinagar ,13.154951572393474,77.67071785016687,13.38,865,Institutional,33.3,7.63,17.15,Central,560064
654,2024-12-12, Bengaluru , Hebbal ,13.109207338715992,77.68859848249157,9.94,897,Institutional,47.1,8.09,39.35,North,560102
259,2024-10-19, Bengaluru , Bommanahalli ,12.917035786483849,77.71212536513738,18.94,952,,24.8,5.72,-2.04,South,560076
219,2025-06-10, Bengaluru , Shivajinagar ,13.185245597761437,77.5766375136142,13.56,946,Residential,32.4,3.55,38.93,Central,560001
397,2025-01-17, Bengaluru , South ,13.069267147263275,77.59882860691245,5.78,937,,11.5,-0.32,18.77,South,560037
558,2025-02-06, Bengaluru , Bommanahalli ,13.198759230603601,77.59965273258976,7.94,888,Mixed Use,10.2,1.74,27.39,South,560076
225,2024-01-13,, RR Nagar ,13.048266030527317,77.57377901793086,7.15,912,Institutional,68.4,11.91,32.55,West,560034
433,2025-10-30, Bengaluru , North ,12.96840386744608,77.63633283483824,4.22,869,Mixed Use,18.0,0.22,27.19,North,560064
427,2025-10-25, Bengaluru , RR Nagar ,13.14337931793722,77.64552891907185,7.9,938,Commercial,9.1,-0.77,10.55,West,560037
523,2024-06-30, Bengaluru , South ,13.099548176143776,77.68031986127696,8.07,851,Residential,16.5,9.89,28.95,South,560064
505,2024-09-27,, Mahadevapura ,12.975139229072933,77.47955130507701,8.56,878,Institutional,14.4,13.51,35.27,East,560037
733,2025-04-12, Bengaluru , South ,12.97713233915065,77.65389569035047,18.02,954,Mixed Use,40.1,2.41,39.75,South,560078
699,2025-03-06, Bengaluru , Shivajinagar ,13.190700703143943,77.72320800124947,15.58,958,Industrial,21.8,1.64,29.77,Central,560076
8,2024-05-29, Bengaluru , RR Nagar ,13.048219428297237,77.78358427393378,11.52,863,Institutional,26.9,-1.14,23.54,West,560001
430,2025-09-17, Bengaluru , Bommanahalli ,12.852189606455669,77.5736514342595,12.96,878,Industrial,44.5,11.69,1.4,South,560001
581,2024-01-24, Bengaluru , CV Raman Nagar ,12.863636331085665,77.67798244231278,5.21,921,Residential,52.4,-1.36,35.48,East,560064
194,2024-09-19, Bengaluru , Shivajinagar ,13.05254531797257,77.77368597624074,19.5,945,,52.3,-1.56,15.05,Central,560078
692,2024-03-14, Bengaluru , Mahadevapura ,12.939609574581993,77.70305731145974,9.89,876,Commercial,55.0,7.37,21.77,East,560034
557,2025-12-15,, Mahadevapura ,13.109002795193172,77.55329070954029,7.75,932,Industrial,59.9,8.17,11.47,East,560076
686,2025-10-11, Bengaluru , Hebbal ,13.116568623345007,77.56507717849256,8.68,943,Commercial,54.1,5.63,12.98,North,560076
436,2025-04-06, Bengaluru ,,13.09308410123244,77.48768102512193,10.19,878,Industrial,56.4,11.31,16.19,South,560037
412,2025-12-01, Bengaluru , RR Nagar ,12.904609334860844,77.5416998825626,18.39,892,Mixed Use,16.8,2.98,12.78,West,560064
466,2024-02-18, Bengaluru , CV Raman Nagar ,12.893536694118199,77.72716751904025,10.77,912,Residential,43.1,-2.91,1.04,East,560001
50,2025-09-23,, South ,13.091352070203195,77.77347982597702,15.13,866,,31.1,14.22,37.93,South,560078
665,2024-12-17, Bengaluru , Dasarahalli ,13.155966359596936,77.50195276275839,19.82,868,Mixed Use,17.3,1.41,29.69,West,560078
268,2024-07-20, Bengaluru , Hebbal ,13.077053217139227,77.5071926991459,6.37,861,Residential,27.7,7.09,-3.69,North,560001
213,2024-12-23, Bengaluru , Shivajinagar ,13.0223959336836,77.72022664480616,7.04,927,Mixed Use,49.1,7.63,14.59,Central,560064
697,2025-11-04, Bengaluru , North ,13.133872933636994,77.49841848642788,16.69,938,,32.9,1.57,35.61,North,560102
424,2025-11-19, Bengaluru , Dasarahalli ,13.140346973332855,77.45041609537405,6.44,910,Commercial,53.4,-0.31,33.34,West,560078
294,2025-12-30, Bengaluru , South ,13.001397823295845,77.55437792915676,14.1,851,Commercial,42.3,4.18,9.7,South,560048
726,2024-04-12, Bengaluru , Bommanahalli ,13.014410952620619,77.64546896866723,17.53,935,Institutional,38.3,12.89,1.6,South,560034
95,2025-01-05, Bengaluru , RR Nagar ,13.050023383572448,77.54328409821873,11.43,965,,42.7,6.62,17.38,West,560064
290,2024-07-25, Bengaluru , Bommanahalli ,12.888432104976667,77.61182298547946,6.28,958,Residential,5.1,12.65,34.08,South,560078
613,2024-10-20, Bengaluru , East ,12.924265020138064,77.54936135036516,6.59,920,Industrial,18.6,11.82,37.34,East,560064
528,2025-10-27, Bengaluru , Shivajinagar ,13.19736572296512,77.78728081294524,11.18,903,Mixed Use,101.6,11.36,4.7,Central,560102
653,2024-11-04, Bengaluru , Yelahanka ,13.139628746110112,77.6920561918005,19.41,860,Mixed Use,36.5,9.61,33.6,North,560034
90,2025-03-12, Bengaluru , Shivajinagar ,13.131902800147431,77.72961952796895,13.95,932,Mixed Use,9.7,13.15,1.87,Central,560064
142,2024-08-09, Bengaluru , Mahadevapura ,13.185441139737218,77.52282063181727,11.33,908,Commercial,59.9,7.73,14.82,East,560076
419,2024-07-07, Bengaluru , Yelahanka ,13.147879924278712,77.69118816471038,14.51,954,Institutional,22.6,-0.59,2.41,North,560078
311,2025-07-30, Bengaluru , West ,13.093429559668989,77.61824948290207,5.96,894,Institutional,21.1,9.78,26.92,West,560034
734,2024-04-28, Bengaluru , North ,13.104319781109576,77.57728531964841,2.87,875,Commercial,11.9,13.82,20.83,North,560001
482,2024-02-23, Bengaluru , RR Nagar ,12.935660888806662,77.68855954246872,6.23,958,Industrial,52.7,13.11,9.7,West,560001
240,2024-08-12, Bengaluru ,,13.044665056642321,77.6523209845405,3.22,969,,10.7,14.52,26.95,North,560037
142,2025-11-03, Bengaluru , Dasarahalli ,12.919831393520461,77.66282903943168,13.73,894,Residential,7.7,13.01,30.23,West,560001
376,2025-04-04, Bengaluru , South ,13.120920071014117,77.7774251168947,1.77,976,,51.1,-2.98,32.59,South,560034
313,2025-12-10,, South ,13.165885400016181,77.65632682246319,2.73,901,Commercial,56.3,1.81,34.62,South,560076
399,2025-05-29, Bengaluru , Bommanahalli ,13.147071347468765,77.72097484237085,13.01,875,Commercial,48.1,10.02,9.28,South,560034
456,2025-05-22, Bengaluru ,,13.024126360379967,77.62517736039356,5.37,928,Mixed Use,8.9,0.09,14.98,North,560076
364,2025-08-04, Bengaluru , Mahadevapura ,13.152689468382789,77.63361548933516,12.14,934,Industrial,19.7,4.11,-4.46,East,560078
592,2024-01-22, Bengaluru , West ,12.97551786711387,77.48778462490893,8.53,974,Residential,58.1,4.17,39.46,West,560078
442,2024-06-10, Bengaluru , Mahadevapura ,13.070729161892405,77.55945410877389,18.61,969,,24.2,-1.78,39.01,East,560102
615,2025-10-23, Bengaluru , North ,12.943309274913249,77.50426424059413,11.56,883,Mixed Use,10.9,6.4,-3.45,North,560076
744,2025-11-26, Bengaluru , Dasarahalli ,13.17834223740071,77.63673496493948,7.08,879,Institutional,107.0,-2.63,26.54,West,560078
398,2025-09-29, Bengaluru , Shivajinagar ,12.95619415809298,77.65393216138867,3.88,972,Mixed Use,47.5,-2.64,17.11,Central,560102
446,2025-08-03, Bengaluru ,,12.887001877717408,77.63948624538752,17.62,872,Institutional,-5.2,-0.75,34.85,East,560048
415,2024-12-20, Bengaluru , RR Nagar ,12.869047002452156,77.71077824801002,14.02,861,,52.6,-1.59,23.31,West,560078
380,2024-04-19, Bengaluru , North ,12.91295105633626,77.52257988285791,2.62,952,Commercial,7.9,13.98,23.16,North,560034
292,2024-11-19, Bengaluru , Mahadevapura ,12.996173146127905,77.74397514577164,12.86,971,Mixed Use,31.0,6.16,17.51,East,560048
75,2025-12-18,,,13.092418825069373,77.67185734447037,15.39,866,Industrial,57.5,6.61,24.89,South,560078
227,2024-10-22, Bengaluru , Shivajinagar ,12.8730824680894,77.59462196583581,17.41,910,Mixed Use,45.1,11.13,25.58,Central,560037
487,2025-02-16, Bengaluru , Hebbal ,12.871427442383627,77.62974800740658,16.17,939,Industrial,78.0,3.56,36.73,North,560064
334,2024-08-05, Bengaluru ,,13.166748037053962,77.5143375622416,5.26,966,Industrial,59.0,0.05,17.98,West,560102
85,2024-05-07, Bengaluru , Shivajinagar ,13.069896929675545,77.48425338352591,16.19,890,Mixed Use,6.1,12.45,18.32,Central,560037
481,2024-03-03, Bengaluru , Bommanahalli ,13.165666647586242,77.78959189332204,11.5,876,Industrial,55.2,14.23,29.31,South,560076
695,2025-10-11, Bengaluru , RR Nagar ,13.056414666797442,77.51911475221777,0.51,902,Mixed Use,94.9,12.57,33.86,West,560034
285,2025-06-14, Bengaluru , CV Raman Nagar ,12.854131503836525,77.78451735588116,6.15,942,Residential,36.3,5.31,20.62,East,560001
210,2024-04-22, Bengaluru , East ,12.879514111819574,77.65248099137969,12.92,865,Residential,59.1,-2.26,22.82,East,560037
143,2025-09-14, Bengaluru , North ,13.11273889461887,77.68724919393331,17.41,948,,13.0,-2.73,26.98,North,560037
251,2024-07-29,, South ,12.929189547429244,77.74925442206192,14.24,921,Commercial,1.6,11.08,24.77,South,560064
35,2025-03-02, Bengaluru , RR Nagar ,13.144080861776795,77.45060948367113,17.18,880,Commercial,54.6,2.22,11.75,West,560078
356,2025-06-15, Bengaluru , South ,12.945479545474669,77.74330137992888,2.79,870,,55.4,2.45,21.38,South,560034
577,2024-03-27, Bengaluru , CV Raman Nagar ,13.086957553543481,77.78602339112675,13.0,879,Mixed Use,53.6,-0.61,-2.73,East,560034
389,2025-02-16, Bengaluru , South ,13.005989032570966,77.53152611250765,5.68,966,Industrial,12.4,9.87,31.53,South,560034
536,2024-12-24, Bengaluru , Dasarahalli ,13.14416657368501,77.77931440891182,17.48,858,Industrial,13.2,-1.5,18.54,West,560078
51,2025-05-20, Bengaluru , RR Nagar ,12.85304681383743,77.77586968286687,14.61,888,Industrial,30.3,11.11,21.81,West,560048
465,2025-12-15,, North ,13.038784158810902,77.48429793764518,10.31,933,Industrial,11.6,-1.09,-2.64,North,560064
2,2025-08-19, Bengaluru , Bommanahalli ,12.988838166127772,77.79168928695752,16.46,924,Institutional,22.0,11.69,3.13,South,560048
184,2024-05-03, Bengaluru , Dasarahalli ,13.033895502611742,77.45089968415084,11.96,978,Institutional,32.3,13.54,10.72,West,560048
110,2024-08-26, Bengaluru , RR Nagar ,13.084402520785297,77.5875914001013,5.3,910,Commercial,56.8,13.94,-2.33,West,560001
161,2024-04-25, Bengaluru , North ,13.04840164354503,77.74803791338809,16.51,884,Institutional,51.1,14.07,23.2,North,560034
355,2024-07-23, Bengaluru , Bommanahalli ,13.141399663184202,77.5876148233688,7.38,878,Mixed Use,55.8,-0.24,12.54,South,560064
57,2024-03-05, Bengaluru , West ,13.08240925254336,77.50409325825954,13.93,951,Mixed Use,41.7,4.52,-2.69,West,560076
432,2025-01-04, Bengaluru , Hebbal ,13.098472921784309,77.58386874390366,18.43,854,Residential,19.0,3.61,21.18,North,560048
392,2025-10-26, Bengaluru , West ,13.021266329615765,77.46280856478472,6.32,970,Industrial,42.9,-0.54,29.11,West,560048
655,2025-08-03, Bengaluru , West ,13.110909115371092,77.63101853941593,7.52,979,Commercial,46.1,3.91,7.53,West,560001
173,2024-10-16, Bengaluru , Bommanahalli ,12.918848828484172,77.70686127483756,13.02,870,Institutional,12.5,0.39,19.16,South,560001
129,2024-12-26, Bengaluru , East ,13.063764788191746,77.54686161754591,4.16,971,Commercial,10.7,4.39,19.75,East,560034
202,2024-04-03, Bengaluru , West ,13.080608099637528,77.54015644302349,14.5,889,Commercial,98.7,2.29,5.47,West,560076
523,2024-06-30, Bengaluru , South ,13.099548176143776,77.68031986127696,8.07,851,Residential,16.5,9.89,28.95,South,560064
739,2024-07-15, Bengaluru , Hebbal ,12.862044709906018,77.63130548553535,4.53,971,Industrial,37.9,11.24,24.2,North,560102
170,2025-02-19, Bengaluru , South ,13.085113586210609,77.75928184610567,11.32,912,Industrial,16.3,13.0,25.21,South,560078
485,2024-12-01, Bengaluru , Yelahanka ,12.911337347518945,77.79734403704025,3.71,903,Mixed Use,50.0,6.95,24.42,North,560102
452,2025-08-10, Bengaluru , Bommanahalli ,12.93858023683431,77.59382511440721,11.78,891,Industrial,41.4,-0.44,30.1,South,560048
578,2025-06-10, Bengaluru , Yelahanka ,12.958182067597898,77.57334896087796,14.59,961,Industrial,46.7,-0.42,36.47,North,560064
78,2025-08-02, Bengaluru , Hebbal ,12.881811339043747,77.73693390339977,2.52,901,Residential,53.8,5.85,30.85,North,560037
576,2024-12-14, Bengaluru ,,13.03488375778722,77.53872627338681,3.49,888,Commercial,49.4,-0.92,18.16,North,560076
160,2024-09-24, Bengaluru , CV Raman Nagar ,13.161497679881656,77.64183985041414,17.59,914,Commercial,18.8,5.81,19.93,East,560048
149,2025-12-16, Bengaluru , North ,13.146297437137704,77.72238780330625,5.81,916,Commercial,40.1,6.79,6.24,North,560001
427,2025-10-25, Bengaluru , RR Nagar ,13.14337931793722,77.64552891907185,7.9,938,Commercial,9.1,-0.77,10.55,West,560037
617,2024-03-09, Bengaluru , Bommanahalli ,13.037173780905103,77.70604305009645,10.0,931,Mixed Use,34.1,3.56,4.76,South,560001
435,2024-10-30, Bengaluru ,,12.882334473643326,77.69962208338585,6.97,894,Residential,25.0,-2.67,14.42,East,560048
176,2025-11-27, Bengaluru , East ,13.08007577392077,77.66054919735522,15.47,916,Mixed Use,47.7,2.57,29.77,East,560102
597,2025-08-01, Bengaluru , East ,13.169649926248033,77.50623410895264,14.6,969,Mixed Use,40.2,2.93,26.2,East,560064
678,2024-08-10, Bengaluru , Dasarahalli ,12.885418165641518,77.63366140580654,11.27,877,Institutional,9.6,6.03,32.83,West,560037
524,2024-05-29,, Bommanahalli ,12.857076981976192,77.53038048794905,17.65,887,Residential,17.5,11.16,39.35,South,560037
201,2024-01-15, Bengaluru , CV Raman Nagar ,13.130244294236926,77.62437594329776,14.31,925,Institutional,13.0,13.52,4.31,East,560034
533,2025-08-11, Bengaluru , Dasarahalli ,12.86066340827944,77.4886634745976,9.58,873,Industrial,48.7,7.85,-1.47,West,560001
142,2024-03-13, Bengaluru , East ,12.89135686318295,77.74289258854866,14.47,875,Institutional,5.1,-2.11,14.19,East,560064
553,2025-12-05, Bengaluru , Yelahanka ,12.910937854869127,77.61977144850525,12.38,931,Industrial,9.6,8.82,16.77,North,560064
527,2024-09-20, Bengaluru , CV Raman Nagar ,13.174610433275557,77.45839435621389,10.8,942,Residential,48.9,7.17,34.58,East,560037
453,2024-06-22, Bengaluru , West ,12.986751573361076,77.6141414386972,8.09,872,Residential,34.1,-2.52,-0.77,West,560034
400,2025-07-07,, East ,12.98455658020038,77.73112018862373,16.72,927,Residential,14.8,0.68,10.49,East,560078
706,2024-07-26, Bengaluru , East ,12.939577651813122,77.59474109706416,16.72,859,Industrial,8.0,5.67,35.73,East,560102
310,2024-12-17, Bengaluru , CV Raman Nagar ,13.185922176311037,77.7935790627407,12.69,934,Institutional,47.4,2.72,15.62,East,560064
153,2024-12-05, Bengaluru , Dasarahalli ,12.888080870552269,77.62110671203477,5.82,932,,40.4,8.3,37.09,West,560064
496,2025-02-19, Bengaluru , Dasarahalli ,13.01234235783421,77.46490298133776,9.33,973,Mixed Use,21.2,9.29,12.88,West,560048
274,2024-11-09, Bengaluru , East ,12.881197959577378,77.4671763916594,5.15,912,Commercial,48.2,9.93,34.15,East,560102
684,2025-01-22, Bengaluru , North ,13.052251914487657,77.70545812659445,2.71,906,Commercial,33.1,9.89,22.07,North,560037
380,2024-04-19, Bengaluru , North ,12.91295105633626,77.52257988285791,2.62,952,Commercial,7.9,13.98,23.16,North,560034
375,2025-10-25, Bengaluru , Bommanahalli ,13.106462432693139,77.7430363564137,15.06,933,Commercial,47.9,14.13,6.12,South,560078
92,2024-12-20, Bengaluru , Mahadevapura ,12.990869514100893,77.63708260289408,14.54,873,Institutional,51.1,0.55,26.18,East,560034
89,2024-08-19, Bengaluru , West ,13.083113225725135,77.74074467447817,9.73,925,Commercial,30.8,11.1,5.37,West,560078
453,2024-06-22, Bengaluru , West ,12.986751573361076,77.6141414386972,8.09,872,Residential,34.1,-2.52,-0.77,West,560034
602,2024-12-19, Bengaluru , RR Nagar ,12.986821108524905,77.5704605633925,14.62,963,Mixed Use,33.8,10.14,25.33,West,560037
366,2024-02-29, Bengaluru , West ,13.160341063477192,77.4936125108422,2.87,974,Mixed Use,34.7,1.79,12.96,West,560048
734,2024-04-28, Bengaluru , North ,13.104319781109576,77.57728531964841,2.87,875,Commercial,11.9,13.82,20.83,North,560001
319,2024-10-18, Bengaluru , Shivajinagar ,12.88586065346241,77.70987392225739,11.44,893,Commercial,41.4,-1.35,35.62,Central,560001
63,2024-05-11, Bengaluru , East ,13.130798700486782,77.62651972121415,3.21,883,Industrial,33.1,-2.02,17.68,East,560078
19,2024-09-22, Bengaluru , Hebbal ,12.92090598452091,77.6066348776072,9.37,930,Commercial,16.7,2.45,0.51,North,560037
287,2025-06-11, Bengaluru , RR Nagar ,13.041403834620587,77.62510789374853,5.01,946,Institutional,14.0,-2.68,24.22,West,560034
351,2025-06-27, Bengaluru , Shivajinagar ,12.912357732577513,77.59220913325983,9.63,862,Mixed Use,54.6,14.91,17.89,Central,560034
750,2024-09-30, Bengaluru , RR Nagar ,13.025921573043169,77.527908548383,15.42,934,Institutional,55.6,2.22,32.58,West,560078
745,2024-10-14, Bengaluru , South ,12.994218161623854,77.7923488097913,10.27,891,Industrial,6.2,8.34,17.56,South,560034
348,2024-11-09, Bengaluru , North ,13.178825292367433,77.51018416193781,4.33,866,Commercial,13.4,6.91,27.99,North,560034
618,2024-12-31, Bengaluru , Hebbal ,13.05330326021416,77.59712091058051,19.78,876,Commercial,17.9,8.82,34.31,North,560064
676,2025-04-21, Bengaluru , Mahadevapura ,12.967580880671662,77.6120442067135,6.98,945,Commercial,5.9,10.75,13.67,East,560048
23,2024-09-23, Bengaluru , Yelahanka ,12.873317887206062,77.75197123916885,8.44,956,Industrial,7.4,9.77,37.22,North,560037
661,2024-06-20, Bengaluru , East ,13.029943643391606,77.79715720582485,13.28,904,Institutional,34.6,3.49,15.94,East,560048
707,2024-03-01, Bengaluru , West ,13.125747459129148,77.54873250980725,14.43,914,Commercial,13.9,8.73,-2.48,West,560034
511,2025-03-30, Bengaluru , Shivajinagar ,12.97252317900669,77.47142687944422,10.46,888,,48.9,12.63,6.57,Central,560078
189,2024-09-25, Bengaluru , CV Raman Nagar ,13.10254647077413,77.63271515485884,6.37,886,,25.0,0.69,2.61,East,560076
236,2024-06-13, Bengaluru , Hebbal ,12.896840381610478,77.45450647912097,12.74,947,,58.5,-1.45,30.12,North,560048
420,2025-01-29, Bengaluru , Mahadevapura ,12.934043008024336,77.57943885050757,11.76,966,Residential,34.5,11.18,20.76,East,560034
740,2025-03-15, Bengaluru , CV Raman Nagar ,13.101203496576064,77.58890029817992,6.5,976,Residential,8.2,8.97,4.39,East,560064
700,2024-11-06, Bengaluru , Bommanahalli ,12.909340134793531,77.48245399480103,15.71,912,Industrial,37.5,8.36,2.67,South,560001
543,2024-03-31, Bengaluru , Yelahanka ,12.885770066219655,77.68586927577985,19.55,862,Mixed Use,11.7,1.38,28.08,North,560037
104,2024-11-12, Bengaluru , Mahadevapura ,12.936138860746002,77.5855748619116,16.0,909,Industrial,22.7,1.82,2.08,East,560001
316,2025-04-19, Bengaluru ,,12.870332726707028,77.59793198890364,15.74,911,Industrial,10.1,5.59,12.44,North,560076
228,2024-09-01, Bengaluru , Mahadevapura ,13.164585450378917,77.71005311637714,13.85,923,Mixed Use,20.1,-1.79,22.15,East,560064
242,2025-07-12, Bengaluru , Hebbal ,13.084746251275176,77.64596462928317,5.78,979,Mixed Use,43.9,10.24,25.23,North,560034
491,2025-04-11, Bengaluru , South ,12.858589158577395,77.49536536572265,17.79,918,Mixed Use,37.0,9.02,17.2,South,560048
674,2025-06-23, Bengaluru , Bommanahalli ,13.058300714851443,77.55314120068464,15.15,852,Residential,16.4,-0.56,17.49,South,560037
108,2024-03-24, Bengaluru , Shivajinagar ,12.970722580315112,77.63180988552047,-4.16,974,Commercial,47.9,4.67,37.59,Central,560037
93,2025-11-18, Bengaluru , Hebbal ,12.94257301387685,77.5319615117421,11.13,864,Commercial,18.6,-0.04,21.98,North,560001
442,2024-06-10, Bengaluru , Mahadevapura ,13.070729161892405,77.55945410877389,18.61,969,,24.2,-1.78,39.01,East,560102
440,2025-08-16,, Yelahanka ,12.859461161825635,77.63409347555675,6.04,938,Commercial,39.1,6.75,6.84,North,560001
718,2025-07-16, Bengaluru , East ,13.195945315321174,77.45275598467961,12.37,916,Commercial,26.3,9.93,36.22,East,560037
437,2025-04-03, Bengaluru , South ,13.069511533035753,77.60852340866917,4.34,911,Industrial,9.6,9.17,13.55,South,560102
344,2025-11-04, Bengaluru , Mahadevapura ,13.117531183018766,77.59877271705486,19.49,903,Commercial,18.7,7.28,35.54,East,560064
474,2025-11-25, Bengaluru , Yelahanka ,12.907581047098168,77.6973237301703,17.64,872,Mixed Use,12.9,12.58,26.71,North,560001
81,2025-12-06, Bengaluru , North ,12.971969905522117,77.56433107169424,17.25,932,Mixed Use,19.1,1.16,10.03,North,560048
697,2025-11-04, Bengaluru , North ,13.133872933636994,77.49841848642788,16.69,938,,32.9,1.57,35.61,North,560102
554,2024-01-22, Bengaluru , East ,12.85192883851844,77.73871656289388,10.46,977,Residential,43.1,8.29,-2.55,East,560064
369,2024-07-11, Bengaluru , West ,13.005968560790388,77.72758977462564,5.54,864,Residential,-6.0,12.91,28.45,West,560034
31,2025-04-30, Bengaluru ,,12.942945377768389,77.70526726331379,15.45,967,Mixed Use,108.4,2.17,-2.9,Central,560048
11,2024-01-28, Bengaluru , Mahadevapura ,13.075020978243378,77.48185369367651,11.57,892,Commercial,47.8,2.93,5.04,East,560048
29,2025-03-22, Bengaluru , Shivajinagar ,13.0011353856402,77.57723692850827,19.42,868,Commercial,13.3,-2.62,7.66,Central,560037
525,2024-03-16,, Mahadevapura ,12.878395392926635,77.51592232732627,18.6,872,Residential,12.7,3.86,31.25,East,560034
70,2024-02-27, Bengaluru , RR Nagar ,12.972616446451497,77.67596143523205,18.9,976,Residential,59.1,4.31,5.7,West,560001
158,2025-04-16, Bengaluru , North ,13.069003165907386,77.50402762585155,13.16,870,Residential,23.2,8.85,20.43,North,560078
347,2024-04-12, Bengaluru , East ,12.916484066519425,77.61626564044681,10.19,978,Residential,110.9,0.59,-3.28,East,560034
340,2025-06-17,, Dasarahalli ,12.930419192493034,77.48042527765459,10.44,911,Commercial,39.9,7.86,0.93,West,560076
258,2024-05-22, Bengaluru , West ,13.131272315311735,77.78095237696695,17.5,944,Commercial,5.9,5.25,27.57,West,560102
318,2025-04-02, Bengaluru , RR Nagar ,12.956870476910346,77.56350216735922,14.86,959,Institutional,5.9,12.25,24.16,West,560037
497,2024-03-04, Bengaluru , RR Nagar ,12.968370620428194,77.73767986748682,17.2,966,Industrial,41.0,6.71,34.32,West,560001
5,2025-08-31, Bengaluru , South ,12.8740670322924,77.48275859863043,14.7,866,,40.6,14.88,31.99,South,560064
711,2024-02-22, Bengaluru , Bommanahalli ,12.924329460307314,77.54006421467069,5.99,928,Institutional,22.7,-2.03,2.04,South,560037
199,2024-02-23, Bengaluru , RR Nagar ,13.176357781607498,77.67971264214178,4.97,937,Institutional,45.1,-2.85,-1.96,West,560076
117,2025-09-07, Bengaluru ,,13.062994519291797,77.6234181170646,6.11,899,Commercial,80.0,6.35,32.85,North,560001
205,2024-11-06, Bengaluru , West ,12.88095188863921,77.49889778468504,18.13,908,Industrial,67.8,14.41,10.49,West,560037
693,2024-01-06, Bengaluru , Bommanahalli ,13.169334873863548,77.68600226140191,10.19,927,Commercial,36.9,11.45,30.22,South,560037
175,2024-01-14,, RR Nagar ,13.078932366487635,77.55970285884743,14.93,934,Residential,12.8,10.81,-0.96,West,560076
702,2025-01-06, Bengaluru , West ,13.119389762926728,77.52164651193341,4.9,914,Institutional,52.6,5.44,3.16,West,560078
203,2024-06-06, Bengaluru , Hebbal ,13.042055750224417,77.52510307582591,14.14,909,Residential,13.6,2.24,24.47,North,560034
263,2024-03-13, Bengaluru , Yelahanka ,13.154658036667334,77.59703035969787,17.35,879,Mixed Use,37.2,11.42,35.44,North,560048
142,2024-03-13, Bengaluru , East ,12.89135686318295,77.74289258854866,14.47,875,Institutional,5.1,-2.11,14.19,East,560064
120,2025-06-27, Bengaluru , West ,12.935238234613829,77.48100516928952,5.44,929,Residential,110.4,10.3,6.76,West,560102
178,2024-07-28, Bengaluru , Yelahanka ,13.178911589176401,77.57796327887594,5.61,891,Industrial,18.3,14.68,17.45,North,560076
276,2025-04-11, Bengaluru , CV Raman Nagar ,12.896567529537394,77.75037171537731,12.26,866,Institutional,75.5,12.34,24.72,East,560076
404,2025-06-07, Bengaluru , CV Raman Nagar ,13.03121758643776,77.49812384848153,6.55,908,Mixed Use,10.1,5.6,34.13,East,560048
14,2025-03-20, Bengaluru , West ,13.13028824911384,77.79008005114376,9.52,871,Commercial,6.5,7.63,15.94,West,560037
249,2024-08-02, Bengaluru , Yelahanka ,13.079585991614705,77.70917428290021,3.71,867,Industrial,84.8,6.64,-1.69,North,560034
733,2025-04-12, Bengaluru , South ,12.97713233915065,77.65389569035047,18.02,954,Mixed Use,40.1,2.41,39.75,South,560078
346,2024-04-07, Bengaluru , RR Nagar ,13.13531274693813,77.60283749507407,19.17,898,Commercial,33.0,-0.32,4.95,West,560078
346,2024-04-07, Bengaluru , RR Nagar ,13.13531274693813,77.60283749507407,19.17,898,Commercial,33.0,-0.32,4.95,West,560078
385,2025-04-24, Bengaluru , East ,13.094275924787112,77.68882934529952,13.65,906,Commercial,36.7,13.02,37.53,East,560078
14,2025-03-20, Bengaluru , West ,13.13028824911384,77.79008005114376,9.52,871,Commercial,6.5,7.63,15.94,West,560037
541,2024-07-16, Bengaluru , North ,13.145973057772398,77.73370406985515,11.11,977,Residential,50.2,9.24,0.23,North,560078
568,2024-05-14, Bengaluru , CV Raman Nagar ,12.918298558801075,77.48733605677683,7.8,931,Commercial,8.5,-1.65,9.25,East,560037
642,2025-11-12, Bengaluru ,,12.99370643836729,77.60149739765464,16.19,973,Residential,23.0,6.51,23.02,West,560037
130,2025-08-08, Bengaluru , West ,12.947758000012238,77.66748984986967,17.4,967,Industrial,26.5,7.0,12.3,West,560076
91,2025-08-01, Bengaluru , East ,12.899140598518601,77.74096479990186,2.76,852,Residential,18.8,-1.17,1.42,East,560048
306,2025-09-08, Bengaluru , Shivajinagar ,13.109135556803286,77.4959042871227,9.09,913,Institutional,52.1,-1.44,33.31,Central,560001
127,2024-11-06, Bengaluru , West ,12.958676589361108,77.53478905608344,11.47,948,Mixed Use,35.8,12.51,5.73,West,560076
224,2025-10-14, Bengaluru , North ,12.865381454327885,77.54761639099551,14.07,955,Industrial,44.5,4.12,31.49,North,560034
164,2025-06-21, Bengaluru , South ,12.865226321189036,77.66132811251063,12.1,878,,18.3,3.38,26.23,South,560001
112,2025-01-18, Bengaluru , RR Nagar ,12.933460111786752,77.50010225787763,2.72,899,Commercial,17.1,13.81,34.0,West,560037
703,2024-06-17, Bengaluru , West ,12.860450831219485,77.74416212134597,12.34,877,Institutional,28.7,-0.0,35.32,West,560078
356,2025-06-15, Bengaluru , South ,12.945479545474669,77.74330137992888,2.79,870,,55.4,2.45,21.38,South,560034
335,2025-07-08, Bengaluru , Dasarahalli ,12.975221052369214,77.5674175885371,12.36,922,Institutional,25.3,-0.94,24.54,West,560076
454,2024-09-03, Bengaluru , Dasarahalli ,13.187270119555455,77.58095635161712,12.39,891,Institutional,49.1,13.67,-2.98,West,560064
720,2024-01-26, Bengaluru , Yelahanka ,13.078017578484275,77.68626969566624,14.44,969,Institutional,53.0,9.36,36.73,North,560064
729,2025-01-16, Bengaluru , RR Nagar ,12.897658158271723,77.61851543111395,6.52,967,Commercial,32.5,5.53,8.65,West,560001
328,2025-04-28, Bengaluru , Bommanahalli ,13.107988076769614,77.62068190713029,7.22,974,,23.6,4.56,38.1,South,560064
503,2025-02-25, Bengaluru , CV Raman Nagar ,13.133626081069844,77.47189193580601,7.45,969,Institutional,45.9,10.77,7.5,East,560078
73,2024-08-10, Bengaluru , RR Nagar ,12.90941935286767,77.76664588326692,6.05,890,Industrial,26.4,7.82,12.08,West,560102
3,2025-12-30, Bengaluru ,,12.922085549486765,77.68813999061362,8.0,966,Commercial,43.4,1.39,20.85,South,560102
574,2024-04-14, Bengaluru , West ,13.037783912577225,77.6554090453743,16.81,876,Industrial,7.9,9.07,33.33,West,560048
324,2024-06-05,, Shivajinagar ,13.156128763460455,77.79872335349438,18.41,963,Institutional,22.1,0.68,27.73,Central,560037
621,2025-01-22, Bengaluru , Hebbal ,13.044396551981002,77.68119548578821,16.29,932,Commercial,23.9,0.44,5.98,North,560102
13,2024-08-20, Bengaluru , Dasarahalli ,13.018928655746752,77.79483714897266,2.53,938,Residential,11.6,3.99,27.02,West,560048
266,2025-01-03, Bengaluru , South ,12.977717496042306,77.79918507246599,17.88,878,,27.3,4.57,-1.5,South,560102
67,2024-09-28, Bengaluru , Hebbal ,12.901168405458986,77.56579009791929,6.53,862,Institutional,40.2,14.71,21.36,North,560076
689,2024-10-12, Bengaluru , Mahadevapura ,12.907176744753494,77.62326512792488,17.48,897,Commercial,58.5,2.71,7.62,East,560001
428,2025-11-13, Bengaluru , North ,12.927570852518798,77.52763925283739,1.84,864,,55.6,11.18,12.53,North,560064
109,2024-12-12, Bengaluru , RR Nagar ,12.879279729795693,77.46784912617642,17.74,967,Residential,40.2,13.6,26.79,West,560034
741,2024-04-24, Bengaluru , West ,12.96302300568127,77.49092262542813,14.93,950,Commercial,22.4,12.88,14.37,West,560001
246,2024-11-29, Bengaluru , CV Raman Nagar ,12.994345542700914,77.45732396743632,18.01,934,,18.1,3.17,-1.43,East,560037
182,2024-05-23, Bengaluru , Mahadevapura ,12.858548436550477,77.48904547693711,2.66,927,Industrial,11.9,9.29,-0.94,East,560076
44,2024-04-25, Bengaluru , Yelahanka ,12.919107930833402,77.57527146142252,5.97,880,Mixed Use,27.5,5.03,16.74,North,560001
446,2025-08-03, Bengaluru ,,12.887001877717408,77.63948624538752,17.62,872,Institutional,-5.2,-0.75,34.85,East,560048
336,2024-04-26, Bengaluru , Mahadevapura ,13.184913320574038,77.57629891356669,5.33,900,Mixed Use,19.2,0.1,26.7,East,560037
309,2025-06-26, Bengaluru , Shivajinagar ,12.90617419207268,77.68935551041297,9.59,892,Mixed Use,56.3,7.14,-0.55,Central,560102
599,2025-06-30, Bengaluru , West ,12.957239542456827,77.64864326146814,3.2,889,Institutional,33.5,10.44,33.12,West,560102
305,2024-10-11, Bengaluru , Dasarahalli ,13.027769218981849,77.62528705596377,15.96,921,Industrial,57.3,5.51,0.34,West,560037
182,2024-05-23, Bengaluru , Mahadevapura ,12.858548436550477,77.48904547693711,2.66,927,Industrial,11.9,9.29,-0.94,East,560076
531,2024-04-01, Bengaluru ,,13.185493173962682,77.56093892706157,7.43,871,Residential,37.6,13.33,23.61,West,560076
43,2025-10-13, Bengaluru , Shivajinagar ,12.884805674661868,77.55512224945093,5.85,916,Institutional,59.9,14.93,7.54,Central,560076
357,2024-04-21, Bengaluru , Dasarahalli ,13.136243841847529,77.733714164655,16.47,872,,17.2,-1.53,-0.93,West,560048
634,2025-08-30, Bengaluru , South ,13.120060901461635,77.77117223465918,9.35,937,Mixed Use,19.9,3.68,21.69,South,560064
664,2024-07-12, Bengaluru , South ,13.071440405370371,77.46590462911082,13.19,963,Commercial,6.7,3.8,26.41,South,560001
438,2025-09-16, Bengaluru , East ,13.175396063270211,77.55073819974392,13.0,890,Commercial,49.8,1.26,15.06,East,560078
60,2024-02-14, Bengaluru , Mahadevapura ,12.868681091909673,77.77415873462505,18.32,891,Commercial,38.8,0.53,16.28,East,560048
472,2025-05-15, Bengaluru , Shivajinagar ,13.171435905973231,77.61410561320353,7.42,968,,26.6,2.79,38.21,Central,560034
295,2024-06-09, Bengaluru , South ,12.91384438537046,77.4903961498111,16.51,856,Mixed Use,20.1,6.39,-4.11,South,560076
601,2024-04-11, Bengaluru ,,12.97523439173949,77.73585607185247,9.34,876,,42.7,-0.97,13.77,West,560076
711,2024-02-22, Bengaluru , Bommanahalli ,12.924329460307314,77.54006421467069,5.99,928,Institutional,22.7,-2.03,2.04,South,560037
559,2024-05-24, Bengaluru , South ,13.03605985854252,77.58571171546842,8.17,940,Commercial,21.9,13.78,-4.29,South,560076
112,2025-01-18, Bengaluru , RR Nagar ,12.933460111786752,77.50010225787763,2.72,899,Commercial,17.1,13.81,34.0,West,560037
594,2024-07-17, Bengaluru ,,12.878146328618142,77.73621751445748,6.28,863,Institutional,53.5,10.5,6.54,South,560078
389,2025-02-16, Bengaluru , South ,13.005989032570966,77.53152611250765,5.68,966,Industrial,12.4,9.87,31.53,South,560034
439,2025-03-23, Bengaluru , North ,12.90007111483197,77.52972385340135,8.29,868,Mixed Use,30.4,14.42,34.58,North,560102
341,2024-01-24, Bengaluru , Dasarahalli ,12.905888787250458,77.55240378443192,18.6,872,Mixed Use,58.4,6.96,-4.75,West,560001
56,2025-09-26, Bengaluru ,,12.969005795936877,77.4654582852229,3.17,902,Industrial,25.4,8.18,-1.49,Central,560001
507,2025-08-21, Bengaluru , CV Raman Nagar ,13.135396022075398,77.74043834809652,16.76,918,Industrial,56.9,7.05,29.82,East,560037
557,2025-12-15,, Mahadevapura ,13.109002795193172,77.55329070954029,7.75,932,Industrial,59.9,8.17,11.47,East,560076
345,2024-05-04, Bengaluru , RR Nagar ,13.05252625491177,77.52621148571745,2.53,927,Commercial,38.1,8.27,0.65,West,560037
217,2025-10-04,, Dasarahalli ,12.914437113973381,77.54501821001196,8.84,907,Institutional,57.8,2.55,9.33,West,560048
461,2024-06-16, Bengaluru , West ,13.024071451292196,77.66075461024639,7.16,851,Industrial,45.0,1.22,33.17,West,560064
41,2024-01-23, Bengaluru , RR Nagar ,13.117291769113345,77.7314872437391,11.07,868,Institutional,58.5,1.47,-0.09,West,560037
643,2024-10-01, Bengaluru , Mahadevapura ,12.994672788231407,77.64501696210513,15.16,864,Institutional,5.1,2.17,13.6,East,560076
96,2024-10-23, Bengaluru , North ,12.991305395713468,77.62631221185998,11.36,902,Residential,22.4,2.39,21.39,North,560034
141,2025-05-02, Bengaluru , CV Raman Nagar ,12.906092921872064,77.58697597131673,9.17,876,Institutional,39.8,6.37,-4.19,East,560037
712,2024-12-04, Bengaluru , North ,12.907995922266586,77.48208576834683,15.67,919,Commercial,13.8,3.52,26.94,North,560064
179,2024-11-27, Bengaluru ,,13.08100985517118,77.45540277006405,18.49,939,,27.5,13.54,37.52,East,560048
177,2025-06-19, Bengaluru , North ,12.938520407327742,77.64534623001902,16.66,942,Commercial,58.8,13.87,23.11,North,560034
493,2024-11-08, Bengaluru ,,12.925929333060122,77.49841244042837,19.66,977,Institutional,56.7,4.04,20.07,East,560078
59,2025-02-10, Bengaluru , North ,12.979795268610395,77.62656207203932,7.46,893,Residential,46.4,11.26,31.21,North,560064
458,2025-01-12, Bengaluru , Mahadevapura ,12.89574605590098,77.64748017604447,11.59,860,Institutional,18.0,9.42,27.42,East,560037
477,2024-08-21, Bengaluru , RR Nagar ,12.977188999431572,77.58261810297769,10.87,865,Industrial,10.2,-0.32,39.9,West,560076
17,2025-09-15,, West ,12.910321349274707,77.6157225263617,12.24,933,Institutional,48.1,-1.09,20.21,West,560048
459,2025-08-01, Bengaluru , North ,12.980814418165187,77.6750439380966,18.57,944,Institutional,17.2,1.88,16.91,North,560034
701,2024-01-19, Bengaluru , Mahadevapura ,13.146181297265581,77.70568432356343,6.84,855,Commercial,27.3,-1.29,-4.38,East,560037
441,2025-05-27, Bengaluru , Bommanahalli ,12.854809362540731,77.69754464688215,2.93,949,Mixed Use,24.6,12.09,-4.26,South,560102
687,2025-08-18, Bengaluru , South ,13.00045626628004,77.53111441721748,18.87,934,Residential,36.0,2.05,34.16,South,560001
692,2024-03-14, Bengaluru , Mahadevapura ,12.939609574581993,77.70305731145974,9.89,876,Commercial,55.0,7.37,21.77,East,560034
460,2024-03-17, Bengaluru , Bommanahalli ,13.09150678105241,77.53949722109436,14.15,875,Commercial,54.0,5.6,6.6,South,560037
155,2025-07-18, Bengaluru , Bommanahalli ,12.938742479933671,77.47020272697836,16.55,953,Commercial,32.5,-0.17,8.48,South,560034
56,2024-09-30, Bengaluru ,,12.868951717804409,77.7144524391681,14.71,980,Mixed Use,34.6,10.75,36.09,Central,560048
638,2024-07-14, Bengaluru , West ,12.851369740363886,77.58576494550478,4.18,904,Industrial,38.4,14.14,38.76,West,560078
660,2025-10-06, Bengaluru , CV Raman Nagar ,13.169977331563532,77.57799480779808,14.27,934,Mixed Use,29.0,7.13,0.23,East,560102
520,2024-08-06, Bengaluru , RR Nagar ,13.082357086275955,77.73685675041222,11.75,865,Institutional,30.1,-2.88,-4.62,West,560001
418,2024-04-23, Bengaluru ,,12.978728130682054,77.6299372752512,19.14,957,Mixed Use,25.5,-1.45,24.26,East,560037
30,2025-10-14, Bengaluru , Yelahanka ,13.14253741992999,77.64548453627359,13.46,912,Residential,8.9,13.79,35.4,North,560034
635,2024-03-15, Bengaluru , RR Nagar ,12.85051301485711,77.49126965596959,19.28,855,Mixed Use,42.2,2.26,29.0,West,560064
401,2024-03-06, Bengaluru ,,13.09643714760292,77.70463951688517,2.78,974,Institutional,18.9,13.49,13.47,South,560064
670,2024-07-30, Bengaluru , CV Raman Nagar ,13.062596859821321,77.59912221365664,18.28,931,Institutional,12.0,4.37,17.91,East,560001
458,2025-01-12, Bengaluru , Mahadevapura ,12.89574605590098,77.64748017604447,11.59,860,Institutional,18.0,9.42,27.42,East,560037
430,2025-09-17, Bengaluru , Bommanahalli ,12.852189606455669,77.5736514342595,12.96,878,Industrial,44.5,11.69,1.4,South,560001
489,2024-07-07, Bengaluru , West ,13.113828237126015,77.53183808153733,16.49,896,Institutional,9.6,-1.68,17.2,West,560102
204,2024-07-07, Bengaluru , Bommanahalli ,12.890030471336724,77.73997320252013,18.66,868,Industrial,91.6,13.01,36.08,South,560048
372,2024-04-16, Bengaluru , North ,12.885762050929014,77.7060246594346,12.97,879,Mixed Use,59.3,10.65,-2.94,North,560078
33,2024-05-01, Bengaluru , West ,12.959086131619989,77.48004899157353,7.57,869,Mixed Use,26.3,13.5,36.87,West,560034
514,2024-09-29, Bengaluru , West ,13.112250950632303,77.72813337072067,11.99,863,Mixed Use,38.1,2.27,39.97,West,560078
681,2024-07-12, Bengaluru , Shivajinagar ,13.132491885543198,77.49962901524779,14.94,979,Industrial,5.0,6.53,19.3,Central,560064
619,2024-02-03,, CV Raman Nagar ,13.059686568271074,77.55857437072352,5.71,979,Residential,51.2,3.28,-1.03,East,560064
157,2024-02-26, Bengaluru , RR Nagar ,12.968534004851811,77.60354269409984,16.96,892,Residential,36.0,3.27,3.79,West,560034
573,2025-05-22, Bengaluru , Hebbal ,12.867236925956208,77.77790455767921,11.14,942,Institutional,9.0,7.73,38.3,North,560102
203,2024-06-06, Bengaluru , Hebbal ,13.042055750224417,77.52510307582591,14.14,909,Residential,13.6,2.24,24.47,North,560034
335,2025-07-08, Bengaluru , Dasarahalli ,12.975221052369214,77.5674175885371,12.36,922,Institutional,25.3,-0.94,24.54,West,560076
383,2024-01-07, Bengaluru , North ,13.14380328645927,77.76223689630655,4.66,871,Commercial,33.3,2.18,15.07,North,560102
530,2025-07-19, Bengaluru , Shivajinagar ,12.896869506194736,77.79869317338381,12.96,898,Industrial,44.9,9.0,6.46,Central,560102
373,2025-11-15, Bengaluru , Shivajinagar ,13.16329571130971,77.5366277450545,9.13,925,Institutional,23.2,6.77,36.78,Central,560078
258,2024-05-22, Bengaluru , West ,13.131272315311735,77.78095237696695,17.5,944,Commercial,5.9,5.25,27.57,West,560102
580,2024-06-28, Bengaluru ,,12.873603428207854,77.64045116785205,17.34,956,Mixed Use,108.8,13.64,20.03,North,560076
602,2024-12-19, Bengaluru , RR Nagar ,12.986821108524905,77.5704605633925,14.62,963,Mixed Use,33.8,10.14,25.33,West,560037
4,2024-10-21, Bengaluru ,,13.029176490726641,77.50773673627525,18.83,957,,47.1,7.31,34.4,South,560076
664,2024-07-12, Bengaluru , South ,13.071440405370371,77.46590462911082,13.19,963,Commercial,6.7,3.8,26.41,South,560001
56,2024-09-30, Bengaluru ,,12.868951717804409,77.7144524391681,14.71,980,Mixed Use,34.6,10.75,36.09,Central,560048
131,2025-05-26, Bengaluru , Yelahanka ,13.037905993360367,77.7310334216859,9.1,909,Industrial,51.4,12.09,38.14,North,560048
627,2025-10-10, Bengaluru ,,13.014437023217093,77.56695992311128,11.06,925,Residential,35.8,1.89,6.12,South,560078
625,2025-02-25, Bengaluru , South ,13.00151824709808,77.50340695873477,5.2,908,Institutional,11.9,0.35,27.21,South,560078
343,2025-02-09,,,13.003929202511301,77.7267609717613,8.59,974,,46.0,12.77,11.06,East,560048
429,2025-10-08, Bengaluru , Hebbal ,13.012355525791106,77.55008557208208,6.65,932,Institutional,51.9,11.69,16.98,North,560037
42,2025-11-29, Bengaluru , Mahadevapura ,13.095351299468962,77.74627798063815,3.99,860,,36.3,-2.32,27.18,East,560037
322,2024-05-10, Bengaluru ,,12.914693621191006,77.79475191639143,16.32,869,Industrial,17.2,14.07,7.07,West,560037
223,2024-07-10, Bengaluru , South ,13.016156890385396,77.66725051412222,9.55,916,Industrial,58.0,1.8,4.18,South,560102
329,2024-06-06, Bengaluru , East ,12.905229324275837,77.54832634941663,17.42,934,,8.0,4.63,1.86,East,560076
66,2024-10-16,, RR Nagar ,13.168616949858441,77.71923312609941,10.83,923,Residential,6.7,6.34,-0.58,West,560102
512,2025-11-11, Bengaluru , South ,13.088308556405885,77.48863629684293,1.61,877,Commercial,40.3,11.17,28.91,South,560076
114,2025-02-25, Bengaluru ,,13.049846623419576,77.55379286793678,7.06,877,Mixed Use,58.8,-1.98,35.28,East,560048
49,2025-04-30,, Bommanahalli ,13.134138584650255,77.71833380082005,-4.13,866,Residential,46.1,13.17,10.26,South,560064
290,2024-07-25, Bengaluru , Bommanahalli ,12.888432104976667,77.61182298547946,6.28,958,Residential,5.1,12.65,34.08,South,560078
66,2024-10-16,, RR Nagar ,13.168616949858441,77.71923312609941,10.83,923,Residential,6.7,6.34,-0.58,West,560102
207,2024-02-10, Bengaluru ,,13.076383841736444,77.49618927013401,8.68,945,Commercial,41.5,-1.38,-4.78,West,560102
387,2025-05-20, Bengaluru ,,13.024851018168603,77.62887194694913,16.73,864,Residential,18.0,11.05,14.87,West,560078
448,2025-08-16, Bengaluru , CV Raman Nagar ,12.978235491568942,77.45021473844969,16.37,882,Commercial,40.2,12.22,2.24,East,560037
286,2024-04-04, Bengaluru , Hebbal ,13.030318892569126,77.7107499321909,16.39,864,Mixed Use,40.0,-1.61,13.76,North,560076
353,2025-01-26, Bengaluru , Shivajinagar ,13.059022255845548,77.56785273979426,14.23,923,,48.8,9.39,2.31,Central,560034
387,2025-05-20, Bengaluru ,,13.024851018168603,77.62887194694913,16.73,864,Residential,18.0,11.05,14.87,West,560078
226,2024-06-29, Bengaluru , RR Nagar ,13.09220550053746,77.72111348205314,18.96,937,Mixed Use,24.2,0.34,34.22,West,560078
708,2024-11-25, Bengaluru , West ,13.160526588429725,77.54518235999629,16.02,872,Residential,36.1,-1.28,33.98,West,560037
121,2025-03-30, Bengaluru , North ,13.100984349195956,77.46580971774128,11.14,978,Residential,27.3,-0.53,21.63,North,560048
373,2025-11-15, Bengaluru , Shivajinagar ,13.16329571130971,77.5366277450545,9.13,925,Institutional,23.2,6.77,36.78,Central,560078
513,2024-02-12, Bengaluru , North ,13.09172601364254,77.56896562971004,8.19,962,Commercial,109.0,-1.56,20.06,North,560034
457,2025-06-26, Bengaluru , West ,13.010518720048983,77.66909786124373,8.92,888,Industrial,27.7,7.89,31.92,West,560037
388,2024-03-08, Bengaluru , North ,12.88234112473669,77.50348531992486,15.58,942,,41.0,1.04,-3.03,North,560102
596,2025-12-22, Bengaluru ,,13.167196773603319,77.48324930021543,12.04,954,Commercial,22.5,-1.92,3.99,South,560076
222,2025-05-22, Bengaluru , Mahadevapura ,12.971535825452229,77.49895972736384,17.85,891,Institutional,22.2,-2.04,8.39,East,560078
269,2024-09-11,, Mahadevapura ,12.942796782145011,77.69888484720032,2.84,879,Residential,13.2,3.04,18.5,East,560076
172,2025-12-07, Bengaluru , South ,12.873711471956264,77.61958053381548,7.33,915,Commercial,18.0,-2.64,-2.85,South,560102
433,2025-10-30, Bengaluru , North ,12.96840386744608,77.63633283483824,4.22,869,Mixed Use,18.0,0.22,27.19,North,560064
61,2025-06-14, Bengaluru , Yelahanka ,12.902313499796916,77.78974230403982,5.87,859,Industrial,38.0,6.9,23.22,North,560064
685,2025-03-29, Bengaluru , Hebbal ,13.019085203386501,77.62590981611514,18.75,891,Institutional,21.5,8.94,34.98,North,560034
545,2024-01-05,, South ,12.898847143473116,77.71149367214804,17.18,914,Institutional,32.1,14.98,36.5,South,560076
386,2024-08-19, Bengaluru , South ,13.054127830358222,77.60652847972537,9.74,939,Commercial,39.5,6.13,39.57,South,560076
248,2024-10-21, Bengaluru , Shivajinagar ,13.100003339283663,77.60098586380879,19.08,962,Commercial,46.0,10.56,6.18,Central,560064
274,2024-11-09, Bengaluru , East ,12.881197959577378,77.4671763916594,5.15,912,Commercial,48.2,9.93,34.15,East,560102
124,2025-02-10, Bengaluru , Bommanahalli ,13.071624030667294,77.73324400777419,17.98,858,Institutional,42.3,1.92,19.4,South,560001
69,2025-08-20, Bengaluru , North ,12.978182085740382,77.73996509549183,2.75,912,Mixed Use,73.0,12.68,30.2,North,560078
181,2024-12-05,, RR Nagar ,12.937406506438249,77.56191886841484,19.24,904,Commercial,45.5,-2.17,29.83,West,560102
162,2025-02-05, Bengaluru , West ,12.917075885810418,77.61628798113199,9.03,864,Residential,5.8,7.7,4.59,West,560064
705,2025-10-13, Bengaluru , Mahadevapura ,12.880825025205791,77.5895704611003,14.07,859,Industrial,22.7,14.64,-1.21,East,560048
266,2025-01-03, Bengaluru , South ,12.977717496042306,77.79918507246599,17.88,878,,27.3,4.57,-1.5,South,560102
735,2025-02-17, Bengaluru ,,12.920443358111495,77.62359936268273,15.81,886,Institutional,49.2,1.57,9.87,West,560076
118,2024-12-09, Bengaluru , North ,13.180974863637655,77.4816154964671,15.85,884,Industrial,36.0,14.74,-3.35,North,560076
383,2024-01-07, Bengaluru , North ,13.14380328645927,77.76223689630655,4.66,871,Commercial,33.3,2.18,15.07,North,560102
278,2025-03-12, Bengaluru , Mahadevapura ,13.161890108026483,77.61032840974713,4.1,948,Commercial,20.9,5.37,27.22,East,560037
190,2024-06-05, Bengaluru , Bommanahalli ,13.074184054371539,77.73960532731957,17.69,861,Industrial,50.0,-0.79,1.92,South,560064
522,2024-11-23, Bengaluru , North ,13.060140379484254,77.60350820029223,15.81,956,Institutional,14.7,3.65,-4.69,North,560048
673,2024-11-08, Bengaluru , South ,13.052995637327541,77.53644566446833,9.76,886,Institutional,18.4,4.69,25.73,South,560076
536,2024-12-24, Bengaluru , Dasarahalli ,13.14416657368501,77.77931440891182,17.48,858,Industrial,13.2,-1.5,18.54,West,560078
469,2025-09-08, Bengaluru , CV Raman Nagar ,13.053715437980342,77.5624615624841,14.98,855,Industrial,37.9,11.77,16.03,East,560034
598,2024-10-02, Bengaluru , West ,13.017896965663818,77.599635758585,8.5,895,Mixed Use,29.4,-2.45,5.21,West,560078
241,2024-06-15, Bengaluru , Mahadevapura ,13.028433304097007,77.7848797646268,17.88,868,Institutional,9.7,7.11,22.58,East,560034
135,2025-02-26, Bengaluru , North ,13.061094675491132,77.57361448220502,13.64,860,Residential,21.9,9.43,-4.82,North,560064
156,2024-06-16, Bengaluru , Mahadevapura ,12.990484967316549,77.79266341748819,10.89,905,Residential,69.4,12.0,18.01,East,560037
354,2024-11-02,, Hebbal ,12.979046169271188,77.5128893410091,11.27,956,Residential,21.5,14.41,12.24,North,560078
140,2024-07-10,, Mahadevapura ,12.988609409306473,77.57702771157183,17.75,935,Residential,28.2,13.43,19.92,East,560078
126,2025-07-19, Bengaluru , Shivajinagar ,12.968177572021851,77.69986830346178,9.03,857,Residential,30.8,-1.41,13.01,Central,560048
588,2024-02-25, Bengaluru , Mahadevapura ,12.946533807310013,77.5155767563305,7.81,853,Industrial,23.6,2.98,-0.77,East,560102
61,2025-06-14, Bengaluru , Yelahanka ,12.902313499796916,77.78974230403982,5.87,859,Industrial,38.0,6.9,23.22,North,560064
353,2025-01-26, Bengaluru , Shivajinagar ,13.059022255845548,77.56785273979426,14.23,923,,48.8,9.39,2.31,Central,560034
644,2025-05-12, Bengaluru , Hebbal ,13.06920983782322,77.61089578772221,11.76,972,Mixed Use,51.9,11.32,5.55,North,560064
39,2025-05-13, Bengaluru , Yelahanka ,13.130159018881658,77.46241060477578,16.82,950,Commercial,29.7,1.13,38.11,North,560034
148,2024-12-19, Bengaluru ,,13.093136971148674,77.58777241855367,17.0,921,Industrial,28.3,13.74,26.12,South,560102
1,2025-02-08, Bengaluru ,,13.03755870150734,77.5779911209194,7.69,859,Mixed Use,1.8,4.64,32.21,South,560034
301,2024-05-31, Bengaluru , Shivajinagar ,13.046285952484526,77.49986454117199,9.21,851,Institutional,51.4,3.52,26.75,Central,560048
215,2025-02-08, Bengaluru , East ,13.179597722142391,77.73901926824941,4.02,936,Mixed Use,5.2,5.8,-4.26,East,560034
408,2025-04-21, Bengaluru , Hebbal ,13.167992761078704,77.53231813864979,10.35,970,Residential,48.9,12.54,33.61,North,560034
294,2025-12-30, Bengaluru , South ,13.001397823295845,77.55437792915676,14.1,851,Commercial,42.3,4.18,9.7,South,560048
298,2024-04-01, Bengaluru , North ,13.143134721499134,77.46395298474891,15.28,958,Commercial,58.7,-2.31,-2.48,North,560034
80,2024-10-15,, South ,12.945310538247748,77.52423811687422,8.93,880,Mixed Use,36.8,5.03,8.73,South,560001
132,2024-01-11,, East ,13.163562118441373,77.55493662373803,7.97,961,Institutional,28.7,5.36,-3.17,East,560076
315,2025-01-29, Bengaluru , CV Raman Nagar ,13.042942526539333,77.57564985544748,6.96,886,Commercial,37.4,11.42,2.2,East,560034
405,2025-10-10, Bengaluru , East ,13.058366854580614,77.72144593309301,8.52,903,Residential,29.2,-0.89,28.65,East,560076
739,2024-07-15, Bengaluru , Hebbal ,12.862044709906018,77.63130548553535,4.53,971,Industrial,37.9,11.24,24.2,North,560102
732,2024-10-15, Bengaluru , North ,12.936440020389249,77.65638451053685,12.53,929,Residential,17.0,5.34,-2.9,North,560048
417,2025-09-16, Bengaluru , RR Nagar ,12.865187339333485,77.66433738644163,5.77,961,Industrial,14.1,8.33,24.57,West,560064
566,2024-07-08, Bengaluru , Hebbal ,13.096373805786127,77.54834070514609,-3.7,917,Industrial,15.5,8.59,3.83,North,560034
39,2024-12-06, Bengaluru , North ,12.898858622399903,77.51734248351626,8.48,873,Industrial,36.3,12.97,28.73,North,560078
471,2025-11-26, Bengaluru , Yelahanka ,12.942113349504904,77.55433248211494,6.52,872,Institutional,11.4,6.29,33.62,North,560064
250,2025-05-20, Bengaluru , Mahadevapura ,13.157227339191056,77.77224862366396,18.25,915,Mixed Use,14.5,14.81,34.51,East,560102
506,2024-05-06, Bengaluru , Mahadevapura ,13.064934515643715,77.5635612139385,12.53,942,Industrial,39.8,1.29,26.32,East,560078
403,2024-02-13, Bengaluru , West ,13.119892832055214,77.5112324677469,9.57,883,Mixed Use,9.7,-0.93,36.73,West,560076
54,2024-10-15, Bengaluru , Bommanahalli ,12.964218271692703,77.58862435846089,11.38,909,Residential,59.5,-1.16,16.36,South,560048
195,2025-10-20, Bengaluru ,,13.057471799829761,77.6118894512003,17.19,956,Commercial,29.2,5.84,18.03,North,560001
137,2025-06-19, Bengaluru , Dasarahalli ,13.00071745315425,77.73010428899333,14.48,932,Commercial,14.3,1.8,-0.52,West,560034
582,2025-05-30, Bengaluru ,,13.129463380293846,77.75267493987951,18.43,926,Institutional,7.4,0.97,24.28,East,560034
663,2025-02-06, Bengaluru ,,12.880649804207305,77.75376154785016,10.38,907,Residential,30.5,2.63,5.22,Central,560064
672,2025-08-10, Bengaluru , Shivajinagar ,12.980696129189447,77.70689564087948,15.13,908,Industrial,108.8,12.51,-3.9,Central,560037
282,2025-01-24, Bengaluru , North ,12.933930214782754,77.69963848529565,3.46,894,Commercial,57.5,12.72,19.42,North,560001
36,2025-08-26, Bengaluru , East ,13.114479737701298,77.74898934339653,3.4,923,Commercial,19.6,6.2,3.54,East,560076
513,2024-02-12, Bengaluru , North ,13.09172601364254,77.56896562971004,8.19,962,Commercial,109.0,-1.56,20.06,North,560034
503,2025-02-25, Bengaluru , CV Raman Nagar ,13.133626081069844,77.47189193580601,7.45,969,Institutional,45.9,10.77,7.5,East,560078
744,2025-11-26, Bengaluru , Dasarahalli ,13.17834223740071,77.63673496493948,7.08,879,Institutional,107.0,-2.63,26.54,West,560078
379,2025-09-11, Bengaluru , RR Nagar ,13.150839650483423,77.76122227239016,14.7,881,Industrial,21.8,-1.23,7.68,West,560102
645,2024-08-24, Bengaluru , South ,12.912505140348031,77.59557235333793,10.07,915,Institutional,10.6,8.86,26.95,South,560048
67,2024-09-28, Bengaluru , Hebbal ,12.901168405458986,77.56579009791929,6.53,862,Institutional,40.2,14.71,21.36,North,560076
572,2024-07-25, Bengaluru , East ,13.021497531473289,77.72323430357889,15.89,927,Institutional,79.8,6.25,31.04,East,560102
682,2025-10-10, Bengaluru , East ,13.066650277099672,77.46073707898472,2.8,858,Residential,-6.9,9.9,33.12,East,560078
537,2024-12-23, Bengaluru , Mahadevapura ,13.136907912543442,77.7862784267494,10.21,957,Institutional,9.1,2.03,2.81,East,560102
53,2025-03-02, Bengaluru , Mahadevapura ,12.932226660190462,77.63849760701095,15.79,925,Institutional,19.0,1.69,14.77,East,560037
378,2024-01-02, Bengaluru , RR Nagar ,12.940401471660703,77.7644182281066,10.17,933,Commercial,22.2,9.3,25.8,West,560102
713,2025-09-04, Bengaluru , Dasarahalli ,13.146509683615072,77.74552451002828,6.46,910,,56.3,1.9,-1.0,West,560078
66,2025-01-20, Bengaluru , Shivajinagar ,12.890277545294857,77.63575243142992,8.8,965,Institutional,54.3,1.54,19.11,Central,560078
538,2025-05-10, Bengaluru , South ,13.163823896415376,77.6989327874268,6.77,929,Residential,57.3,1.71,28.1,South,560037
247,2024-11-17, Bengaluru , Dasarahalli ,12.872489749178648,77.4926501619665,6.2,863,Institutional,55.5,13.77,18.35,West,560034
18,2024-04-10, Bengaluru , Bommanahalli ,13.115997599906505,77.76937081271544,13.22,979,Commercial,29.9,6.6,16.51,South,560048
126,2025-07-19, Bengaluru , Shivajinagar ,12.968177572021851,77.69986830346178,9.03,857,Residential,30.8,-1.41,13.01,Central,560048
667,2025-11-09, Bengaluru ,,12.879986584825662,77.47766927184033,12.63,924,Institutional,16.4,4.63,35.43,North,560001
29,2025-06-09, Bengaluru , Yelahanka ,13.134276620499337,77.49875766350672,11.33,854,Institutional,44.1,14.21,23.93,North,560034
133,2025-11-23, Bengaluru , West ,12.993331685521047,77.62531808346743,18.75,889,Mixed Use,29.2,8.24,39.83,West,560076
245,2024-02-26, Bengaluru , East ,13.004608622114448,77.69727239308469,7.76,939,,13.9,-0.07,37.6,East,560102
104,2024-11-12, Bengaluru , Mahadevapura ,12.936138860746002,77.5855748619116,16.0,909,Industrial,22.7,1.82,2.08,East,560001
277,2024-05-28, Bengaluru ,,13.187233018186669,77.46792915658028,15.94,884,Residential,50.0,7.87,13.29,East,560048
394,2025-06-11, Bengaluru , RR Nagar ,13.009252007144909,77.7622665118365,14.38,937,Residential,17.6,11.03,30.89,West,560064
111,2025-06-09, Bengaluru , Yelahanka ,13.194899109521499,77.46951873440571,15.71,900,Industrial,29.3,8.75,16.18,North,560076
160,2024-09-24, Bengaluru , CV Raman Nagar ,13.161497679881656,77.64183985041414,17.59,914,Commercial,18.8,5.81,19.93,East,560048
113,2025-01-29, Bengaluru , West ,13.00831684574715,77.5689226758696,10.86,943,Commercial,14.9,5.12,35.02,West,560102
569,2025-08-16, Bengaluru , RR Nagar ,13.146010365834979,77.56205688628611,7.3,889,Commercial,44.2,13.78,34.15,West,560001
552,2025-09-23, Bengaluru , RR Nagar ,13.19246869035549,77.62605750473551,9.72,856,Institutional,21.0,0.7,34.53,West,560076
330,2024-10-05, Bengaluru , North ,13.058346096023403,77.53934707265631,4.75,947,Industrial,22.7,-0.72,-3.42,North,560048
263,2024-03-13, Bengaluru , Yelahanka ,13.154658036667334,77.59703035969787,17.35,879,Mixed Use,37.2,11.42,35.44,North,560048
420,2025-01-29, Bengaluru , Mahadevapura ,12.934043008024336,77.57943885050757,11.76,966,Residential,34.5,11.18,20.76,East,560034
655,2025-08-03, Bengaluru , West ,13.110909115371092,77.63101853941593,7.52,979,Commercial,46.1,3.91,7.53,West,560001
168,2025-09-15,, Yelahanka ,13.084840921687169,77.54543340604418,11.25,917,Institutional,57.6,14.86,-3.46,North,560034
334,2024-08-05, Bengaluru ,,13.166748037053962,77.5143375622416,5.26,966,Industrial,59.0,0.05,17.98,West,560102
155,2025-07-18, Bengaluru , Bommanahalli ,12.938742479933671,77.47020272697836,16.55,953,Commercial,32.5,-0.17,8.48,South,560034
512,2025-11-11, Bengaluru , South ,13.088308556405885,77.48863629684293,1.61,877,Commercial,40.3,11.17,28.91,South,560076
25,2025-04-02, Bengaluru , North ,13.001262155024545,77.62325055071017,9.38,979,Commercial,23.8,11.98,26.8,North,560037
544,2024-03-08, Bengaluru , Dasarahalli ,13.13280394871027,77.45861980197176,10.34,915,Industrial,37.7,6.33,29.83,West,560001
444,2024-01-02, Bengaluru , Shivajinagar ,13.092934183179574,77.78840875871884,5.39,852,Commercial,22.9,3.15,39.48,Central,560001
151,2025-07-30, Bengaluru , Hebbal ,12.891289935945652,77.59862233039871,14.35,889,Mixed Use,27.3,0.71,26.06,North,560001
95,2025-05-11, Bengaluru , Dasarahalli ,12.92467663698915,77.59545704252159,4.15,943,Institutional,55.2,2.11,10.39,West,560064
218,2024-01-10,, Mahadevapura ,13.180751727044997,77.6090997606355,6.89,940,Institutional,46.4,8.99,1.08,East,560064
382,2025-10-15, Bengaluru , West ,13.06787727976266,77.48135702072672,3.6,963,Industrial,26.7,1.17,26.54,West,560037
24,2024-07-25, Bengaluru , RR Nagar ,13.03588004384804,77.52205504142856,14.26,919,Residential,7.0,-2.67,17.75,West,560048
293,2025-01-27, Bengaluru , Dasarahalli ,12.973932147822662,77.59880831068345,14.59,950,Mixed Use,36.5,-2.88,33.23,West,560102
174,2024-01-29, Bengaluru , Shivajinagar ,13.11226353875905,77.67712659329335,14.38,936,Mixed Use,9.8,8.03,29.92,Central,560078
101,2024-07-10, Bengaluru , West ,13.111534635348194,77.69319495372045,15.79,925,Mixed Use,56.3,1.57,38.39,West,560001
26,2024-02-25, Bengaluru ,,13.068906910041802,77.75794899493052,3.47,947,Industrial,43.1,-2.19,3.34,East,560064
667,2025-11-09, Bengaluru ,,12.879986584825662,77.47766927184033,12.63,924,Institutional,16.4,4.63,35.43,North,560001
637,2024-01-16, Bengaluru , West ,13.143491437733497,77.79036768456722,18.81,970,Institutional,46.6,-1.49,25.73,West,560076
490,2025-01-08, Bengaluru , Hebbal ,12.890940848168892,77.47597257815995,3.59,945,Institutional,6.1,12.53,-2.1,North,560048
36,2025-08-26, Bengaluru , East ,13.114479737701298,77.74898934339653,3.4,923,Commercial,19.6,6.2,3.54,East,560076
355,2024-07-23, Bengaluru , Bommanahalli ,13.141399663184202,77.5876148233688,7.38,878,Mixed Use,55.8,-0.24,12.54,South,560064
646,2024-06-23, Bengaluru , Bommanahalli ,12.99411903103811,77.65611656475815,3.28,863,Institutional,43.8,5.02,6.68,South,560037
243,2025-07-13, Bengaluru , CV Raman Nagar ,12.88074458543629,77.53362581318174,19.71,872,Industrial,21.3,5.89,20.93,East,560076
161,2024-04-25, Bengaluru , North ,13.04840164354503,77.74803791338809,16.51,884,Institutional,51.1,14.07,23.2,North,560034
74,2025-12-15,,,13.18449379022135,77.5318399686338,16.31,950,Residential,14.4,-2.41,0.04,West,560037
560,2025-11-20, Bengaluru , Yelahanka ,12.904423988543149,77.6486671512307,15.7,891,Mixed Use,36.3,9.23,35.24,North,560102
350,2024-04-20, Bengaluru , Yelahanka ,12.858075219754348,77.52891704271104,7.98,949,Institutional,22.2,-1.69,37.66,North,560102
119,2024-01-05, Bengaluru , CV Raman Nagar ,13.189057246822632,77.47496962429784,6.78,932,Mixed Use,54.4,2.25,-0.15,East,560102
115,2024-10-20, Bengaluru , North ,13.189745082911088,77.6012208211933,6.68,910,Industrial,13.9,11.98,39.03,North,560037
521,2024-09-22, Bengaluru , Shivajinagar ,12.925286304368848,77.78612080032441,6.79,929,Institutional,13.8,8.33,38.14,Central,560078
6,2025-11-15, Bengaluru , Hebbal ,12.97441243833912,77.66382184021909,6.32,923,Commercial,55.4,5.94,2.49,North,560078
476,2025-08-18, Bengaluru , Dasarahalli ,13.022206417068007,77.47844624863886,5.53,886,Industrial,21.5,1.0,20.37,West,560078
657,2024-04-25, Bengaluru , South ,13.07742427546788,77.5033729336091,17.97,968,Commercial,53.1,10.74,13.8,South,560078
249,2024-08-02, Bengaluru , Yelahanka ,13.079585991614705,77.70917428290021,3.71,867,Industrial,84.8,6.64,-1.69,North,560034
70,2024-02-27, Bengaluru , RR Nagar ,12.972616446451497,77.67596143523205,18.9,976,Residential,59.1,4.31,5.7,West,560001
15,2025-04-30, Bengaluru , CV Raman Nagar ,13.042031015395372,77.4958443482033,19.27,876,Commercial,52.9,11.87,4.5,East,560064
300,2024-06-28, Bengaluru , Shivajinagar ,13.12779389599603,77.66911133570977,10.3,858,Institutional,36.7,5.13,34.66,Central,560076
619,2024-02-03,, CV Raman Nagar ,13.059686568271074,77.55857437072352,5.71,979,Residential,51.2,3.28,-1.03,East,560064
370,2024-05-21, Bengaluru , East ,12.933230635291219,77.55669379249693,9.41,979,,92.4,4.76,4.97,East,560001
79,2025-06-11, Bengaluru , West ,12.94930541355412,77.52515001914205,11.22,878,Residential,59.5,7.1,-0.29,West,560076
95,2025-01-05, Bengaluru , RR Nagar ,13.050023383572448,77.54328409821873,11.43,965,,42.7,6.62,17.38,West,560064
725,2024-04-01, Bengaluru ,,13.097140365246169,77.46251819490871,12.9,900,Commercial,5.8,8.61,20.96,Central,560048
55,2024-02-11, Bengaluru , West ,12.86763690647744,77.6601726590882,5.9,869,Commercial,19.3,11.0,37.56,West,560034
468,2024-03-22, Bengaluru , Mahadevapura ,13.106255491664443,77.58254846290701,10.84,858,Commercial,48.7,-1.96,25.52,East,560102
267,2024-12-30, Bengaluru , South ,12.960073168660674,77.73397899023144,14.34,891,Residential,47.2,12.04,23.89,South,560048
741,2024-04-24, Bengaluru , West ,12.96302300568127,77.49092262542813,14.93,950,Commercial,22.4,12.88,14.37,West,560001
515,2025-12-06, Bengaluru , South ,13.174048369027414,77.65615485219053,17.46,923,Industrial,8.4,5.61,7.09,South,560078
538,2025-05-10, Bengaluru , South ,13.163823896415376,77.6989327874268,6.77,929,Residential,57.3,1.71,28.1,South,560037
631,2024-06-01, Bengaluru , East ,12.982751691794162,77.51282167191188,15.06,938,Industrial,37.5,13.94,11.09,East,560076
504,2025-06-27, Bengaluru , RR Nagar ,13.017163898374307,77.7301182378557,13.23,943,Institutional,114.2,0.62,-3.43,West,560001
607,2024-10-23, Bengaluru , Hebbal ,13.08633931489683,77.54825896431792,10.72,892,Residential,8.0,5.34,37.18,North,560078
167,2024-08-09, Bengaluru , South ,13.0686166943258,77.52398305430565,15.23,934,Mixed Use,22.3,3.04,16.75,South,560048
691,2025-02-22, Bengaluru ,,12.917820390531668,77.4743567149726,4.91,965,,35.5,-0.12,39.44,North,560102
332,2024-11-14, Bengaluru , Bommanahalli ,12.855386270700446,77.5298851366386,9.49,958,Institutional,39.9,6.35,19.76,South,560064
618,2024-12-31, Bengaluru , Hebbal ,13.05330326021416,77.59712091058051,19.78,876,Commercial,17.9,8.82,34.31,North,560064
248,2024-10-21, Bengaluru , Shivajinagar ,13.100003339283663,77.60098586380879,19.08,962,Commercial,46.0,10.56,6.18,Central,560064
374,2025-11-06,, CV Raman Nagar ,13.043293555990408,77.70438427368627,13.41,972,Institutional,27.6,8.99,1.65,East,560001
633,2025-05-31, Bengaluru , South ,12.999210507543635,77.74149045477876,19.24,873,Residential,68.2,14.49,27.48,South,560076
141,2025-05-02, Bengaluru , CV Raman Nagar ,12.906092921872064,77.58697597131673,9.17,876,Institutional,39.8,6.37,-4.19,East,560037
500,2024-07-25, Bengaluru , Hebbal ,12.915347989442974,77.5674429667275,15.22,964,Mixed Use,28.1,1.03,16.74,North,560102
639,2024-11-22, Bengaluru , South ,13.086294004446252,77.5846469091223,8.65,909,Residential,14.4,2.08,8.39,South,560076
609,2025-03-14, Bengaluru ,,13.096413089807301,77.5082247578225,11.68,878,Residential,53.0,0.32,27.41,Central,560078
564,2024-11-13, Bengaluru , RR Nagar ,13.076143128634634,77.74067385173144,9.25,949,Commercial,28.1,3.6,10.39,West,560078
367,2025-08-09, Bengaluru , Dasarahalli ,12.967549053279424,77.60179960334798,7.57,933,,32.9,-2.31,6.44,West,560064
308,2024-03-03, Bengaluru , RR Nagar ,13.064502052260032,77.78987153729602,13.54,963,Mixed Use,49.3,9.28,28.51,West,560048
332,2024-11-14, Bengaluru , Bommanahalli ,12.855386270700446,77.5298851366386,9.49,958,Institutional,39.9,6.35,19.76,South,560064
487,2025-02-16, Bengaluru , Hebbal ,12.871427442383627,77.62974800740658,16.17,939,Industrial,78.0,3.56,36.73,North,560064
567,2025-02-28, Bengaluru , North ,13.167477490740515,77.45306794073079,13.29,954,Commercial,37.8,-2.83,23.06,North,560078
502,2025-11-11, Bengaluru , North ,13.0055966112431,77.53162549877389,4.47,852,Residential,29.5,6.9,35.12,North,560037
235,2024-12-11, Bengaluru , West ,13.137668852446179,77.49490945486345,12.36,980,Industrial,6.2,13.36,26.96,West,560078
415,2024-12-20, Bengaluru , RR Nagar ,12.869047002452156,77.71077824801002,14.02,861,,52.6,-1.59,23.31,West,560078
431,2024-03-05, Bengaluru , CV Raman Nagar ,12.959826187374787,77.52690457573394,2.54,905,Institutional,23.2,6.63,-1.62,East,560064
630,2025-08-02, Bengaluru , South ,13.120494216183754,77.53169507143271,13.07,898,Commercial,12.5,6.38,29.75,South,560048
192,2025-05-15, Bengaluru , Shivajinagar ,12.979770826050528,77.56903310813416,2.81,901,,37.5,2.52,19.51,Central,560076
152,2024-02-14, Bengaluru , South ,12.918989584138306,77.69556834554763,4.48,933,Institutional,14.2,-1.71,-4.51,South,560102
436,2025-04-06, Bengaluru ,,13.09308410123244,77.48768102512193,10.19,878,Industrial,56.4,11.31,16.19,South,560037
257,2024-04-10, Bengaluru , West ,12.976432406707488,77.49189761464459,10.93,896,Institutional,40.4,9.36,-3.55,West,560048
615,2025-10-23, Bengaluru , North ,12.943309274913249,77.50426424059413,11.56,883,Mixed Use,10.9,6.4,-3.45,North,560076
668,2024-09-24, Bengaluru , Bommanahalli ,12.942581101677943,77.67433562003558,17.28,881,Institutional,33.2,12.91,13.61,South,560001
545,2024-01-05,, South ,12.898847143473116,77.71149367214804,17.18,914,Institutional,32.1,14.98,36.5,South,560076
542,2024-04-17, Bengaluru , North ,13.063036660915099,77.66526429583807,10.13,919,Commercial,19.7,11.24,10.13,North,560076
570,2024-11-19, Bengaluru , Shivajinagar ,13.02381895815348,77.58919077944039,7.77,953,Institutional,24.0,4.8,13.09,Central,560048
583,2024-12-21, Bengaluru ,,12.989545849295395,77.74096325458332,7.64,879,Institutional,36.1,10.71,28.05,East,560076
384,2025-08-26, Bengaluru , RR Nagar ,12.898628236060196,77.77238068162566,17.77,955,Residential,34.5,5.95,34.43,West,560048
146,2025-09-15, Bengaluru , RR Nagar ,12.864158150118826,77.4639994875564,5.97,927,Residential,39.6,13.95,20.4,West,560048
330,2024-10-05, Bengaluru , North ,13.058346096023403,77.53934707265631,4.75,947,Industrial,22.7,-0.72,-3.42,North,560048
475,2025-07-24, Bengaluru , Dasarahalli ,13.004157097314671,77.77917663482435,8.24,934,Mixed Use,54.3,12.3,4.72,West,560037
534,2025-07-06, Bengaluru , East ,12.938184789921788,77.45863296994155,14.87,926,Mixed Use,41.2,11.87,0.9,East,560034
216,2025-09-11, Bengaluru , West ,13.040891547313183,77.4790847605005,10.65,858,Residential,15.3,13.01,13.34,West,560048
215,2025-02-08, Bengaluru , East ,13.179597722142391,77.73901926824941,4.02,936,Mixed Use,5.2,5.8,-4.26,East,560034
625,2025-02-25, Bengaluru , South ,13.00151824709808,77.50340695873477,5.2,908,Institutional,11.9,0.35,27.21,South,560078
666,2024-08-27, Bengaluru , Yelahanka ,12.95122389162028,77.60786075489271,16.66,948,Institutional,-1.6,3.7,23.53,North,560037
197,2025-11-28, Bengaluru , CV Raman Nagar ,13.152049133696947,77.64263204702627,17.26,885,Residential,13.0,3.02,18.32,East,560001
541,2024-07-16, Bengaluru , North ,13.145973057772398,77.73370406985515,11.11,977,Residential,50.2,9.24,0.23,North,560078
496,2025-02-19, Bengaluru , Dasarahalli ,13.01234235783421,77.46490298133776,9.33,973,Mixed Use,21.2,9.29,12.88,West,560048
592,2024-01-22, Bengaluru , West ,12.97551786711387,77.48778462490893,8.53,974,Residential,58.1,4.17,39.46,West,560078
18,2024-04-10, Bengaluru , Bommanahalli ,13.115997599906505,77.76937081271544,13.22,979,Commercial,29.9,6.6,16.51,South,560048
72,2024-03-23, Bengaluru , Dasarahalli ,12.893297898742519,77.78749492552565,8.74,929,Mixed Use,81.7,0.52,19.37,West,560102
28,2024-04-01, Bengaluru , Dasarahalli ,12.987892524211652,77.55487612080937,3.98,889,Institutional,22.9,14.73,1.73,West,560037
278,2025-03-12, Bengaluru , Mahadevapura ,13.161890108026483,77.61032840974713,4.1,948,Commercial,20.9,5.37,27.22,East,560037
632,2025-05-17, Bengaluru , RR Nagar ,12.91741448011121,77.69531012973678,8.89,880,Institutional,35.3,8.8,-4.94,West,560001
396,2025-09-29, Bengaluru , South ,13.016444411311989,77.5653513835316,18.0,875,Commercial,6.8,9.61,5.72,South,560102
229,2024-08-17, Bengaluru , CV Raman Nagar ,13.049147010901486,77.76091947280422,-4.42,868,Industrial,30.2,10.75,15.11,East,560001
321,2024-09-26, Bengaluru ,,13.025805229232883,77.62095500706545,14.22,976,Mixed Use,56.4,11.66,16.31,North,560037
148,2024-12-19, Bengaluru ,,13.093136971148674,77.58777241855367,17.0,921,Industrial,28.3,13.74,26.12,South,560102
722,2025-04-02, Bengaluru , South ,13.057816206516941,77.50826167888034,4.08,857,Institutional,10.4,4.96,32.53,South,560037
46,2025-05-22, Bengaluru , Dasarahalli ,13.019768458202185,77.76863859990875,9.87,950,,67.5,4.48,26.94,West,560037
495,2025-02-02,, CV Raman Nagar ,13.078756508144103,77.66446920252902,14.05,895,,31.9,12.44,-3.11,East,560102
599,2025-06-30, Bengaluru , West ,12.957239542456827,77.64864326146814,3.2,889,Institutional,33.5,10.44,33.12,West,560102
60,2024-03-23, Bengaluru , Shivajinagar ,12.921864529262685,77.73698175526752,4.64,978,Residential,13.9,6.74,3.54,Central,560078
714,2024-08-17, Bengaluru , Shivajinagar ,12.922500955112925,77.63793025866141,4.94,910,Mixed Use,14.9,1.9,39.8,Central,560076
107,2024-07-25, Bengaluru , West ,12.913242646173035,77.69537245483271,12.38,953,Commercial,55.7,5.88,33.99,West,560076
351,2025-06-27, Bengaluru , Shivajinagar ,12.912357732577513,77.59220913325983,9.63,862,Mixed Use,54.6,14.91,17.89,Central,560034
524,2024-05-29,, Bommanahalli ,12.857076981976192,77.53038048794905,17.65,887,Residential,17.5,11.16,39.35,South,560037
390,2025-01-06, Bengaluru , Bommanahalli ,13.073556027808594,77.4850561562495,6.54,931,,52.8,11.09,27.35,South,560064
449,2025-01-09, Bengaluru , Yelahanka ,12.850864604376621,77.54099464744311,8.17,956,Industrial,6.1,12.07,28.22,North,560102
94,2025-04-24, Bengaluru , Mahadevapura ,12.95388610246925,77.613016645098,20.0,869,Industrial,6.6,7.97,25.72,East,560076
260,2025-05-18, Bengaluru , North ,13.167102768463888,77.51734106646383,7.92,966,Industrial,13.1,4.44,26.9,North,560076
555,2024-10-16, Bengaluru ,,12.865900971967285,77.65623649792128,9.42,943,Commercial,51.2,7.52,18.76,East,560034
364,2025-08-04, Bengaluru , Mahadevapura ,13.152689468382789,77.63361548933516,12.14,934,Industrial,19.7,4.11,-4.46,East,560078
171,2024-11-05, Bengaluru , West ,12.900335215445766,77.70194866253416,12.51,937,Commercial,9.4,0.22,21.12,West,560102
255,2025-05-11, Bengaluru , Dasarahalli ,12.9307613100785,77.60409308389761,3.69,942,Commercial,35.5,-1.71,5.01,West,560048
603,2024-10-03, Bengaluru , East ,13.02811463015881,77.50775139889383,6.02,872,Commercial,36.2,8.13,1.3,East,560001
253,2024-06-29, Bengaluru , South ,12.938076097366727,77.57818054339424,4.45,913,Commercial,25.9,10.77,5.08,South,560048
307,2025-04-25, Bengaluru ,,12.951850050837763,77.74396052305754,19.24,880,Institutional,14.0,13.32,5.04,South,560048
71,2024-06-07, Bengaluru , Bommanahalli ,13.101666491835248,77.56235508752741,17.27,885,Commercial,20.1,3.8,18.79,South,560064
256,2025-01-20, Bengaluru , CV Raman Nagar ,13.033694108721535,77.53390807012126,17.63,904,Mixed Use,55.8,5.3,27.91,East,560034
682,2025-10-10, Bengaluru , East ,13.066650277099672,77.46073707898472,2.8,858,Residential,-6.9,9.9,33.12,East,560078
429,2025-10-08, Bengaluru , Hebbal ,13.012355525791106,77.55008557208208,6.65,932,Institutional,51.9,11.69,16.98,North,560037
187,2025-11-10, Bengaluru , Bommanahalli ,13.124388573779004,77.76798231416005,12.35,933,Mixed Use,22.4,14.49,-4.96,South,560102
270,2025-05-05, Bengaluru , RR Nagar ,13.17452775708865,77.54239549641953,3.61,863,Industrial,52.7,2.92,17.58,West,560037
631,2024-06-01, Bengaluru , East ,12.982751691794162,77.51282167191188,15.06,938,Industrial,37.5,13.94,11.09,East,560076
163,2025-03-12, Bengaluru ,,13.196016819069115,77.52055974861261,15.24,940,Industrial,45.5,-2.79,6.5,West,560048
414,2024-07-30, Bengaluru , North ,13.19467204688883,77.71945233635736,14.29,960,Industrial,4.2,2.34,17.47,North,560048
633,2025-05-31, Bengaluru , South ,12.999210507543635,77.74149045477876,19.24,873,Residential,68.2,14.49,27.48,South,560076
105,2025-08-08, Bengaluru , RR Nagar ,13.129040958229165,77.64174683607834,11.25,871,Mixed Use,16.0,10.5,36.93,West,560048
99,2025-03-17, Bengaluru , Yelahanka ,13.16984141706762,77.62421777657143,16.93,957,Mixed Use,5.8,3.97,21.64,North,560037
7,2024-05-20, Bengaluru , North ,12.947447372579864,77.5953537810241,17.97,909,Commercial,41.2,-2.78,32.4,North,560037
530,2025-07-19, Bengaluru , Shivajinagar ,12.896869506194736,77.79869317338381,12.96,898,Industrial,44.9,9.0,6.46,Central,560102
594,2024-07-17, Bengaluru ,,12.878146328618142,77.73621751445748,6.28,863,Institutional,53.5,10.5,6.54,South,560078
612,2025-12-21, Bengaluru , CV Raman Nagar ,13.089265569144194,77.4883656651474,19.46,861,Industrial,29.0,-0.2,17.17,East,560102
230,2025-09-01, Bengaluru ,,13.139587041092323,77.48869100748975,13.52,937,Institutional,17.0,11.28,4.4,West,560001
265,2024-12-14, Bengaluru , Yelahanka ,13.076631177674361,77.51308628479337,16.25,909,Residential,16.4,4.36,38.27,North,560048
369,2024-07-11, Bengaluru , West ,13.005968560790388,77.72758977462564,5.54,864,Residential,-6.0,12.91,28.45,West,560034
53,2025-01-18, Bengaluru ,,12.92494353753132,77.48163023602419,2.76,912,Residential,39.0,2.91,-2.82,North,560076
359,2024-10-11, Bengaluru , CV Raman Nagar ,13.051050625018648,77.45748602039049,8.19,920,Institutional,94.2,5.92,5.3,East,560034
598,2024-10-02, Bengaluru , West ,13.017896965663818,77.599635758585,8.5,895,Mixed Use,29.4,-2.45,5.21,West,560078
740,2025-03-15, Bengaluru , CV Raman Nagar ,13.101203496576064,77.58890029817992,6.5,976,Residential,8.2,8.97,4.39,East,560064
404,2025-06-07, Bengaluru , CV Raman Nagar ,13.03121758643776,77.49812384848153,6.55,908,Mixed Use,10.1,5.6,34.13,East,560048
374,2025-11-06,, CV Raman Nagar ,13.043293555990408,77.70438427368627,13.41,972,Institutional,27.6,8.99,1.65,East,560001
611,2025-12-12, Bengaluru , Dasarahalli ,12.896999159658739,77.46651268633269,3.93,918,Residential,41.0,11.89,17.84,West,560064
190,2024-06-05, Bengaluru , Bommanahalli ,13.074184054371539,77.73960532731957,17.69,861,Industrial,50.0,-0.79,1.92,South,560064
333,2025-05-05, Bengaluru ,,13.082185213887028,77.61168093219206,5.57,970,Mixed Use,57.6,14.62,29.14,West,560102
304,2024-03-30, Bengaluru , Hebbal ,12.981756674847174,77.75677939012492,10.12,915,Mixed Use,10.4,5.89,27.48,North,560048
261,2024-01-01, Bengaluru , Mahadevapura ,13.062327405504554,77.61627279331279,9.26,916,Residential,27.9,13.39,39.93,East,560037
145,2024-05-15, Bengaluru , Shivajinagar ,12.978303641362999,77.72978688353497,18.2,856,Mixed Use,51.6,3.34,23.3,Central,560037
628,2025-08-22, Bengaluru , Dasarahalli ,13.184041405492682,77.46398701412087,4.15,861,Mixed Use,13.1,6.83,21.69,West,560064
284,2024-07-22, Bengaluru , West ,12.958899443081316,77.61682691822888,13.68,970,Industrial,22.1,12.73,20.8,West,560034
181,2024-12-05,, RR Nagar ,12.937406506438249,77.56191886841484,19.24,904,Commercial,45.5,-2.17,29.83,West,560102
12,2024-08-20, Bengaluru , Bommanahalli ,13.105851397366397,77.79636125534607,10.76,899,Industrial,56.5,14.78,37.98,South,560076
737,2024-08-20, Bengaluru , Hebbal ,12.914336900487879,77.68394343285667,19.76,954,Industrial,19.4,12.98,-4.8,North,560037
595,2025-12-26, Bengaluru , Mahadevapura ,13.00313092601528,77.69925108986341,7.1,979,Commercial,36.4,1.17,12.44,East,560001
694,2024-05-01, Bengaluru , Shivajinagar ,13.082982864940503,77.72249233349105,12.92,891,Institutional,4.4,4.05,8.15,Central,560078
532,2024-05-28, Bengaluru , North ,12.899996470641208,77.57273335328621,5.67,947,Residential,-2.1,-0.92,37.0,North,560037
470,2024-05-13, Bengaluru , RR Nagar ,12.928167964777233,77.71777781609188,8.72,914,Industrial,56.6,1.46,-1.8,West,560001
128,2024-08-09, Bengaluru , West ,12.905498338065259,77.47337958635445,10.2,865,Mixed Use,47.0,6.38,39.52,West,560037
736,2025-02-09, Bengaluru , South ,12.969190678253874,77.71082465834438,3.18,951,Industrial,6.9,7.72,21.09,South,560102
58,2025-01-07, Bengaluru , East ,12.991740704486396,77.77969559358102,5.24,879,Mixed Use,25.1,10.91,0.85,East,560001
34,2025-06-20, Bengaluru , CV Raman Nagar ,13.061178009115725,77.67108386962161,4.47,943,Mixed Use,13.7,14.1,25.67,East,560078
238,2025-08-22, Bengaluru , West ,13.169909841596114,77.71659179421995,15.09,970,Commercial,30.8,12.85,22.27,West,560034
482,2024-02-23, Bengaluru , RR Nagar ,12.935660888806662,77.68855954246872,6.23,958,Industrial,52.7,13.11,9.7,West,560001
283,2024-12-13, Bengaluru , North ,13.112116221371641,77.743076366372,8.82,866,Industrial,54.7,-2.54,11.65,North,560034
587,2025-02-10, Bengaluru , Yelahanka ,12.961125473303424,77.47683520421971,11.62,979,Industrial,36.2,-2.22,1.05,North,560102
363,2024-09-03, Bengaluru ,,13.04546193240957,77.51036003635589,16.18,967,Industrial,59.1,13.02,3.28,North,560037
20,2024-02-14, Bengaluru , Bommanahalli ,13.059567563048443,77.63204374898137,9.63,903,Residential,51.0,9.9,-3.62,South,560037
604,2024-08-26, Bengaluru , RR Nagar ,13.197139895905782,77.720333441111,17.2,862,Residential,41.9,4.83,17.53,West,560001
93,2025-11-18, Bengaluru , Hebbal ,12.94257301387685,77.5319615117421,11.13,864,Commercial,18.6,-0.04,21.98,North,560001
211,2025-04-17, Bengaluru , RR Nagar ,12.961117391505152,77.77598611335598,3.06,912,Institutional,13.3,3.2,1.32,West,560048
338,2024-06-24, Bengaluru , Hebbal ,12.951644045432861,77.63697139208692,15.32,878,Industrial,16.1,14.52,30.44,North,560048
730,2024-04-16, Bengaluru , South ,12.918002859027006,77.54544680005631,15.42,944,Mixed Use,51.1,8.93,5.09,South,560102
669,2024-11-26, Bengaluru , North ,13.099365086865385,77.47781749534356,6.72,851,Residential,9.5,4.16,25.13,North,560001
302,2025-11-09, Bengaluru , CV Raman Nagar ,13.184425499312756,77.77512920530665,8.04,946,Commercial,48.3,11.78,39.59,East,560076
86,2024-01-11, Bengaluru , Shivajinagar ,13.191116846257694,77.46335093519038,5.31,901,Residential,30.1,0.69,16.41,Central,560001
191,2024-12-31, Bengaluru , East ,12.955840233404054,77.68178327218294,7.58,964,Mixed Use,45.2,0.14,18.28,East,560001
40,2025-06-20, Bengaluru , East ,13.11323885114283,77.62435106334932,8.8,978,Commercial,106.6,3.92,24.06,East,560078
501,2025-05-20, Bengaluru , South ,12.971960381424607,77.72546212480232,5.4,866,Industrial,51.8,6.31,-3.11,South,560064
624,2025-04-06, Bengaluru , Bommanahalli ,13.121467717062863,77.51451800823368,15.82,961,Residential,12.7,9.53,11.69,South,560001
508,2025-12-17, Bengaluru , RR Nagar ,12.931060299002947,77.76318746221547,17.9,918,Residential,45.2,12.08,26.64,West,560102
635,2024-03-15, Bengaluru , RR Nagar ,12.85051301485711,77.49126965596959,19.28,855,Mixed Use,42.2,2.26,29.0,West,560064
517,2024-03-09, Bengaluru , RR Nagar ,13.195631979818286,77.66022639415242,12.38,889,Institutional,10.0,-0.8,-0.36,West,560001
724,2025-06-11, Bengaluru ,,13.019532466184659,77.63987874167744,2.57,940,Mixed Use,14.1,2.96,38.62,East,560048
105,2025-08-08, Bengaluru , RR Nagar ,13.129040958229165,77.64174683607834,11.25,871,Mixed Use,16.0,10.5,36.93,West,560048
80,2024-10-15,, South ,12.945310538247748,77.52423811687422,8.93,880,Mixed Use,36.8,5.03,8.73,South,560001
234,2024-06-16, Bengaluru , North ,12.97409890671828,77.48684107821796,14.6,957,Mixed Use,23.9,12.45,11.37,North,560102
677,2024-05-20,, East ,13.002235194206673,77.79322350685256,14.76,914,Residential,39.1,3.53,14.7,East,560102
106,2025-11-24, Bengaluru , RR Nagar ,13.174099648290552,77.65523591907991,4.62,872,Industrial,17.8,7.43,35.36,West,560076
342,2024-11-11, Bengaluru , Hebbal ,13.043257232900002,77.66431832470174,5.01,968,Mixed Use,56.7,0.97,7.18,North,560048
234,2024-06-16, Bengaluru , North ,12.97409890671828,77.48684107821796,14.6,957,Mixed Use,23.9,12.45,11.37,North,560102
254,2025-01-09, Bengaluru , Bommanahalli ,12.942022401127078,77.45263876890913,9.1,944,Residential,31.8,-1.02,19.99,South,560102
409,2025-12-23, Bengaluru , South ,12.900789604252877,77.47117653041049,3.7,963,Mixed Use,56.5,10.77,0.87,South,560001
423,2024-03-13, Bengaluru , West ,12.879646810090751,77.51828178711168,3.19,922,Institutional,55.2,6.69,1.0,West,560048
209,2025-07-01, Bengaluru , Mahadevapura ,12.855288985647366,77.78015937372135,16.34,903,Commercial,12.3,12.14,39.92,East,560078
715,2024-07-09, Bengaluru , West ,12.976813438269188,77.53130419038443,18.85,967,Commercial,17.0,1.03,11.09,West,560076
601,2024-04-11, Bengaluru ,,12.97523439173949,77.73585607185247,9.34,876,,42.7,-0.97,13.77,West,560076
83,2025-01-28, Bengaluru , Shivajinagar ,12.955736851741763,77.55409154148566,4.41,877,Mixed Use,5.7,12.38,14.64,Central,560048
498,2025-09-11, Bengaluru , Yelahanka ,12.880852704218807,77.75874494505287,4.85,955,Residential,57.2,6.14,19.28,North,560102
140,2024-07-10,, Mahadevapura ,12.988609409306473,77.57702771157183,17.75,935,Residential,28.2,13.43,19.92,East,560078
584,2025-04-12, Bengaluru , Bommanahalli ,13.167932218204056,77.7993865186962,19.69,923,Institutional,43.3,-1.49,11.76,South,560037
560,2025-11-20, Bengaluru , Yelahanka ,12.904423988543149,77.6486671512307,15.7,891,Mixed Use,36.3,9.23,35.24,North,560102
88,2025-03-06, Bengaluru , Dasarahalli ,13.053061338460482,77.48824046610706,9.51,906,Mixed Use,14.0,13.73,-1.9,West,560048
65,2025-09-20, Bengaluru , Mahadevapura ,12.90025030329046,77.62577627664443,6.15,917,Commercial,7.0,0.28,2.26,East,560064
271,2025-07-27, Bengaluru , Bommanahalli ,13.1436272631766,77.5979864409926,2.79,929,Mixed Use,66.2,0.44,26.85,South,560102
606,2024-01-31, Bengaluru , Shivajinagar ,13.01785823861891,77.71517207709388,14.8,865,Commercial,21.4,1.29,14.42,Central,560064
275,2024-03-17, Bengaluru ,,12.985459501691576,77.61923467869572,14.2,906,Mixed Use,28.0,9.69,19.07,North,560076
117,2025-09-07, Bengaluru ,,13.062994519291797,77.6234181170646,6.11,899,Commercial,80.0,6.35,32.85,North,560001
42,2025-11-29, Bengaluru , Mahadevapura ,13.095351299468962,77.74627798063815,3.99,860,,36.3,-2.32,27.18,East,560037
9,2024-08-01, Bengaluru , Bommanahalli ,13.060254541176569,77.48583285920382,11.89,943,Residential,38.8,-0.33,6.35,South,560076
422,2024-06-06, Bengaluru , South ,13.078400764869347,77.46529801613765,14.91,875,Residential,43.1,4.27,33.77,South,560076
154,2024-05-21, Bengaluru ,,12.988345599128698,77.5007980358132,19.34,893,Industrial,23.0,0.32,32.14,Central,560076
614,2025-11-14, Bengaluru , Mahadevapura ,13.041483312348513,77.78624394971634,14.45,916,Commercial,41.2,10.52,9.23,East,560037
311,2025-07-30, Bengaluru , West ,13.093429559668989,77.61824948290207,5.96,894,Institutional,21.1,9.78,26.92,West,560034
411,2024-01-20, Bengaluru , South ,13.068151845494782,77.67335687931687,3.09,881,Commercial,21.8,8.13,35.53,South,560064
384,2025-08-26, Bengaluru , RR Nagar ,12.898628236060196,77.77238068162566,17.77,955,Residential,34.5,5.95,34.43,West,560048
518,2024-08-30, Bengaluru , CV Raman Nagar ,13.137015915962747,77.4784970783822,18.87,906,Residential,28.3,11.29,28.78,East,560064
45,2025-03-06, Bengaluru , Yelahanka ,12.852363712928984,77.55223892300349,3.68,976,Industrial,15.7,5.37,6.93,North,560064
626,2024-12-06, Bengaluru , East ,13.154797475975936,77.54975073223655,17.09,885,Commercial,22.1,1.41,-4.08,East,560034
391,2025-12-22, Bengaluru , West ,13.071759227830889,77.6463677020089,8.73,946,Residential,46.4,7.61,26.16,West,560076
221,2025-08-26, Bengaluru , East ,13.116858268041971,77.55190995350858,9.86,954,Mixed Use,58.6,3.48,35.63,East,560076
141,2024-12-18, Bengaluru ,,13.082496048576008,77.56949738622983,14.85,873,Institutional,12.0,4.98,32.63,South,560048
350,2024-04-20, Bengaluru , Yelahanka ,12.858075219754348,77.52891704271104,7.98,949,Institutional,22.2,-1.69,37.66,North,560102
358,2024-05-20, Bengaluru , CV Raman Nagar ,13.004384484798885,77.65509089294332,19.38,874,Mixed Use,8.2,-0.99,14.25,East,560048
723,2024-07-29, Bengaluru , Mahadevapura ,12.936956804241305,77.64187713597678,7.77,901,Residential,13.1,5.61,19.81,East,560102
134,2024-04-04, Bengaluru , Hebbal ,13.192449361654226,77.73911025865912,4.43,925,Institutional,28.1,-0.18,8.05,North,560048
262,2024-02-28, Bengaluru , CV Raman Nagar ,12.878078813515275,77.73679176314434,6.93,907,Industrial,44.2,-1.29,14.6,East,560034
279,2025-05-17, Bengaluru , Hebbal ,12.968597799023662,77.53677310541035,10.71,888,Institutional,14.5,10.41,10.37,North,560048
80,2025-02-08, Bengaluru , South ,12.997745498351433,77.67605193934449,7.8,959,Institutional,59.0,8.35,37.48,South,560037
32,2024-12-05, Bengaluru , Dasarahalli ,12.956545998285732,77.64871659425427,-3.48,918,Residential,42.2,2.24,18.24,West,560102
130,2024-12-15, Bengaluru , Shivajinagar ,13.126347730243843,77.78027618180442,8.8,860,Commercial,14.9,12.18,18.47,Central,560048
24,2024-07-25, Bengaluru , RR Nagar ,13.03588004384804,77.52205504142856,14.26,919,Residential,7.0,-2.67,17.75,West,560048
670,2024-07-30, Bengaluru , CV Raman Nagar ,13.062596859821321,77.59912221365664,18.28,931,Institutional,12.0,4.37,17.91,East,560001
719,2024-10-13,, East ,13.195920327009434,77.6837881531316,17.3,946,Industrial,23.4,1.63,8.23,East,560048
381,2024-07-24, Bengaluru , Yelahanka ,13.099982576976574,77.72453463754684,14.74,882,Residential,20.5,10.31,4.64,North,560076
120,2025-06-27, Bengaluru , West ,12.935238234613829,77.48100516928952,5.44,929,Residential,110.4,10.3,6.76,West,560102
185,2024-10-06, Bengaluru ,,12.944151335761862,77.78821401607333,3.34,942,Industrial,40.9,6.79,19.7,South,560078
102,2025-10-28, Bengaluru , Yelahanka ,12.986132041058479,77.55937318433304,19.26,974,Industrial,36.6,4.9,25.46,North,560037
359,2024-10-11, Bengaluru , CV Raman Nagar ,13.051050625018648,77.45748602039049,8.19,920,Institutional,94.2,5.92,5.3,East,560034
37,2025-10-08, Bengaluru , East ,13.043953541980907,77.5212025348235,18.84,955,Commercial,20.7,-2.12,36.7,East,560037
340,2025-06-17,, Dasarahalli ,12.930419192493034,77.48042527765459,10.44,911,Commercial,39.9,7.86,0.93,West,560076
176,2025-11-27, Bengaluru , East ,13.08007577392077,77.66054919735522,15.47,916,Mixed Use,47.7,2.57,29.77,East,560102
91,2025-08-01, Bengaluru , East ,12.899140598518601,77.74096479990186,2.76,852,Residential,18.8,-1.17,1.42,East,560048
421,2024-04-09, Bengaluru , CV Raman Nagar ,13.152416447867614,77.45661609909217,5.65,957,Industrial,13.0,10.71,26.19,East,560076
150,2025-02-25, Bengaluru , Mahadevapura ,12.898016646115433,77.69018118901134,10.95,911,,12.3,8.54,26.41,East,560037
10,2024-05-05, Bengaluru , CV Raman Nagar ,13.19223805005175,77.61813828661548,5.02,937,Mixed Use,13.9,-2.58,37.79,East,560076
46,2025-05-22, Bengaluru , Dasarahalli ,13.019768458202185,77.76863859990875,9.87,950,,67.5,4.48,26.94,West,560037
96,2024-10-23, Bengaluru , North ,12.991305395713468,77.62631221185998,11.36,902,Residential,22.4,2.39,21.39,North,560034
585,2025-11-03, Bengaluru , South ,13.016048783737558,77.48465485101038,6.23,877,Institutional,15.9,8.29,19.71,South,560037
738,2024-06-13, Bengaluru , CV Raman Nagar ,13.028250301949265,77.76625550102597,10.65,964,Institutional,26.1,6.77,3.73,East,560076
549,2025-10-08, Bengaluru , Dasarahalli ,12.882541618040067,77.76029055230474,4.96,854,Industrial,17.5,6.46,-4.84,West,560001
561,2024-08-03, Bengaluru , South ,12.98209288010009,77.76472107614084,16.11,947,Mixed Use,36.4,10.6,7.77,South,560034
44,2024-04-25, Bengaluru , Yelahanka ,12.919107930833402,77.57527146142252,5.97,880,Mixed Use,27.5,5.03,16.74,North,560001
291,2024-06-24, Bengaluru , Mahadevapura ,12.967616472340296,77.7183044493391,5.98,891,Industrial,21.7,-0.09,4.83,East,560034
416,2025-07-11, Bengaluru , Bommanahalli ,12.86609265504035,77.79366711792983,17.33,880,Industrial,35.4,9.77,28.59,South,560076
314,2025-02-18, Bengaluru ,,13.058796461601883,77.69418828296233,17.02,919,Mixed Use,41.4,14.16,39.73,Central,560078
422,2024-06-06, Bengaluru , South ,13.078400764869347,77.46529801613765,14.91,875,Residential,43.1,4.27,33.77,South,560076
658,2024-08-04, Bengaluru , Shivajinagar ,12.912557596037319,77.53100182813834,14.48,914,Mixed Use,41.3,4.84,10.27,Central,560078
123,2024-11-24, Bengaluru , CV Raman Nagar ,12.868743610856741,77.63108107299597,18.85,913,Residential,34.2,-1.75,14.49,East,560001
62,2025-08-19, Bengaluru , Shivajinagar ,12.978607503372254,77.62625243927108,2.56,975,Mixed Use,47.9,5.25,3.08,Central,560102
196,2024-07-24, Bengaluru ,,13.087944545245866,77.643847478297,15.97,880,Residential,5.9,5.94,33.17,Central,560048
362,2025-03-11, Bengaluru , East ,13.046616242149113,77.79165689518732,14.02,952,Commercial,12.7,6.22,10.19,East,560102
337,2024-02-29,, South ,13.18620887556865,77.68881120264919,11.2,970,Institutional,40.5,9.49,6.64,South,560037
136,2025-08-23,,,12.911317970039333,77.71913819680839,17.74,886,Mixed Use,13.0,6.33,17.93,East,560001
135,2025-02-26, Bengaluru , North ,13.061094675491132,77.57361448220502,13.64,860,Residential,21.9,9.43,-4.82,North,560064
710,2025-12-09, Bengaluru , Bommanahalli ,12.921147390343993,77.53333263092195,6.15,907,Residential,41.5,1.32,6.98,South,560078
551,2025-10-10, Bengaluru , Yelahanka ,13.048840439033151,77.70128484443647,13.11,931,Residential,33.9,5.71,32.74,North,560064
652,2025-05-14, Bengaluru , North ,12.871918512730801,77.79029960087585,18.14,980,Institutional,36.4,6.5,10.56,North,560034
368,2025-03-16, Bengaluru , Shivajinagar ,13.011626661296804,77.71587484403192,4.42,894,Commercial,42.3,9.71,4.43,Central,560048
527,2024-09-20, Bengaluru , CV Raman Nagar ,13.174610433275557,77.45839435621389,10.8,942,Residential,48.9,7.17,34.58,East,560037
484,2024-07-11, Bengaluru , Mahadevapura ,13.132217615761116,77.67017423306899,5.62,936,,45.9,0.6,16.66,East,560001
620,2025-12-06, Bengaluru , Hebbal ,13.063276744489471,77.67654105130737,14.16,885,,13.7,6.03,16.68,North,560048
9,2024-08-01, Bengaluru , Bommanahalli ,13.060254541176569,77.48583285920382,11.89,943,Residential,38.8,-0.33,6.35,South,560076
98,2025-10-10, Bengaluru , Bommanahalli ,12.885476570444307,77.51345435533094,14.36,853,Commercial,35.9,1.64,8.59,South,560078
174,2024-01-29, Bengaluru , Shivajinagar ,13.11226353875905,77.67712659329335,14.38,936,Mixed Use,9.8,8.03,29.92,Central,560078
349,2024-02-21, Bengaluru , Yelahanka ,12.939479382995048,77.7417314144239,5.69,850,Mixed Use,18.3,12.81,13.61,North,560048
510,2024-11-27, Bengaluru , West ,13.084670833787046,77.59008073036574,11.39,905,Mixed Use,51.5,9.55,25.98,West,560037
12,2024-08-20, Bengaluru , Bommanahalli ,13.105851397366397,77.79636125534607,10.76,899,Industrial,56.5,14.78,37.98,South,560076
704,2024-05-07, Bengaluru ,,12.852983325212723,77.61283358414678,13.98,949,Commercial,72.0,13.25,18.89,West,560064
747,2025-02-02, Bengaluru ,,13.136257007197809,77.7309879951066,19.81,957,Mixed Use,17.6,11.37,23.12,North,560076
22,2025-03-08, Bengaluru , RR Nagar ,13.18110054649795,77.59208173977046,11.51,976,Residential,49.0,0.3,35.29,West,560064
483,2025-11-01, Bengaluru , North ,12.915947679538416,77.70205662680685,19.95,853,Commercial,63.0,10.3,2.08,North,560076
678,2024-08-10, Bengaluru , Dasarahalli ,12.885418165641518,77.63366140580654,11.27,877,Institutional,9.6,6.03,32.83,West,560037
406,2025-06-12, Bengaluru , Shivajinagar ,13.089416500753897,77.4666574726224,2.63,957,Commercial,39.6,-1.8,5.81,Central,560076
668,2024-09-24, Bengaluru , Bommanahalli ,12.942581101677943,77.67433562003558,17.28,881,Institutional,33.2,12.91,13.61,South,560001
347,2024-04-12, Bengaluru , East ,12.916484066519425,77.61626564044681,10.19,978,Residential,110.9,0.59,-3.28,East,560034
243,2025-07-13, Bengaluru , CV Raman Nagar ,12.88074458543629,77.53362581318174,19.71,872,Industrial,21.3,5.89,20.93,East,560076
623,2024-08-14, Bengaluru , South ,13.156363867165902,77.73855754544,18.51,909,Commercial,40.8,6.82,11.62,South,560001
479,2025-11-22, Bengaluru ,,13.198511015833143,77.76776153389527,5.27,911,Residential,38.3,10.35,7.03,North,560048
591,2024-09-25, Bengaluru , West ,13.164617726309698,77.52585892452204,5.04,893,Residential,64.1,8.16,12.81,West,560034
492,2025-03-14, Bengaluru , Dasarahalli ,12.95288665584902,77.65187180435743,17.04,903,Commercial,22.9,-1.56,16.9,West,560048
47,2025-12-30, Bengaluru , East ,13.19913543185425,77.7760584243236,5.75,969,,25.8,3.73,9.93,East,560037
365,2024-01-13, Bengaluru , Bommanahalli ,13.125225750730555,77.48287342627442,9.56,911,,82.3,7.48,17.68,South,560048
297,2025-12-07, Bengaluru ,,12.92339554109288,77.70785264471138,7.94,906,,45.3,9.96,35.96,West,560037
50,2025-09-23,, South ,13.091352070203195,77.77347982597702,15.13,866,,31.1,14.22,37.93,South,560078
488,2025-07-03, Bengaluru , East ,13.084374957324213,77.59406743140872,7.6,966,Industrial,40.9,4.72,-1.14,East,560034
225,2024-01-13,, RR Nagar ,13.048266030527317,77.57377901793086,7.15,912,Institutional,68.4,11.91,32.55,West,560034
626,2024-12-06, Bengaluru , East ,13.154797475975936,77.54975073223655,17.09,885,Commercial,22.1,1.41,-4.08,East,560034
220,2025-01-21, Bengaluru , Shivajinagar ,13.161888256321117,77.70510151470063,3.11,933,Residential,54.0,-0.4,21.44,Central,560001
690,2024-12-15, Bengaluru ,,13.164950016047783,77.73335202590575,6.19,875,Residential,113.3,6.89,9.95,North,560001
665,2024-12-17, Bengaluru , Dasarahalli ,13.155966359596936,77.50195276275839,19.82,868,Mixed Use,17.3,1.41,29.69,West,560078
413,2025-02-09, Bengaluru , East ,12.866947052247237,77.73921835215722,5.59,935,Mixed Use,50.4,-0.69,36.11,East,560102
648,2025-05-07, Bengaluru ,,12.907751956849467,77.58129921326325,6.4,980,Residential,17.9,9.66,22.86,West,560076
202,2024-04-03, Bengaluru , West ,13.080608099637528,77.54015644302349,14.5,889,Commercial,98.7,2.29,5.47,West,560076
563,2025-10-03, Bengaluru , East ,13.153612924084795,77.53340035878081,10.39,933,Commercial,48.0,5.88,23.95,East,560034
623,2024-08-14, Bengaluru , South ,13.156363867165902,77.73855754544,18.51,909,Commercial,40.8,6.82,11.62,South,560001
354,2024-11-02,, Hebbal ,12.979046169271188,77.5128893410091,11.27,956,Residential,21.5,14.41,12.24,North,560078
64,2024-05-19,,,13.064943321095626,77.69239234168266,4.8,975,Commercial,44.7,0.98,32.49,Central,560064
717,2024-01-07, Bengaluru , RR Nagar ,13.136531160078448,77.54088518672677,6.33,946,Institutional,47.7,13.01,8.63,West,560078
605,2024-12-20, Bengaluru , South ,13.131283495177916,77.4574555133707,6.89,940,Mixed Use,11.3,-2.76,32.59,South,560102
246,2024-11-29, Bengaluru , CV Raman Nagar ,12.994345542700914,77.45732396743632,18.01,934,,18.1,3.17,-1.43,East,560037
443,2024-04-24, Bengaluru , Yelahanka ,13.14305241090268,77.48194569369487,7.21,949,Institutional,33.4,1.22,33.56,North,560034
372,2024-04-16, Bengaluru , North ,12.885762050929014,77.7060246594346,12.97,879,Mixed Use,59.3,10.65,-2.94,North,560078
575,2024-06-11, Bengaluru , Bommanahalli ,13.06048297777123,77.49035663425146,15.03,864,Commercial,26.0,10.61,-0.49,South,560037
1,2025-02-08, Bengaluru ,,13.03755870150734,77.5779911209194,7.69,859,Mixed Use,1.8,4.64,32.21,South,560034
540,2025-03-21, Bengaluru , East ,12.940083449556754,77.65686057676461,8.18,853,Institutional,46.7,2.99,26.44,East,560078
376,2025-04-04, Bengaluru , South ,13.120920071014117,77.7774251168947,1.77,976,,51.1,-2.98,32.59,South,560034
217,2025-10-04,, Dasarahalli ,12.914437113973381,77.54501821001196,8.84,907,Institutional,57.8,2.55,9.33,West,560048
690,2024-12-15, Bengaluru ,,13.164950016047783,77.73335202590575,6.19,875,Residential,113.3,6.89,9.95,North,560001
188,2025-07-13, Bengaluru , North ,13.070329740844514,77.71015702004956,14.96,950,Industrial,42.2,2.8,23.3,North,560048
407,2025-03-13, Bengaluru , North ,13.063192225855717,77.60420952294712,4.5,976,Institutional,7.0,7.17,1.81,North,560001
149,2025-12-16, Bengaluru , North ,13.146297437137704,77.72238780330625,5.81,916,Commercial,40.1,6.79,6.24,North,560001
319,2024-10-18, Bengaluru , Shivajinagar ,12.88586065346241,77.70987392225739,11.44,893,Commercial,41.4,-1.35,35.62,Central,560001
685,2025-03-29, Bengaluru , Hebbal ,13.019085203386501,77.62590981611514,18.75,891,Institutional,21.5,8.94,34.98,North,560034
397,2025-01-17, Bengaluru , South ,13.069267147263275,77.59882860691245,5.78,937,,11.5,-0.32,18.77,South,560037
94,2024-12-02, Bengaluru , West ,12.935556272879662,77.78798336952057,8.74,850,Residential,32.7,0.62,17.71,West,560001
462,2025-08-31, Bengaluru , Dasarahalli ,13.072797781658476,77.7692341069434,13.28,967,Residential,44.5,6.68,8.9,West,560001
671,2024-04-14, Bengaluru ,,12.972022499196498,77.68538081484593,18.18,920,Residential,10.7,4.29,19.99,North,560048
656,2025-02-07, Bengaluru , South ,13.177228369671102,77.45651670319619,7.98,946,Commercial,53.2,6.8,30.08,South,560102
286,2024-04-04, Bengaluru , Hebbal ,13.030318892569126,77.7107499321909,16.39,864,Mixed Use,40.0,-1.61,13.76,North,560076
60,2024-02-14, Bengaluru , Mahadevapura ,12.868681091909673,77.77415873462505,18.32,891,Commercial,38.8,0.53,16.28,East,560048
715,2024-07-09, Bengaluru , West ,12.976813438269188,77.53130419038443,18.85,967,Commercial,17.0,1.03,11.09,West,560076
327,2024-07-31, Bengaluru , South ,13.001260710351964,77.70727032860115,8.91,854,Residential,27.5,4.87,22.38,South,560064
425,2024-01-05, Bengaluru , West ,13.088142548207854,77.55646881793169,11.02,858,Commercial,29.8,7.13,31.22,West,560076
721,2024-08-02, Bengaluru , Bommanahalli ,12.925495245166323,77.5572853099785,13.6,895,Institutional,50.3,-1.82,-4.55,South,560034
478,2025-09-27, Bengaluru , Yelahanka ,12.922800047193718,77.6543715083156,6.77,929,Residential,33.1,9.78,17.16,North,560078
44,2024-09-05, Bengaluru , Shivajinagar ,12.936470434518517,77.78621498043935,7.88,855,Mixed Use,19.6,4.64,11.66,Central,560102
662,2024-12-15, Bengaluru , Bommanahalli ,13.047593527678059,77.61088220516618,15.34,922,Mixed Use,19.4,-1.03,31.45,South,560034
636,2024-12-12, Bengaluru , RR Nagar ,12.917177657663359,77.64981195025598,6.27,944,Residential,53.8,0.29,13.87,West,560048
652,2025-05-14, Bengaluru , North ,12.871918512730801,77.79029960087585,18.14,980,Institutional,36.4,6.5,10.56,North,560034
529,2024-05-08, Bengaluru , Bommanahalli ,12.884468743006794,77.76496761802983,18.55,977,Industrial,6.7,0.29,33.06,South,560064
737,2024-08-20, Bengaluru , Hebbal ,12.914336900487879,77.68394343285667,19.76,954,Industrial,19.4,12.98,-4.8,North,560037
484,2024-07-11, Bengaluru , Mahadevapura ,13.132217615761116,77.67017423306899,5.62,936,,45.9,0.6,16.66,East,560001
219,2025-06-10, Bengaluru , Shivajinagar ,13.185245597761437,77.5766375136142,13.56,946,Residential,32.4,3.55,38.93,Central,560001
742,2024-10-18, Bengaluru , Shivajinagar ,12.970723699460969,77.67732825914109,18.4,908,Industrial,59.6,4.66,19.29,Central,560048
672,2025-08-10, Bengaluru , Shivajinagar ,12.980696129189447,77.70689564087948,15.13,908,Industrial,108.8,12.51,-3.9,Central,560037
306,2025-09-08, Bengaluru , Shivajinagar ,13.109135556803286,77.4959042871227,9.09,913,Institutional,52.1,-1.44,33.31,Central,560001
603,2024-10-03, Bengaluru , East ,13.02811463015881,77.50775139889383,6.02,872,Commercial,36.2,8.13,1.3,East,560001
119,2024-01-05, Bengaluru , CV Raman Nagar ,13.189057246822632,77.47496962429784,6.78,932,Mixed Use,54.4,2.25,-0.15,East,560102
610,2025-12-16, Bengaluru , Mahadevapura ,13.128096986959719,77.49070303822639,16.85,942,Commercial,11.8,7.63,5.83,East,560102
486,2025-06-26, Bengaluru , Mahadevapura ,13.001231685020645,77.47067715781007,4.91,861,Institutional,19.3,4.59,28.99,East,560078
126,2024-05-14, Bengaluru , West ,13.052070734656658,77.54593920361393,15.46,923,Institutional,17.2,3.96,19.69,West,560076
540,2025-03-21, Bengaluru , East ,12.940083449556754,77.65686057676461,8.18,853,Institutional,46.7,2.99,26.44,East,560078
62,2025-08-19, Bengaluru , Shivajinagar ,12.978607503372254,77.62625243927108,2.56,975,Mixed Use,47.9,5.25,3.08,Central,560102
82,2024-11-04, Bengaluru , North ,13.066066358269065,77.70316763300147,15.16,939,Industrial,19.2,14.19,39.77,North,560037
681,2024-07-12, Bengaluru , Shivajinagar ,13.132491885543198,77.49962901524779,14.94,979,Industrial,5.0,6.53,19.3,Central,560064
325,2025-07-26, Bengaluru , South ,12.947095989665645,77.62601089995385,9.83,897,,11.5,8.31,15.06,South,560076
386,2024-08-19, Bengaluru , South ,13.054127830358222,77.60652847972537,9.74,939,Commercial,39.5,6.13,39.57,South,560076
275,2024-03-17, Bengaluru ,,12.985459501691576,77.61923467869572,14.2,906,Mixed Use,28.0,9.69,19.07,North,560076
57,2024-03-05, Bengaluru , West ,13.08240925254336,77.50409325825954,13.93,951,Mixed Use,41.7,4.52,-2.69,West,560076
20,2025-01-09, Bengaluru , Hebbal ,13.188640673933234,77.52685574078068,9.47,974,Commercial,28.7,6.28,10.26,North,560048
440,2025-08-16,, Yelahanka ,12.859461161825635,77.63409347555675,6.04,938,Commercial,39.1,6.75,6.84,North,560001
87,2025-01-13, Bengaluru , Shivajinagar ,13.181790417506683,77.52353129533378,9.37,881,Institutional,8.1,1.94,12.99,Central,560001
186,2025-02-12, Bengaluru , Hebbal ,12.984041473198888,77.50293272797374,17.93,886,Residential,32.6,14.8,26.21,North,560078
586,2025-09-24, Bengaluru , CV Raman Nagar ,12.986307801736254,77.75128152235278,11.69,960,Residential,47.9,9.84,13.13,East,560102
650,2025-06-06, Bengaluru , East ,13.081157763490955,77.76777026375213,18.58,922,Commercial,47.7,-1.75,24.22,East,560064
317,2024-08-15, Bengaluru , West ,12.86713253824725,77.79572752212049,3.16,896,Industrial,33.1,-1.4,24.2,West,560078
35,2025-03-02, Bengaluru , RR Nagar ,13.144080861776795,77.45060948367113,17.18,880,Commercial,54.6,2.22,11.75,West,560078
412,2025-12-01, Bengaluru , RR Nagar ,12.904609334860844,77.5416998825626,18.39,892,Mixed Use,16.8,2.98,12.78,West,560064
139,2024-09-15, Bengaluru , RR Nagar ,13.182398965758338,77.53502474901862,15.07,906,Mixed Use,31.6,11.27,5.95,West,560037
315,2025-01-29, Bengaluru , CV Raman Nagar ,13.042942526539333,77.57564985544748,6.96,886,Commercial,37.4,11.42,2.2,East,560034
589,2024-12-23, Bengaluru , RR Nagar ,13.097318043253292,77.57871261791816,4.63,874,Mixed Use,46.5,9.86,13.71,West,560037
195,2025-10-20, Bengaluru ,,13.057471799829761,77.6118894512003,17.19,956,Commercial,29.2,5.84,18.03,North,560001
499,2025-12-07, Bengaluru , Mahadevapura ,13.004988487996243,77.66951690924463,10.97,945,Residential,46.5,9.48,22.03,East,560076
539,2025-06-25, Bengaluru , North ,13.047260380354233,77.51912583360753,11.0,955,Residential,12.2,5.26,-2.19,North,560037
403,2024-02-13, Bengaluru , West ,13.119892832055214,77.5112324677469,9.57,883,Mixed Use,9.7,-0.93,36.73,West,560076
29,2025-03-22, Bengaluru , Shivajinagar ,13.0011353856402,77.57723692850827,19.42,868,Commercial,13.3,-2.62,7.66,Central,560037
97,2025-07-21, Bengaluru , Yelahanka ,12.867394854794954,77.55514223901909,-0.25,971,Residential,55.0,8.01,22.75,North,560034
84,2024-10-30, Bengaluru , North ,13.0612980727731,77.59164967948148,18.39,960,Institutional,28.2,1.11,27.5,North,560048
447,2025-02-08, Bengaluru , CV Raman Nagar ,13.074701555465845,77.56881778963884,19.98,964,Institutional,52.1,0.92,5.23,East,560064
475,2025-07-24, Bengaluru , Dasarahalli ,13.004157097314671,77.77917663482435,8.24,934,Mixed Use,54.3,12.3,4.72,West,560037
20,2025-01-09, Bengaluru , Hebbal ,13.188640673933234,77.52685574078068,9.47,974,Commercial,28.7,6.28,10.26,North,560048
367,2025-08-09, Bengaluru , Dasarahalli ,12.967549053279424,77.60179960334798,7.57,933,,32.9,-2.31,6.44,West,560064
17,2025-09-15,, West ,12.910321349274707,77.6157225263617,12.24,933,Institutional,48.1,-1.09,20.21,West,560048
698,2025-09-26, Bengaluru , North ,12.928500312654673,77.62593889142293,10.22,912,Mixed Use,48.9,5.18,18.46,North,560048
586,2025-09-24, Bengaluru , CV Raman Nagar ,12.986307801736254,77.75128152235278,11.69,960,Residential,47.9,9.84,13.13,East,560102
302,2025-11-09, Bengaluru , CV Raman Nagar ,13.184425499312756,77.77512920530665,8.04,946,Commercial,48.3,11.78,39.59,East,560076
122,2025-04-18, Bengaluru , Mahadevapura ,13.139104841697797,77.77815333695894,9.86,859,Residential,23.6,1.33,10.08,East,560078
568,2024-05-14, Bengaluru , CV Raman Nagar ,12.918298558801075,77.48733605677683,7.8,931,Commercial,8.5,-1.65,9.25,East,560037
423,2024-03-13, Bengaluru , West ,12.879646810090751,77.51828178711168,3.19,922,Institutional,55.2,6.69,1.0,West,560048
402,2024-05-19, Bengaluru , North ,13.151840408321206,77.53509093635734,10.9,919,Mixed Use,54.4,4.83,26.38,North,560034
86,2024-01-11, Bengaluru , Shivajinagar ,13.191116846257694,77.46335093519038,5.31,901,Residential,30.1,0.69,16.41,Central,560001
393,2025-09-04, Bengaluru , RR Nagar ,13.19576150259941,77.58935592636496,2.42,899,Commercial,20.7,3.72,21.5,West,560034
108,2024-03-24, Bengaluru , Shivajinagar ,12.970722580315112,77.63180988552047,-4.16,974,Commercial,47.9,4.67,37.59,Central,560037
746,2024-07-25, Bengaluru , Yelahanka ,12.874479727589879,77.7902178080658,3.15,885,Industrial,30.9,5.08,-4.63,North,560037
272,2025-11-10, Bengaluru , Bommanahalli ,12.854601908232667,77.77675657014454,17.2,967,Industrial,33.7,2.97,-2.43,South,560048
507,2025-08-21, Bengaluru , CV Raman Nagar ,13.135396022075398,77.74043834809652,16.76,918,Industrial,56.9,7.05,29.82,East,560037
63,2024-05-11, Bengaluru , East ,13.130798700486782,77.62651972121415,3.21,883,Industrial,33.1,-2.02,17.68,East,560078
435,2024-10-30, Bengaluru ,,12.882334473643326,77.69962208338585,6.97,894,Residential,25.0,-2.67,14.42,East,560048
649,2024-12-08, Bengaluru , Dasarahalli ,13.014518602134125,77.7553645203913,13.51,909,Residential,26.1,6.14,9.47,West,560076
173,2024-10-16, Bengaluru , Bommanahalli ,12.918848828484172,77.70686127483756,13.02,870,Institutional,12.5,0.39,19.16,South,560001
379,2025-09-11, Bengaluru , RR Nagar ,13.150839650483423,77.76122227239016,14.7,881,Industrial,21.8,-1.23,7.68,West,560102
562,2025-01-05, Bengaluru , CV Raman Nagar ,13.11355541688964,77.59740824339197,17.46,889,Commercial,30.4,14.55,30.44,East,560102
208,2024-04-06, Bengaluru , RR Nagar ,12.903576463264562,77.54466419136223,8.17,912,Institutional,23.3,14.09,7.76,West,560048
320,2025-02-11, Bengaluru , Hebbal ,13.037659170036038,77.55068989841527,6.84,934,Mixed Use,51.5,-1.76,-1.18,North,560001
714,2024-08-17, Bengaluru , Shivajinagar ,12.922500955112925,77.63793025866141,4.94,910,Mixed Use,14.9,1.9,39.8,Central,560076
133,2025-11-23, Bengaluru , West ,12.993331685521047,77.62531808346743,18.75,889,Mixed Use,29.2,8.24,39.83,West,560076
51,2025-05-20, Bengaluru , RR Nagar ,12.85304681383743,77.77586968286687,14.61,888,Industrial,30.3,11.11,21.81,West,560048
239,2024-03-05, Bengaluru , West ,13.16122249424496,77.45171494660755,15.54,907,Residential,54.9,0.6,-4.96,West,560102
565,2024-03-03, Bengaluru ,,13.12748622667649,77.62788403536962,18.96,884,Mixed Use,48.3,10.75,0.6,South,560102
593,2025-06-20, Bengaluru , RR Nagar ,12.938444794058116,77.65885432351115,2.68,947,Mixed Use,44.3,12.77,-1.09,West,560001
451,2024-01-17, Bengaluru , North ,13.145889180278624,77.55407587868424,4.52,963,Commercial,58.3,13.79,39.0,North,560064
32,2024-12-05, Bengaluru , Dasarahalli ,12.956545998285732,77.64871659425427,-3.48,918,Residential,42.2,2.24,18.24,West,560102
122,2025-04-18, Bengaluru , Mahadevapura ,13.139104841697797,77.77815333695894,9.86,859,Residential,23.6,1.33,10.08,East,560078
212,2025-12-26, Bengaluru , Bommanahalli ,13.127056139023924,77.61790454658274,16.14,867,Residential,39.4,12.22,30.4,South,560034
352,2025-03-17, Bengaluru ,,13.069463734856887,77.6712148849311,10.72,883,Mixed Use,45.1,0.68,23.92,West,560001
455,2025-08-05, Bengaluru , Bommanahalli ,13.000742148038077,77.6142774561599,3.76,959,Industrial,59.4,14.98,31.0,South,560064
303,2025-07-27, Bengaluru , South ,12.905459133913842,77.75018500530057,7.31,871,Residential,46.9,7.32,35.82,South,560078
709,2025-10-30, Bengaluru , North ,13.091981881032117,77.58555361462967,-1.31,926,Mixed Use,56.1,1.47,39.86,North,560048
89,2024-08-19, Bengaluru , West ,13.083113225725135,77.74074467447817,9.73,925,Commercial,30.8,11.1,5.37,West,560078
326,2025-12-22, Bengaluru , North ,12.981311303305734,77.55163888672423,14.9,915,Commercial,52.4,9.77,15.48,North,560034
324,2024-06-05,, Shivajinagar ,13.156128763460455,77.79872335349438,18.41,963,Institutional,22.1,0.68,27.73,Central,560037
256,2025-01-20, Bengaluru , CV Raman Nagar ,13.033694108721535,77.53390807012126,17.63,904,Mixed Use,55.8,5.3,27.91,East,560034
746,2024-07-25, Bengaluru , Yelahanka ,12.874479727589879,77.7902178080658,3.15,885,Industrial,30.9,5.08,-4.63,North,560037
571,2024-07-11, Bengaluru , Dasarahalli ,12.888363229873521,77.65864711307471,13.4,898,Commercial,35.8,13.73,38.04,West,560064
546,2024-12-15, Bengaluru , Dasarahalli ,13.176679208659772,77.68154411612318,13.13,865,Commercial,36.1,2.22,16.12,West,560001
551,2025-10-10, Bengaluru , Yelahanka ,13.048840439033151,77.70128484443647,13.11,931,Residential,33.9,5.71,32.74,North,560064
360,2025-05-30, Bengaluru , South ,12.936601978497837,77.76981565514507,12.91,911,Mixed Use,49.8,8.01,4.18,South,560037
52,2024-09-10, Bengaluru , East ,13.018591466496945,77.64061581689131,9.96,876,Industrial,16.5,4.58,39.48,East,560102
109,2024-12-12, Bengaluru , RR Nagar ,12.879279729795693,77.46784912617642,17.74,967,Residential,40.2,13.6,26.79,West,560034
208,2024-04-06, Bengaluru , RR Nagar ,12.903576463264562,77.54466419136223,8.17,912,Institutional,23.3,14.09,7.76,West,560048
489,2024-07-07, Bengaluru , West ,13.113828237126015,77.53183808153733,16.49,896,Institutional,9.6,-1.68,17.2,West,560102
103,2025-10-22, Bengaluru , Dasarahalli ,13.016936784498453,77.72233266513932,7.26,935,Residential,40.8,11.43,22.0,West,560001
196,2024-07-24, Bengaluru ,,13.087944545245866,77.643847478297,15.97,880,Residential,5.9,5.94,33.17,Central,560048
680,2024-03-30, Bengaluru , Shivajinagar ,13.018349536228678,77.5142091651401,13.97,933,Residential,55.3,6.94,22.87,Central,560037
82,2024-11-04, Bengaluru , North ,13.066066358269065,77.70316763300147,15.16,939,Industrial,19.2,14.19,39.77,North,560037
629,2025-02-23, Bengaluru , South ,13.17539342203154,77.65696947491097,12.13,961,Institutional,44.2,11.3,35.22,South,560076
125,2024-05-04, Bengaluru , CV Raman Nagar ,13.182803052766596,77.55063299603437,13.83,880,,55.7,13.23,-1.2,East,560037
405,2025-10-10, Bengaluru , East ,13.058366854580614,77.72144593309301,8.52,903,Residential,29.2,-0.89,28.65,East,560076
731,2024-02-19, Bengaluru , RR Nagar ,13.087180016859161,77.75373055919222,17.92,862,,114.3,0.95,14.21,West,560034
288,2024-02-26, Bengaluru ,,13.025841043873928,77.76453267224153,19.21,980,Commercial,12.9,8.36,31.15,East,560078
627,2025-10-10, Bengaluru ,,13.014437023217093,77.56695992311128,11.06,925,Residential,35.8,1.89,6.12,South,560078
72,2024-03-23, Bengaluru , Dasarahalli ,12.893297898742519,77.78749492552565,8.74,929,Mixed Use,81.7,0.52,19.37,West,560102
726,2024-04-12, Bengaluru , Bommanahalli ,13.014410952620619,77.64546896866723,17.53,935,Institutional,38.3,12.89,1.6,South,560034
588,2024-02-25, Bengaluru , Mahadevapura ,12.946533807310013,77.5155767563305,7.81,853,Industrial,23.6,2.98,-0.77,East,560102
608,2025-06-30, Bengaluru , Dasarahalli ,13.120580363385386,77.65917658742904,3.96,969,Residential,27.7,5.33,32.61,West,560102
434,2025-04-30, Bengaluru , North ,12.993117147808913,77.6456198331036,5.99,856,Institutional,93.7,11.88,10.46,North,560078
675,2025-12-06, Bengaluru , Yelahanka ,12.877936885846538,77.72566181080414,19.65,896,Institutional,35.6,14.64,19.05,North,560102
264,2024-09-16, Bengaluru , East ,13.092234860247412,77.53948007766319,8.91,915,Residential,8.1,9.28,4.56,East,560076
66,2025-12-21, Bengaluru , North ,13.06567336898553,77.51789341859312,14.99,874,Residential,40.3,6.52,13.88,North,560048
76,2024-07-27, Bengaluru ,,13.146701036534376,77.73420665646951,16.94,923,Commercial,88.5,0.69,9.36,West,560078
467,2024-06-28, Bengaluru , Yelahanka ,13.15334975139025,77.48897524351507,18.19,851,Commercial,47.4,6.31,0.13,North,560048
300,2024-06-28, Bengaluru , Shivajinagar ,13.12779389599603,77.66911133570977,10.3,858,Institutional,36.7,5.13,34.66,Central,560076
535,2025-08-12, Bengaluru , East ,13.107743572846708,77.58343539625768,5.99,909,,14.6,3.34,28.21,East,560001
585,2025-11-03, Bengaluru , South ,13.016048783737558,77.48465485101038,6.23,877,Institutional,15.9,8.29,19.71,South,560037
494,2024-02-14, Bengaluru , Hebbal ,13.156680822160002,77.46569806374266,16.02,946,Residential,16.0,-2.4,28.09,North,560037
528,2025-10-27, Bengaluru , Shivajinagar ,13.19736572296512,77.78728081294524,11.18,903,Mixed Use,101.6,11.36,4.7,Central,560102
169,2025-10-10, Bengaluru ,,13.127165801812367,77.72756473219664,16.44,886,Industrial,23.8,3.53,33.39,South,560048
