Trip_ID,Date,Time,Hour,Station_ID,Station,Station_Latitude,Station_Longitude,Trip_Count,Available_Bikes,Total_Bikes,Station_Utilisation_Percentage,Trip_Duration_min,Peak_Demand,Vehicle_Type
247,2025-06-26,01:53:00,1,ST006,Yelahanka Bike Station,13.100912,77.594812,47,27.0,38,100.0,19.7,Normal,Scooter
775,2025-12-21,11:55:00,11,ST009,HSR Layout Bike Station,12.91218,77.638583,39,22.0,56,69.64,11.2,Normal,Scooter
946,2025-09-06,13:01:00,13,ST007,Hebbal Bike Station,13.035813,77.597329,31,75.0,104,29.81,10.0,Normal,Scooter
131,2025-03-27,06:14:00,6,ST012,Rajajinagar Bike Station,12.997071,77.5544,56,18.0,53,100.0,34.1,Normal,EV Bike
249,2025-08-23,00:59:00,0,ST008,Marathahalli Bike Station,12.960025,77.697892,25,7.0,38,65.79,25.1,Normal,EV Bike
749,2025-12-14,10:01:00,10,ST004,Whitefield Bike Station,12.969849,77.749745,59,49.0,60,98.33,30.9,Peak,EV Bike
240,2025-04-21,15:04:00,15,ST015,JP Nagar Bike Station,12.907017,77.583509,54,65.0,91,59.34,24.9,Normal,Scooter
294,2025-06-28,18:53:00,18,ST009,HSR Layout Bike Station,12.911758,77.639564,34,49.0,78,43.59,11.8,Peak,EV Bike
68,2025-09-05,02:49:00,2,ST004,Whitefield Bike Station,12.968939,77.75076,17,11.0,61,27.87,14.9,Normal,Scooter
906,2025-10-06,15:44:00,15,ST008,Marathahalli Bike Station,12.959569,77.696116,11,63.0,81,13.58,22.8,Normal,Scooter
149,2025-06-01,00:41:00,0,ST004,Whitefield Bike Station,12.971157,77.74881,29,36.0,79,36.71,25.4,Normal,Scooter
541,2025-01-19,22:43:00,22,ST008,Marathahalli Bike Station,12.960569,77.698886,65,29.0,72,90.28,18.6,Normal,EV Bike
981,2025-02-23,03:22:00,3,ST005,Electronic City Bike Station,12.846163,77.659346,20,10.0,30,66.67,34.8,Normal,Scooter
385,2025-07-07,19:03:00,19,ST015,JP Nagar Bike Station,12.907845,77.584688,115,6.0,47,100.0,21.1,Peak,Scooter
616,2025-03-01,05:37:00,5,ST010,Jayanagar Bike Station,12.924814,77.594439,54,70.0,102,52.94,9.4,Normal,Scooter
792,2025-02-18,05:34:00,5,ST005,Electronic City Bike Station,12.845082,77.660864,26,30.0,61,42.62,23.5,Normal,Scooter
303,2025-05-30,09:12:00,9,ST014,Banashankari Bike Station,12.926844,77.546643,104,15.0,34,100.0,15.5,Peak,Scooter
291,2025-05-07,05:10:00,5,ST015,JP Nagar Bike Station,12.908262,77.586003,40,26.0,50,80.0,25.1,Normal,Scooter
686,2025-12-26,09:21:00,9,ST001,MG Road Bike Station,12.976312,77.606749,55,33.0,80,68.75,8.7,Peak,Scooter
373,2025-12-04,05:54:00,5,ST007,Hebbal Bike Station,13.034667,77.597123,65,28.0,61,100.0,21.7,Normal,EV Bike
120,2025-09-26,03:54:00,3,ST003,Indiranagar Bike Station,12.977467,77.642137,53,55.0,102,51.96,35.7,Normal,EV Bike
399,2025-12-23,08:58:00,8,ST009,HSR Layout Bike Station,12.910513,77.639118,100,7.0,45,100.0,5.5,Peak,Scooter
418,2025-09-27,22:19:00,22,ST011,BTM Layout Bike Station,12.917736,77.608912,45,55.0,102,44.12,9.5,Normal,Scooter
205,2025-08-06,20:47:00,20,ST015,JP Nagar Bike Station,12.90639,77.586051,61,13.0,48,100.0,33.2,Peak,Scooter
328,2025-05-13,11:14:00,11,ST009,HSR Layout Bike Station,12.910584,77.638333,68,54.0,69,98.55,37.7,Normal,Scooter
713,2025-03-21,08:17:00,8,ST013,Malleshwaram Bike Station,13.004865,77.570147,68,13.0,61,100.0,15.2,Peak,Scooter
754,2025-02-03,23:34:00,23,ST011,BTM Layout Bike Station,12.915181,77.609623,44,80.0,121,36.36,34.7,Normal,Scooter
156,2025-11-11,03:23:00,3,ST010,Jayanagar Bike Station,12.924385,77.592577,38,29.0,55,69.09,32.2,Normal,EV Bike
968,2025-11-08,04:19:00,4,ST014,Banashankari Bike Station,12.924687,77.547534,51,21.0,57,89.47,12.8,Normal,EV Bike
311,2025-06-28,15:01:00,15,ST001,MG Road Bike Station,12.975217,77.606685,65,51.0,61,100.0,21.1,Normal,EV Bike
984,2025-05-09,01:39:00,1,ST002,Koramangala Bike Station,12.936117,77.624067,49,49.0,97,50.52,44.3,Normal,Scooter
101,2025-07-01,16:18:00,16,ST009,HSR Layout Bike Station,12.910581,77.637787,56,29.0,78,71.79,19.6,Normal,EV Bike
718,2025-09-18,18:57:00,18,ST008,Marathahalli Bike Station,12.960516,77.698119,45,66.0,83,54.22,7.1,Peak,Scooter
555,2025-05-19,00:42:00,0,ST003,Indiranagar Bike Station,12.97755,77.641417,63,5.0,50,100.0,42.9,Normal,Scooter
632,2025-10-28,20:33:00,20,ST004,Whitefield Bike Station,12.969623,77.751165,43,54.0,95,45.26,41.1,Peak,Scooter
124,2025-09-19,04:02:00,4,ST009,HSR Layout Bike Station,12.912964,77.639807,70,47.0,66,100.0,13.8,Normal,Scooter
192,2025-09-08,18:00:00,18,ST011,BTM Layout Bike Station,12.917333,77.61096,54,68.0,81,66.67,37.5,Peak,EV Bike
803,2025-05-17,20:18:00,20,ST006,Yelahanka Bike Station,13.10051,77.597556,95,60.0,81,100.0,16.2,Peak,EV Bike
427,2025-03-30,13:32:00,13,ST005,Electronic City Bike Station,12.844355,77.661076,42,13.0,36,100.0,32.6,Normal,Scooter
980,2025-11-04,00:35:00,0,ST005,Electronic City Bike Station,12.846558,77.661289,51,40.0,77,66.23,16.3,Normal,Scooter
874,2025-09-04,15:01:00,15,ST013,Malleshwaram Bike Station,13.004162,77.5707,54,37.0,54,100.0,35.2,Normal,Scooter
676,2025-03-04,22:41:00,22,ST002,Koramangala Bike Station,12.934592,77.625754,19,57.0,68,27.94,17.8,Normal,EV Bike
309,2025-07-20,04:31:00,4,ST007,Hebbal Bike Station,13.034424,77.595863,17,66.0,81,20.99,14.2,Normal,EV Bike
897,2025-11-24,12:19:00,12,ST009,HSR Layout Bike Station,12.910531,77.637675,64,51.0,64,100.0,37.1,Normal,Scooter
136,2025-08-09,21:06:00,21,ST001,MG Road Bike Station,12.974771,77.606524,59,44.0,63,93.65,39.8,Normal,EV Bike
840,2025-12-03,20:45:00,20,ST006,Yelahanka Bike Station,13.100748,77.595018,93,5.0,19,100.0,26.1,Peak,EV Bike
822,2025-10-03,22:42:00,22,ST006,Yelahanka Bike Station,13.100045,77.597623,58,68.0,117,49.57,23.5,Normal,Scooter
139,2025-07-26,00:52:00,0,ST013,Malleshwaram Bike Station,13.00239,77.569929,44,40.0,80,55.0,39.2,Normal,EV Bike
123,2025-08-28,05:32:00,5,ST014,Banashankari Bike Station,12.926121,77.546808,62,57.0,88,135.0,26.7,Normal,Scooter
487,2025-05-01,13:26:00,13,ST012,Rajajinagar Bike Station,12.99771,77.552908,14,74.0,101,13.86,9.6,Normal,EV Bike
129,2025-04-12,21:46:00,21,ST002,Koramangala Bike Station,12.933897,77.623118,56,68.0,113,49.56,22.8,Normal,Scooter
6,2025-03-20,01:10:00,1,ST010,Jayanagar Bike Station,12.923697,77.592752,37,28.0,55,67.27,32.4,Normal,Scooter
134,2025-07-28,12:37:00,12,ST002,Koramangala Bike Station,12.934176,77.624546,30,75.0,94,31.91,25.7,Normal,Scooter
706,2025-12-23,00:45:00,0,ST004,Whitefield Bike Station,12.970377,77.748881,27,59.0,87,31.03,7.8,Normal,Scooter
719,2025-04-28,15:50:00,15,ST005,Electronic City Bike Station,12.844452,77.660649,34,39.0,73,46.58,28.6,Normal,Scooter
279,2025-08-24,19:23:00,19,ST014,Banashankari Bike Station,12.925013,77.546525,54,25.0,61,88.52,24.1,Peak,Scooter
464,2025-02-04,08:26:00,8,ST002,Koramangala Bike Station,12.935774,77.624235,19,53.0,64,29.69,17.7,Peak,EV Bike
4,2025-11-16,23:12:00,23,ST011,BTM Layout Bike Station,12.917447,77.609287,31,39.0,74,41.89,8.1,Normal,Scooter
47,2025-01-06,10:20:00,10,ST015,JP Nagar Bike Station,12.908087,77.584717,37,21.0,63,58.73,41.9,Peak,Scooter
789,2025-10-29,15:35:00,15,ST005,Electronic City Bike Station,12.845846,77.659932,40,27.0,58,68.97,33.7,Normal,EV Bike
591,2025-06-20,16:59:00,16,ST009,HSR Layout Bike Station,12.911981,77.638336,28,9.0,22,100.0,16.6,Normal,EV Bike
214,2025-11-22,14:15:00,14,ST012,Rajajinagar Bike Station,12.998424,77.554934,19,53.0,70,27.14,22.2,Normal,Scooter
975,2025-11-22,02:52:00,2,ST012,Rajajinagar Bike Station,12.999997,77.553564,37,66.0,98,37.76,33.1,Normal,Scooter
500,2025-06-15,14:17:00,14,ST006,Yelahanka Bike Station,13.1007,77.596428,61,67.0,98,62.24,16.3,Normal,Scooter
996,2025-08-31,21:58:00,21,ST011,BTM Layout Bike Station,12.916728,77.611594,15,17.0,52,28.85,26.6,Normal,Scooter
511,2025-01-02,21:12:00,21,ST012,Rajajinagar Bike Station,12.998539,77.553446,19,7.0,39,48.72,24.2,Normal,Scooter
146,2025-06-16,07:59:00,7,ST010,Jayanagar Bike Station,12.924325,77.592783,68,37.0,73,93.15,5.0,Normal,Scooter
640,2025-01-25,04:29:00,4,ST010,Jayanagar Bike Station,12.926265,77.592647,41,14.0,42,97.62,44.2,Normal,Scooter
172,2025-08-09,23:49:00,23,ST003,Indiranagar Bike Station,12.977504,77.639353,45,24.0,38,100.0,37.6,Normal,EV Bike
758,2025-08-11,10:02:00,10,ST007,Hebbal Bike Station,13.036485,77.595827,88,30.0,59,100.0,38.5,Peak,EV Bike
337,2025-11-15,23:49:00,23,ST007,Hebbal Bike Station,13.036541,77.598247,53,65.0,81,65.43,5.8,Normal,EV Bike
459,2025-10-08,12:21:00,12,ST012,Rajajinagar Bike Station,12.999871,77.554135,34,48.0,75,45.33,39.3,Normal,EV Bike
95,2025-11-23,07:59:00,7,ST007,Hebbal Bike Station,13.034965,77.596991,21,13.0,49,42.86,29.4,Normal,EV Bike
528,2025-08-01,17:43:00,17,ST005,Electronic City Bike Station,12.845796,77.661014,124,75.0,96,100.0,36.4,Peak,EV Bike
225,2025-01-14,17:46:00,17,ST011,BTM Layout Bike Station,12.916448,77.611199,84,62.0,98,85.71,21.7,Peak,Scooter
126,2025-07-10,22:38:00,22,ST010,Jayanagar Bike Station,12.923614,77.594904,25,56.0,96,26.04,40.4,Normal,Scooter
698,2025-09-27,04:04:00,4,ST002,Koramangala Bike Station,12.935321,77.624219,36,61.0,111,32.43,41.4,Normal,EV Bike
763,2025-08-02,12:14:00,12,ST005,Electronic City Bike Station,12.84465,77.66,24,74.0,87,27.59,19.9,Normal,EV Bike
578,2025-01-07,06:41:00,6,ST014,Banashankari Bike Station,12.924748,77.545945,15,53.0,86,17.44,44.1,Normal,EV Bike
165,2025-06-21,18:27:00,18,ST012,Rajajinagar Bike Station,12.998109,77.554532,118,9.0,55,100.0,32.9,Peak,Scooter
251,2025-07-17,17:41:00,17,ST009,HSR Layout Bike Station,12.912689,77.640166,50,30.0,43,100.0,32.9,Peak,Scooter
891,2025-11-24,17:08:00,17,ST013,Malleshwaram Bike Station,13.002289,77.57188,122,62.0,105,100.0,5.6,Peak,EV Bike
364,2025-04-17,22:57:00,22,ST011,BTM Layout Bike Station,12.91552,77.609592,70,58.0,69,100.0,23.6,Normal,Scooter
321,2025-04-05,02:19:00,2,ST005,Electronic City Bike Station,12.844292,77.660087,54,70.0,111,48.65,6.7,Normal,Scooter
118,2025-06-13,13:20:00,13,ST002,Koramangala Bike Station,12.935377,77.623891,44,55.0,83,53.01,23.6,Normal,Scooter
163,2025-01-08,13:48:00,13,ST007,Hebbal Bike Station,13.035461,77.596036,59,48.0,73,80.82,10.7,Normal,Scooter
816,2025-07-02,06:20:00,6,ST014,Banashankari Bike Station,12.926464,77.547126,61,27.0,74,82.43,28.4,Normal,Scooter
798,2025-04-09,21:28:00,21,ST009,HSR Layout Bike Station,12.910397,77.639399,61,69.0,80,76.25,31.0,Normal,Scooter
849,2025-02-23,03:53:00,3,ST007,Hebbal Bike Station,13.034534,77.598464,24,79.0,108,22.22,27.9,Normal,EV Bike
726,2025-07-29,00:08:00,0,ST010,Jayanagar Bike Station,12.926417,77.593022,17,73.0,103,16.5,36.9,Normal,EV Bike
389,2025-07-10,13:41:00,13,ST001,MG Road Bike Station,12.97418,77.605894,20,75.0,106,18.87,39.9,Normal,Scooter
545,2025-07-16,17:41:00,17,ST008,Marathahalli Bike Station,12.959738,77.697851,75,56.0,88,85.23,24.0,Peak,EV Bike
135,2025-11-01,09:41:00,9,ST009,HSR Layout Bike Station,12.911725,77.640006,55,65.0,97,56.7,9.7,Peak,Scooter
925,2025-03-07,11:02:00,11,ST007,Hebbal Bike Station,13.035489,77.597911,36,58.0,94,38.3,7.2,Normal,EV Bike
125,2025-09-29,14:42:00,14,ST008,Marathahalli Bike Station,12.959955,77.697399,43,49.0,81,53.09,38.7,Normal,EV Bike
554,2025-10-27,22:40:00,22,ST001,MG Road Bike Station,12.975304,77.60519,23,43.0,55,41.82,19.3,Normal,EV Bike
962,2025-08-02,08:43:00,8,ST002,Koramangala Bike Station,12.935435,77.624769,59,38.0,87,67.82,26.9,Peak,Scooter
472,2025-03-18,19:41:00,19,ST009,HSR Layout Bike Station,12.912349,77.640241,73,24.0,36,100.0,30.0,Peak,Scooter
976,2025-05-29,18:27:00,18,ST004,Whitefield Bike Station,12.970622,77.749779,120,42.0,82,100.0,12.1,Peak,Scooter
339,2025-06-25,01:58:00,1,ST012,Rajajinagar Bike Station,12.998417,77.55333,20,25.0,42,47.62,14.1,Normal,Scooter
665,2025-09-23,15:22:00,15,ST010,Jayanagar Bike Station,12.924307,77.592962,39,12.0,45,86.67,14.6,Normal,Scooter
334,2025-12-25,23:37:00,23,ST007,Hebbal Bike Station,13.036887,77.596026,56,42.0,60,93.33,39.9,Normal,Scooter
257,2025-09-19,12:18:00,12,ST011,BTM Layout Bike Station,12.915942,77.610922,22,35.0,65,33.85,19.3,Normal,EV Bike
401,2025-01-10,06:59:00,6,ST006,Yelahanka Bike Station,13.09968,77.59487,32,65.0,87,36.78,39.4,Normal,EV Bike
211,2025-07-25,14:15:00,14,ST012,Rajajinagar Bike Station,12.999507,77.555338,55,25.0,49,100.0,14.2,Normal,EV Bike
462,2025-08-27,16:22:00,16,ST012,Rajajinagar Bike Station,12.997933,77.554912,50,26.0,52,96.15,10.8,Normal,Scooter
306,2025-06-08,04:42:00,4,ST014,Banashankari Bike Station,12.926804,77.547828,33,67.0,113,29.2,24.8,Normal,EV Bike
669,2025-11-16,09:48:00,9,ST009,HSR Layout Bike Station,12.910477,77.640243,66,21.0,66,100.0,32.4,Peak,EV Bike
586,2025-10-11,05:58:00,5,ST002,Koramangala Bike Station,12.936385,77.623902,15,5.0,55,27.27,44.1,Normal,Scooter
544,2025-12-09,11:46:00,11,ST012,Rajajinagar Bike Station,12.997049,77.553973,29,47.0,89,32.58,12.4,Normal,Scooter
83,2025-04-01,14:00:00,14,ST012,Rajajinagar Bike Station,12.999659,77.553699,41,19.0,44,93.18,20.1,Normal,Scooter
254,2025-08-14,19:59:00,19,ST003,Indiranagar Bike Station,12.977987,77.641599,118,5.0,18,100.0,36.9,Peak,EV Bike
587,2025-08-28,06:41:00,6,ST014,Banashankari Bike Station,12.924231,77.545838,60,48.0,88,68.18,24.6,Normal,EV Bike
812,2025-02-02,10:41:00,10,ST012,Rajajinagar Bike Station,12.99952,77.55273,55,13.0,24,100.0,6.3,Peak,EV Bike
424,2025-03-16,02:13:00,2,ST015,JP Nagar Bike Station,12.906459,77.585856,69,12.0,38,100.0,18.4,Normal,Scooter
53,2025-06-03,07:36:00,7,ST007,Hebbal Bike Station,13.03683,77.596108,27,32.0,53,50.94,43.5,Normal,Scooter
889,2025-07-13,02:42:00,2,ST010,Jayanagar Bike Station,12.926257,77.592919,46,52.0,74,62.16,32.8,Normal,Scooter
273,2025-10-22,22:10:00,22,ST015,JP Nagar Bike Station,12.908941,77.583945,34,71.0,99,34.34,33.8,Normal,EV Bike
407,2025-05-25,05:56:00,5,ST006,Yelahanka Bike Station,13.101619,77.596496,45,77.0,122,36.89,13.4,Normal,Scooter
315,2025-02-12,11:08:00,11,ST010,Jayanagar Bike Station,12.923508,77.594345,13,13.0,25,52.0,17.2,Normal,EV Bike
805,2025-10-29,15:18:00,15,ST011,BTM Layout Bike Station,12.91541,77.611382,17,58.0,102,16.67,28.8,Normal,EV Bike
29,2025-08-13,16:37:00,16,ST008,Marathahalli Bike Station,12.959973,77.698168,69,29.0,56,100.0,12.6,Normal,EV Bike
72,2025-10-12,03:45:00,3,ST011,BTM Layout Bike Station,12.917398,77.608937,41,60.0,87,47.13,24.6,Normal,EV Bike
343,2025-03-26,21:46:00,21,ST013,Malleshwaram Bike Station,13.004964,77.570287,11,17.0,36,30.56,40.3,Normal,Scooter
957,2025-09-27,12:39:00,12,ST014,Banashankari Bike Station,12.926336,77.545797,61,22.0,41,100.0,32.4,Normal,EV Bike
408,2025-12-29,03:19:00,3,ST006,Yelahanka Bike Station,13.100809,77.597261,44,73.0,118,37.29,17.3,Normal,Scooter
814,2025-01-12,15:40:00,15,ST015,JP Nagar Bike Station,12.90738,77.584804,24,44.0,79,30.38,18.6,Normal,EV Bike
270,2025-03-01,17:15:00,17,ST008,Marathahalli Bike Station,12.958688,77.697822,70,34.0,84,83.33,40.3,Peak,EV Bike
431,2025-04-20,04:04:00,4,ST003,Indiranagar Bike Station,12.977331,77.640899,52,79.0,129,40.31,37.2,Normal,EV Bike
286,2025-09-13,10:54:00,10,ST012,Rajajinagar Bike Station,12.998527,77.554262,41,48.0,97,42.27,17.2,Peak,Scooter
262,2025-11-16,07:13:00,7,ST008,Marathahalli Bike Station,12.958707,77.698629,12,48.0,90,13.33,15.4,Normal,Scooter
415,2025-06-29,14:03:00,14,ST009,HSR Layout Bike Station,12.911302,77.639647,53,5.0,29,100.0,12.8,Normal,EV Bike
137,2025-01-20,15:31:00,15,ST006,Yelahanka Bike Station,13.101942,77.597791,34,65.0,85,40.0,9.6,Normal,Scooter
931,2025-03-19,21:32:00,21,ST010,Jayanagar Bike Station,12.925264,77.592595,29,5.0,16,100.0,30.4,Normal,EV Bike
561,2025-04-07,11:39:00,11,ST013,Malleshwaram Bike Station,13.004205,77.571623,57,49.0,67,85.07,9.9,Normal,EV Bike
57,2025-06-07,18:23:00,18,ST002,Koramangala Bike Station,12.933754,77.623663,48,24.0,56,85.71,33.1,Peak,EV Bike
515,2025-03-06,10:19:00,10,ST007,Hebbal Bike Station,13.034933,77.595628,61,36.0,46,100.0,27.6,Peak,Scooter
335,2025-09-16,13:08:00,13,ST013,Malleshwaram Bike Station,13.002629,77.571343,37,52.0,85,43.53,37.9,Normal,EV Bike
720,2025-01-04,17:28:00,17,ST011,BTM Layout Bike Station,12.916334,77.60924,126,36.0,55,100.0,43.2,Peak,EV Bike
437,2025-02-07,08:10:00,8,ST005,Electronic City Bike Station,12.844827,77.659252,63,19.0,34,100.0,33.0,Peak,EV Bike
904,2025-09-17,13:00:00,13,ST004,Whitefield Bike Station,12.971236,77.74894,15,47.0,86,17.44,21.2,Normal,EV Bike
590,2025-02-12,08:15:00,8,ST014,Banashankari Bike Station,12.924096,77.546346,88,77.0,90,97.78,25.9,Peak,EV Bike
2,2025-12-21,07:14:00,7,ST008,Marathahalli Bike Station,12.958466,77.696383,31,61.0,75,41.33,22.8,Normal,Scooter
43,2025-11-21,05:26:00,5,ST015,JP Nagar Bike Station,12.908214,77.584095,56,57.0,82,68.29,10.9,Normal,Scooter
197,2025-12-13,10:29:00,10,ST005,Electronic City Bike Station,12.844547,77.661132,68,42.0,53,100.0,43.9,Peak,EV Bike
741,2025-10-22,01:12:00,1,ST010,Jayanagar Bike Station,12.924328,77.594611,40,37.0,84,47.62,33.4,Normal,EV Bike
352,2025-08-26,20:05:00,20,ST014,Banashankari Bike Station,12.926476,77.547899,97,45.0,67,100.0,30.7,Peak,EV Bike
797,2025-01-04,20:14:00,20,ST013,Malleshwaram Bike Station,13.003191,77.571559,73,53.0,98,74.49,24.8,Peak,Scooter
570,2025-03-13,15:39:00,15,ST006,Yelahanka Bike Station,13.10015,77.595045,12,37.0,83,14.46,12.8,Normal,EV Bike
168,2025-01-09,08:26:00,8,ST008,Marathahalli Bike Station,12.958746,77.697194,91,38.0,54,100.0,44.4,Peak,Scooter
771,2025-05-30,09:21:00,9,ST008,Marathahalli Bike Station,12.9597,77.697799,37,25.0,67,55.22,36.2,Peak,Scooter
873,2025-03-19,16:12:00,16,ST007,Hebbal Bike Station,13.035389,77.595827,35,20.0,59,59.32,44.6,Normal,EV Bike
900,2025-07-15,00:28:00,0,ST014,Banashankari Bike Station,12.924917,77.546655,14,36.0,54,25.93,27.1,Normal,EV Bike
184,2025-03-05,13:02:00,13,ST013,Malleshwaram Bike Station,13.004724,77.571444,48,53.0,78,61.54,18.6,Normal,EV Bike
914,2025-10-18,01:55:00,1,ST008,Marathahalli Bike Station,12.960393,77.69599,17,71.0,89,19.1,11.6,Normal,Scooter
919,2025-05-14,21:11:00,21,ST001,MG Road Bike Station,12.974354,77.605961,55,48.0,63,87.3,25.1,Normal,EV Bike
870,2025-12-07,11:27:00,11,ST003,Indiranagar Bike Station,12.977479,77.639978,28,74.0,111,25.23,33.1,Normal,EV Bike
762,2025-10-19,16:28:00,16,ST010,Jayanagar Bike Station,12.92363,77.595046,24,61.0,95,25.26,34.4,Normal,Scooter
568,2025-09-05,19:11:00,19,ST011,BTM Layout Bike Station,12.91701,77.609705,111,43.0,67,100.0,23.6,Peak,EV Bike
844,2025-10-22,23:16:00,23,ST011,BTM Layout Bike Station,12.915926,77.608745,14,61.0,82,17.07,42.4,Normal,Scooter
867,2025-05-18,13:16:00,13,ST015,JP Nagar Bike Station,12.908489,77.584114,64,70.0,93,68.82,19.8,Normal,EV Bike
37,2025-10-05,02:05:00,2,ST002,Koramangala Bike Station,12.936143,77.625491,66,63.0,90,73.33,11.6,Normal,EV Bike
795,2025-03-09,05:48:00,5,ST013,Malleshwaram Bike Station,13.004154,77.572029,34,36.0,68,50.0,22.5,Normal,Scooter
588,2025-11-26,05:49:00,5,ST006,Yelahanka Bike Station,13.100065,77.597548,15,66.0,115,13.04,39.8,Normal,EV Bike
823,2025-09-24,12:13:00,12,ST011,BTM Layout Bike Station,12.916159,77.609223,51,59.0,83,61.45,8.6,Normal,EV Bike
41,2025-09-13,10:24:00,10,ST008,Marathahalli Bike Station,12.958176,77.697174,37,22.0,43,86.05,36.7,Peak,EV Bike
162,2025-12-03,17:37:00,17,ST003,Indiranagar Bike Station,12.977691,77.640664,100,72.0,82,100.0,34.7,Peak,EV Bike
829,2025-08-25,05:07:00,5,ST004,Whitefield Bike Station,12.970804,77.750452,12,54.0,92,13.04,15.6,Normal,Scooter
477,2025-02-13,12:10:00,12,ST012,Rajajinagar Bike Station,12.99997,77.55353,43,79.0,94,45.74,37.2,Normal,Scooter
346,2025-12-26,15:15:00,15,ST002,Koramangala Bike Station,12.936199,77.62366,52,21.0,52,100.0,33.4,Normal,Scooter
926,2025-03-15,19:00:00,19,ST004,Whitefield Bike Station,12.968844,77.751197,82,53.0,70,100.0,40.6,Peak,EV Bike
683,2025-11-07,22:38:00,22,ST012,Rajajinagar Bike Station,12.997913,77.55313,17,74.0,114,14.91,42.5,Normal,Scooter
90,2025-12-27,03:59:00,3,ST002,Koramangala Bike Station,12.934372,77.623665,10,14.0,30,33.33,36.3,Normal,EV Bike
769,2025-12-07,04:43:00,4,ST014,Banashankari Bike Station,12.926083,77.546046,22,24.0,46,47.83,34.3,Normal,Scooter
580,2025-05-21,03:26:00,3,ST015,JP Nagar Bike Station,12.908287,77.584914,37,51.0,64,57.81,6.4,Normal,EV Bike
509,2025-08-08,04:29:00,4,ST009,HSR Layout Bike Station,12.910344,77.638091,56,8.0,20,100.0,26.3,Normal,EV Bike
448,2025-11-04,21:25:00,21,ST006,Yelahanka Bike Station,13.100885,77.595858,17,51.0,66,25.76,17.4,Normal,EV Bike
410,2025-08-29,01:56:00,1,ST013,Malleshwaram Bike Station,13.00218,77.571185,36,27.0,70,51.43,29.9,Normal,EV Bike
645,2025-11-29,09:26:00,9,ST006,Yelahanka Bike Station,13.101728,77.595094,66,25.0,70,94.29,14.8,Peak,Scooter
50,2025-03-19,07:53:00,7,ST012,Rajajinagar Bike Station,12.997037,77.553995,61,51.0,72,84.72,40.6,Normal,EV Bike
753,2025-03-16,17:06:00,17,ST003,Indiranagar Bike Station,12.978153,77.639645,108,64.0,86,100.0,27.2,Peak,Scooter
243,2025-05-18,21:27:00,21,ST001,MG Road Bike Station,12.975366,77.605854,56,53.0,77,72.73,27.7,Normal,EV Bike
667,2025-12-13,05:25:00,5,ST007,Hebbal Bike Station,13.037005,77.595948,33,28.0,69,47.83,44.0,Normal,EV Bike
559,2025-03-31,18:18:00,18,ST006,Yelahanka Bike Station,13.101865,77.596879,64,5.0,36,100.0,41.7,Peak,EV Bike
317,2025-12-17,14:47:00,14,ST009,HSR Layout Bike Station,12.911265,77.640384,17,46.0,66,25.76,44.3,Normal,EV Bike
732,2025-11-21,11:19:00,11,ST015,JP Nagar Bike Station,12.907123,77.586173,68,36.0,61,100.0,38.6,Normal,EV Bike
543,2025-07-01,10:37:00,10,ST009,HSR Layout Bike Station,12.910944,77.638126,52,49.0,92,56.52,30.6,Peak,Scooter
42,2025-02-08,19:26:00,19,ST006,Yelahanka Bike Station,13.099221,77.595766,46,27.0,37,100.0,11.2,Peak,EV Bike
759,2025-08-14,03:13:00,3,ST001,MG Road Bike Station,12.975869,77.606567,38,39.0,84,45.24,28.4,Normal,EV Bike
977,2025-10-16,10:47:00,10,ST013,Malleshwaram Bike Station,13.004352,77.570869,108,75.0,103,100.0,36.8,Peak,EV Bike
27,2025-05-01,05:39:00,5,ST005,Electronic City Bike Station,12.845237,77.66119,56,54.0,99,56.57,40.1,Normal,Scooter
403,2025-03-23,12:56:00,12,ST013,Malleshwaram Bike Station,13.004548,77.569204,46,13.0,28,100.0,42.7,Normal,Scooter
199,2025-04-26,13:12:00,13,ST005,Electronic City Bike Station,12.846879,77.660346,65,63.0,97,67.01,41.2,Normal,EV Bike
78,2025-09-23,03:42:00,3,ST007,Hebbal Bike Station,13.034327,77.59634,26,27.0,66,39.39,-8.0,Normal,Scooter
548,2025-03-01,02:13:00,2,ST009,HSR Layout Bike Station,12.910987,77.639116,70,78.0,112,62.5,8.4,Normal,EV Bike
969,2025-10-02,05:30:00,5,ST007,Hebbal Bike Station,13.036208,77.597135,18,23.0,72,25.0,40.6,Normal,Scooter
690,2025-12-24,16:30:00,16,ST011,BTM Layout Bike Station,12.915288,77.609207,46,76.0,110,41.82,22.9,Normal,EV Bike
710,2025-08-09,08:45:00,8,ST015,JP Nagar Bike Station,12.907426,77.583962,90,30.0,61,100.0,8.1,Peak,EV Bike
928,2025-11-27,08:42:00,8,ST009,HSR Layout Bike Station,12.912612,77.637689,73,63.0,88,82.95,42.1,Peak,EV Bike
469,2025-08-15,21:55:00,21,ST014,Banashankari Bike Station,12.926499,77.545763,55,70.0,87,63.22,38.8,Normal,Scooter
709,2025-04-14,17:15:00,17,ST005,Electronic City Bike Station,12.846667,77.661583,55,5.0,26,100.0,36.9,Peak,EV Bike
782,2025-07-10,21:04:00,21,ST011,BTM Layout Bike Station,12.915401,77.610839,69,80.0,124,55.65,31.2,Normal,Scooter
12,2025-09-26,10:53:00,10,ST002,Koramangala Bike Station,12.93566,77.625663,45,17.0,44,100.0,5.5,Peak,Scooter
116,2025-02-27,10:47:00,10,ST009,HSR Layout Bike Station,12.910118,77.6394,54,72.0,119,45.38,41.1,Peak,Scooter
615,2025-11-12,15:05:00,15,ST004,Whitefield Bike Station,12.968947,77.749976,51,23.0,38,100.0,40.9,Normal,Scooter
474,2025-06-25,23:54:00,23,ST003,Indiranagar Bike Station,12.979734,77.640358,64,16.0,28,100.0,27.2,Normal,Scooter
288,2025-04-03,04:43:00,4,ST006,Yelahanka Bike Station,13.101245,77.596089,48,52.0,90,53.33,7.1,Normal,Scooter
18,2025-01-21,08:23:00,8,ST013,Malleshwaram Bike Station,13.00422,77.570416,23,79.0,110,20.91,31.7,Peak,Scooter
159,2025-09-10,15:15:00,15,ST005,Electronic City Bike Station,12.846272,77.660036,27,18.0,53,50.94,28.5,Normal,Scooter
596,2025-05-12,06:02:00,6,ST009,HSR Layout Bike Station,12.911169,77.640065,52,36.0,72,72.22,33.2,Normal,EV Bike
963,2025-04-11,16:23:00,16,ST015,JP Nagar Bike Station,12.907645,77.583828,65,79.0,97,67.01,39.6,Normal,EV Bike
186,2025-12-06,08:31:00,8,ST001,MG Road Bike Station,12.975844,77.605461,27,36.0,50,54.0,13.6,Peak,Scooter
305,2025-04-23,21:50:00,21,ST005,Electronic City Bike Station,12.844573,77.659494,64,80.0,101,63.37,38.3,Normal,Scooter
128,2025-12-18,19:41:00,19,ST012,Rajajinagar Bike Station,12.999246,77.553057,63,11.0,26,100.0,12.6,Peak,EV Bike
942,2025-12-01,01:29:00,1,ST005,Electronic City Bike Station,12.846272,77.660167,58,58.0,86,67.44,19.0,Normal,Scooter
341,2025-12-02,07:50:00,7,ST014,Banashankari Bike Station,12.926828,77.546856,13,30.0,58,22.41,44.7,Normal,Scooter
618,2025-01-17,01:18:00,1,ST006,Yelahanka Bike Station,13.100039,77.597054,29,60.0,83,34.94,13.9,Normal,EV Bike
971,2025-12-24,19:09:00,19,ST006,Yelahanka Bike Station,13.09928,77.597228,23,24.0,35,65.71,16.6,Peak,EV Bike
738,2025-03-31,00:46:00,0,ST011,BTM Layout Bike Station,12.916867,77.608653,15,5.0,15,100.0,26.1,Normal,Scooter
217,2025-06-15,14:38:00,14,ST003,Indiranagar Bike Station,12.979807,77.639522,64,9.0,53,100.0,38.5,Normal,EV Bike
810,2025-01-14,22:59:00,22,ST008,Marathahalli Bike Station,12.957928,77.698547,57,67.0,80,71.25,29.2,Normal,EV Bike
222,2025-10-01,08:09:00,8,ST004,Whitefield Bike Station,12.97023,77.750197,43,19.0,36,100.0,30.7,Peak,EV Bike
826,2025-12-26,01:52:00,1,ST007,Hebbal Bike Station,13.035458,77.597312,11,60.0,108,10.19,33.2,Normal,Scooter
837,2025-02-18,17:30:00,17,ST008,Marathahalli Bike Station,12.959061,77.697171,34,67.0,94,36.17,41.7,Peak,Scooter
342,2025-12-01,01:14:00,1,ST012,Rajajinagar Bike Station,12.998805,77.553158,58,15.0,32,100.0,40.8,Normal,EV Bike
98,2025-08-02,01:48:00,1,ST004,Whitefield Bike Station,12.968544,77.751244,36,14.0,52,69.23,37.8,Normal,Scooter
178,2025-03-01,04:33:00,4,ST014,Banashankari Bike Station,12.925876,77.548159,66,19.0,56,100.0,26.9,Normal,Scooter
729,2025-03-01,04:30:00,4,ST002,Koramangala Bike Station,12.934432,77.625324,23,76.0,99,23.23,14.0,Normal,Scooter
60,2025-04-12,05:15:00,5,ST007,Hebbal Bike Station,13.034778,77.595756,11,33.0,74,14.86,36.7,Normal,Scooter
702,2025-02-22,22:05:00,22,ST002,Koramangala Bike Station,12.935654,77.623064,56,13.0,55,100.0,13.3,Normal,EV Bike
387,2025-06-27,20:56:00,20,ST001,MG Road Bike Station,12.976041,77.607411,90,42.0,87,100.0,14.2,Peak,EV Bike
413,2025-04-10,20:33:00,20,ST014,Banashankari Bike Station,12.926373,77.546543,77,15.0,46,100.0,23.2,Peak,Scooter
954,2025-06-17,03:03:00,3,ST006,Yelahanka Bike Station,13.099659,77.597638,70,49.0,79,88.61,21.3,Normal,Scooter
344,2025-07-15,22:30:00,22,ST005,Electronic City Bike Station,12.846951,77.659493,61,33.0,63,96.83,41.5,Normal,EV Bike
392,2025-01-23,20:26:00,20,ST011,BTM Layout Bike Station,12.917932,77.608845,37,43.0,54,68.52,13.9,Peak,EV Bike
473,2025-09-07,17:10:00,17,ST011,BTM Layout Bike Station,12.917057,77.61082,104,65.0,76,100.0,35.2,Peak,EV Bike
147,2025-03-01,13:32:00,13,ST006,Yelahanka Bike Station,13.101606,77.595519,58,41.0,77,75.32,9.8,Normal,Scooter
109,2025-08-01,06:09:00,6,ST012,Rajajinagar Bike Station,12.999369,77.554127,15,35.0,47,31.91,5.8,Normal,EV Bike
312,2025-03-03,23:14:00,23,ST009,HSR Layout Bike Station,12.910149,77.637725,35,29.0,79,44.3,33.9,Normal,
809,2025-05-25,17:51:00,17,ST013,Malleshwaram Bike Station,13.003552,77.57118,72,56.0,76,94.74,10.6,Peak,EV Bike
864,2025-03-05,07:15:00,7,ST007,Hebbal Bike Station,13.034439,77.595943,68,11.0,60,100.0,24.2,Normal,EV Bike
670,2025-07-31,18:47:00,18,ST010,Jayanagar Bike Station,12.924535,77.594398,72,18.0,64,100.0,33.2,Peak,EV Bike
855,2025-10-28,20:42:00,20,ST001,MG Road Bike Station,12.97548,77.607457,50,79.0,93,53.76,26.7,Peak,Scooter
606,2025-12-23,04:47:00,4,ST006,Yelahanka Bike Station,13.101612,77.594808,25,18.0,32,78.12,33.3,Normal,EV Bike
825,2025-03-03,16:06:00,16,ST004,Whitefield Bike Station,12.970386,77.750341,20,51.0,67,29.85,23.1,Normal,Scooter
465,2025-04-28,12:11:00,12,ST006,Yelahanka Bike Station,13.100321,77.597558,66,78.0,119,55.46,12.3,Normal,Scooter
922,2025-08-05,08:40:00,8,ST015,JP Nagar Bike Station,12.908791,77.583655,126,70.0,88,100.0,19.5,Peak,Scooter
740,2025-11-11,21:47:00,21,ST004,Whitefield Bike Station,12.970199,77.751011,14,59.0,91,15.38,31.9,Normal,Scooter
523,2025-06-07,04:59:00,4,ST011,BTM Layout Bike Station,12.916494,77.609739,64,24.0,54,100.0,34.3,Normal,Scooter
694,2025-05-29,01:03:00,1,ST002,Koramangala Bike Station,12.935125,77.62584,69,60.0,99,69.7,37.8,Normal,Scooter
735,2025-01-27,10:42:00,10,ST008,Marathahalli Bike Station,12.959621,77.696763,30,13.0,50,60.0,10.8,Peak,EV Bike
942,2025-12-01,01:29:00,1,ST005,Electronic City Bike Station,12.846272,77.660167,58,58.0,86,67.44,19.0,Normal,Scooter
58,2025-11-20,19:47:00,19,ST005,Electronic City Bike Station,12.845127,77.659094,63,15.0,54,100.0,38.0,Peak,Scooter
635,2025-10-12,18:04:00,18,ST005,Electronic City Bike Station,12.844707,77.659651,45,64.0,99,45.45,21.4,Peak,Scooter
707,2025-05-27,22:26:00,22,ST002,Koramangala Bike Station,12.935824,77.623361,27,38.0,60,45.0,13.7,Normal,EV Bike
507,2025-05-19,07:56:00,7,ST002,Koramangala Bike Station,12.934785,77.625489,26,76.0,92,28.26,27.6,Normal,Scooter
931,2025-03-19,21:32:00,21,ST010,Jayanagar Bike Station,12.925264,77.592595,29,5.0,16,100.0,30.4,Normal,EV Bike
444,2025-10-03,19:42:00,19,ST003,Indiranagar Bike Station,12.977176,77.640912,102,35.0,61,100.0,33.0,Peak,EV Bike
32,2025-09-04,01:31:00,1,ST006,Yelahanka Bike Station,13.100262,77.595495,64,54.0,66,96.97,20.2,Normal,Scooter
571,2025-07-13,13:23:00,13,ST001,MG Road Bike Station,12.976649,77.606141,58,40.0,74,78.38,36.4,Normal,EV Bike
109,2025-08-01,06:09:00,6,ST012,Rajajinagar Bike Station,12.999369,77.554127,15,35.0,47,31.91,5.8,Normal,EV Bike
422,2025-11-22,06:34:00,6,ST015,JP Nagar Bike Station,12.907871,77.585504,61,12.0,49,100.0,14.4,Normal,EV Bike
102,2025-06-30,11:10:00,11,ST009,HSR Layout Bike Station,12.910531,77.639313,33,20.0,36,91.67,40.6,Normal,EV Bike
852,2025-07-16,03:54:00,3,ST006,Yelahanka Bike Station,13.100147,77.597775,13,19.0,48,27.08,32.5,Normal,EV Bike
860,2025-08-20,20:01:00,20,ST013,Malleshwaram Bike Station,13.004912,77.569468,32,78.0,90,35.56,8.0,Peak,Scooter
949,2025-10-10,01:23:00,1,ST004,Whitefield Bike Station,12.970935,77.748927,36,77.0,117,30.77,27.1,Normal,EV Bike
746,2025-06-11,20:58:00,20,ST011,BTM Layout Bike Station,12.915454,77.609033,104,72.0,108,96.3,6.0,Peak,EV Bike
44,2025-12-23,13:07:00,13,ST006,Yelahanka Bike Station,13.100105,77.597671,30,33.0,79,37.97,25.7,Normal,Scooter
882,2025-01-05,04:56:00,4,ST005,Electronic City Bike Station,12.845256,77.659403,27,57.0,100,27.0,15.1,Normal,Scooter
25,2025-12-04,16:25:00,16,ST010,Jayanagar Bike Station,12.923831,77.592423,68,21.0,38,100.0,29.5,Normal,EV Bike
332,2025-02-17,05:16:00,5,ST001,MG Road Bike Station,12.976437,77.605168,35,63.0,83,42.17,33.2,Normal,EV Bike
17,2025-10-12,10:51:00,10,ST009,HSR Layout Bike Station,12.910822,77.638705,52,43.0,69,75.36,23.2,Peak,Scooter
944,2025-10-09,23:13:00,23,ST001,MG Road Bike Station,12.975618,77.606837,15,24.0,61,24.59,19.3,Normal,Scooter
677,2025-02-28,23:11:00,23,ST014,Banashankari Bike Station,12.925657,77.546072,26,20.0,69,37.68,9.6,Normal,Scooter
721,2025-10-03,23:09:00,23,ST007,Hebbal Bike Station,13.035468,77.596928,54,54.0,79,68.35,12.9,Normal,Scooter
594,2025-09-07,20:04:00,20,ST013,Malleshwaram Bike Station,13.003811,77.570729,72,52.0,101,71.29,36.3,Peak,Scooter
505,2025-01-20,17:17:00,17,ST003,Indiranagar Bike Station,12.9785,77.640773,84,46.0,65,100.0,10.3,Peak,EV Bike
791,2025-12-02,00:13:00,0,ST008,Marathahalli Bike Station,12.95973,77.697795,28,46.0,71,39.44,26.8,Normal,EV Bike
421,2025-07-14,23:13:00,23,ST006,Yelahanka Bike Station,13.101466,77.595097,10,31.0,78,12.82,35.7,Normal,Scooter
34,2025-07-23,04:42:00,4,ST014,Banashankari Bike Station,12.925991,77.546192,58,26.0,69,84.06,14.2,Normal,EV Bike
535,2025-04-24,22:06:00,22,ST002,Koramangala Bike Station,12.934452,77.624926,11,39.0,80,13.75,22.6,Normal,Scooter
974,2025-02-03,17:09:00,17,ST013,Malleshwaram Bike Station,13.002154,77.570133,19,9.0,23,82.61,25.6,Peak,EV Bike
876,2025-11-05,19:06:00,19,ST006,Yelahanka Bike Station,13.100105,77.596631,75,46.0,62,100.0,22.7,Peak,EV Bike
76,2025-11-02,23:24:00,23,ST004,Whitefield Bike Station,12.968841,77.749196,31,7.0,50,62.0,21.3,Normal,Scooter
701,2025-08-26,02:50:00,2,ST015,JP Nagar Bike Station,12.906734,77.584316,27,71.0,119,22.69,7.0,Normal,Scooter
526,2025-03-14,19:41:00,19,ST014,Banashankari Bike Station,12.924451,77.546207,104,20.0,41,100.0,37.2,Peak,EV Bike
706,2025-12-23,00:45:00,0,ST004,Whitefield Bike Station,12.970377,77.748881,27,59.0,87,31.03,7.8,Normal,Scooter
600,2025-11-13,23:44:00,23,ST011,BTM Layout Bike Station,12.917533,77.609991,57,54.0,86,66.28,37.0,Normal,EV Bike
780,2025-01-01,12:56:00,12,ST012,Rajajinagar Bike Station,12.999056,77.555442,62,47.0,86,72.09,10.6,Normal,EV Bike
848,2025-04-07,00:52:00,0,ST014,Banashankari Bike Station,12.924328,77.546626,12,50.0,63,19.05,19.0,Normal,Scooter
892,2025-12-18,10:05:00,10,ST014,Banashankari Bike Station,12.926819,77.54669,27,71.0,114,23.68,23.0,Peak,Scooter
174,2025-12-02,07:52:00,7,ST014,Banashankari Bike Station,12.925039,77.547971,40,55.0,93,43.01,32.8,Normal,Scooter
268,2025-09-14,17:37:00,17,ST001,MG Road Bike Station,12.974535,77.607219,117,5.0,23,100.0,34.2,Peak,Scooter
726,2025-07-29,00:08:00,0,ST010,Jayanagar Bike Station,12.926417,77.593022,17,73.0,103,16.5,36.9,Normal,EV Bike
912,2025-03-11,09:56:00,9,ST008,Marathahalli Bike Station,12.959794,77.697173,59,58.0,88,67.05,20.3,Peak,EV Bike
256,2025-05-27,09:47:00,9,ST004,Whitefield Bike Station,12.969139,77.749938,109,35.0,45,100.0,24.7,Peak,Scooter
23,2025-04-09,22:13:00,22,ST012,Rajajinagar Bike Station,12.999347,77.554818,20,27.0,74,27.03,12.7,Normal,EV Bike
685,2025-06-30,09:32:00,9,ST008,Marathahalli Bike Station,12.959149,77.697617,82,35.0,60,100.0,5.3,Peak,EV Bike
8,2025-09-29,23:19:00,23,ST012,Rajajinagar Bike Station,12.997198,77.554327,65,5.0,20,100.0,26.4,Normal,Scooter
770,2025-07-18,08:18:00,8,ST009,HSR Layout Bike Station,12.912651,77.63972,45,80.0,109,41.28,43.6,Peak,EV Bike
576,2025-10-05,16:20:00,16,ST005,Electronic City Bike Station,12.845002,77.661161,10,59.0,91,10.99,30.1,Normal,Scooter
323,2025-02-28,07:36:00,7,ST007,Hebbal Bike Station,13.035677,77.596259,59,56.0,71,83.1,18.8,Normal,Scooter
661,2025-09-04,08:28:00,8,ST014,Banashankari Bike Station,12.924987,77.54736,54,13.0,51,100.0,11.5,Peak,EV Bike
207,2025-12-05,13:13:00,13,ST011,BTM Layout Bike Station,12.916819,77.610659,38,71.0,97,39.18,14.1,Normal,Scooter
255,2025-11-12,08:26:00,8,ST014,Banashankari Bike Station,12.925012,77.546636,82,46.0,61,100.0,8.6,Peak,EV Bike
210,2025-03-04,16:14:00,16,ST002,Koramangala Bike Station,12.93563,77.625475,17,58.0,104,16.35,32.0,Normal,Scooter
488,2025-04-28,12:20:00,12,ST011,BTM Layout Bike Station,12.916315,77.611571,42,78.0,125,33.6,26.7,Normal,EV Bike
817,2025-03-22,03:58:00,3,ST011,BTM Layout Bike Station,12.916368,77.609626,67,59.0,103,65.05,24.2,Normal,Scooter
538,2025-06-08,19:06:00,19,ST012,Rajajinagar Bike Station,12.998576,77.554472,28,38.0,57,49.12,27.6,Peak,EV Bike
921,2025-01-26,20:27:00,20,ST007,Hebbal Bike Station,13.036617,77.596437,75,72.0,99,75.76,12.1,Peak,EV Bike
272,2025-11-24,13:29:00,13,ST002,Koramangala Bike Station,12.935323,77.623128,62,53.0,103,60.19,11.2,Normal,Scooter
175,2025-09-30,06:25:00,6,ST006,Yelahanka Bike Station,13.102015,77.596248,49,58.0,102,48.04,43.7,Normal,Scooter
167,2025-09-09,06:28:00,6,ST006,Yelahanka Bike Station,13.101166,77.597381,28,60.0,91,30.77,14.2,Normal,EV Bike
290,2025-11-10,08:43:00,8,ST003,Indiranagar Bike Station,12.979375,77.642098,70,53.0,73,95.89,31.5,Peak,EV Bike
433,2025-02-06,05:44:00,5,ST015,JP Nagar Bike Station,12.907021,77.585647,46,19.0,53,86.79,31.5,Normal,EV Bike
81,2025-12-19,16:48:00,16,ST013,Malleshwaram Bike Station,13.00435,77.571893,14,33.0,74,18.92,21.5,Normal,EV Bike
504,2025-03-11,14:25:00,14,ST010,Jayanagar Bike Station,12.925839,77.594429,34,32.0,82,41.46,20.5,Normal,Scooter
948,2025-08-03,02:43:00,2,ST013,Malleshwaram Bike Station,13.003231,77.571717,35,72.0,89,39.33,40.0,Normal,EV Bike
484,2025-02-01,20:54:00,20,ST015,JP Nagar Bike Station,12.907797,77.584254,90,45.0,55,100.0,37.7,Peak,Scooter
801,2025-07-01,07:21:00,7,ST002,Koramangala Bike Station,12.936389,77.623079,49,47.0,86,56.98,23.9,Normal,Scooter
495,2025-01-31,07:04:00,7,ST011,BTM Layout Bike Station,12.915931,77.611054,37,71.0,81,45.68,44.7,Normal,Scooter
634,2025-12-14,21:30:00,21,ST006,Yelahanka Bike Station,13.100038,77.594961,10,7.0,32,31.25,31.5,Normal,EV Bike
666,2025-01-03,19:59:00,19,ST012,Rajajinagar Bike Station,12.99795,77.555506,52,19.0,50,100.0,25.9,Peak,EV Bike
338,2025-05-08,11:52:00,11,ST011,BTM Layout Bike Station,12.917168,77.610068,54,59.0,76,71.05,16.1,Normal,EV Bike
659,2025-12-18,09:34:00,9,ST004,Whitefield Bike Station,12.970271,77.750086,95,60.0,95,100.0,7.1,Peak,EV Bike
363,2025-08-23,06:56:00,6,ST005,Electronic City Bike Station,12.846837,77.660136,46,65.0,88,52.27,40.5,Normal,Scooter
15,2025-11-23,01:51:00,1,ST007,Hebbal Bike Station,13.034499,77.595944,57,33.0,76,75.0,9.8,Normal,Scooter
508,2025-07-27,23:36:00,23,ST007,Hebbal Bike Station,13.03526,77.595918,12,44.0,72,16.67,31.6,Normal,Scooter
959,2025-09-25,22:58:00,22,ST004,Whitefield Bike Station,12.969383,77.748724,41,41.0,51,80.39,16.9,Normal,Scooter
748,2025-05-06,19:17:00,19,ST007,Hebbal Bike Station,13.035612,77.595609,48,16.0,43,100.0,9.4,Peak,EV Bike
841,2025-11-27,01:53:00,1,ST003,Indiranagar Bike Station,12.978517,77.641663,19,21.0,43,44.19,16.2,Normal,EV Bike
612,2025-02-18,06:00:00,6,ST006,Yelahanka Bike Station,13.100623,77.595884,32,76.0,118,27.12,22.3,Normal,EV Bike
668,2025-03-14,02:32:00,2,ST013,Malleshwaram Bike Station,13.002398,77.57055,33,72.0,107,30.84,20.2,Normal,EV Bike
456,2025-08-31,19:47:00,19,ST001,MG Road Bike Station,12.976329,77.60778,72,62.0,102,70.59,6.4,Peak,Scooter
476,2025-03-11,02:29:00,2,ST001,MG Road Bike Station,12.97467,77.607054,33,57.0,83,39.76,25.4,Normal,Scooter
335,2025-09-16,13:08:00,13,ST013,Malleshwaram Bike Station,13.002629,77.571343,37,52.0,85,43.53,37.9,Normal,EV Bike
819,2025-09-09,02:02:00,2,ST009,HSR Layout Bike Station,12.912227,77.638343,53,44.0,77,68.83,5.5,Normal,Scooter
802,2025-04-09,22:52:00,22,ST004,Whitefield Bike Station,12.970127,77.749099,14,70.0,101,13.86,42.0,Normal,EV Bike
664,2025-09-14,16:56:00,16,ST003,Indiranagar Bike Station,12.979679,77.641308,36,70.0,120,30.0,19.8,Normal,Scooter
182,2025-01-16,09:15:00,9,ST014,Banashankari Bike Station,12.926875,77.545811,86,16.0,47,100.0,12.6,Peak,Scooter
690,2025-12-24,16:30:00,16,ST011,BTM Layout Bike Station,12.915288,77.609207,46,76.0,110,41.82,22.9,Normal,EV Bike
297,2025-02-21,10:23:00,10,ST014,Banashankari Bike Station,12.925176,77.546086,93,45.0,74,100.0,28.4,Peak,EV Bike
429,2025-05-08,15:54:00,15,ST014,Banashankari Bike Station,12.925757,77.547337,59,17.0,57,100.0,29.8,Normal,Scooter
913,2025-01-30,18:05:00,18,ST015,JP Nagar Bike Station,12.906304,77.586228,79,15.0,34,100.0,37.3,Peak,EV Bike
560,2025-12-21,13:05:00,13,ST012,Rajajinagar Bike Station,12.997141,77.553352,10,42.0,86,11.63,25.7,Normal,Scooter
985,2025-10-02,16:05:00,16,ST007,Hebbal Bike Station,13.035391,77.598006,20,65.0,98,20.41,13.1,Normal,EV Bike
811,2025-03-08,16:57:00,16,ST004,Whitefield Bike Station,12.968741,77.750084,65,54.0,78,83.33,10.8,Normal,EV Bike
514,2025-09-04,20:21:00,20,ST003,Indiranagar Bike Station,12.979256,77.641989,18,73.0,95,18.95,32.4,Peak,Scooter
236,2025-11-30,10:20:00,10,ST008,Marathahalli Bike Station,12.960511,77.696215,19,11.0,27,70.37,40.7,Peak,EV Bike
543,2025-07-01,10:37:00,10,ST009,HSR Layout Bike Station,12.910944,77.638126,52,49.0,92,56.52,30.6,Peak,Scooter
478,2025-01-10,20:16:00,20,ST006,Yelahanka Bike Station,13.100485,77.597703,75,38.0,74,100.0,44.3,Peak,Scooter
572,2025-03-11,19:20:00,19,ST015,JP Nagar Bike Station,12.908277,77.584448,39,51.0,91,42.86,29.7,Peak,EV Bike
62,2025-04-13,23:27:00,23,ST002,Koramangala Bike Station,12.936203,77.625166,51,40.0,52,98.08,12.3,Normal,EV Bike
216,2025-01-22,01:01:00,1,ST003,Indiranagar Bike Station,12.97981,77.641828,55,45.0,70,78.57,15.8,Normal,EV Bike
777,2025-03-03,06:56:00,6,ST013,Malleshwaram Bike Station,13.004406,77.571974,53,14.0,39,100.0,28.8,Normal,EV Bike
682,2025-03-18,16:41:00,16,ST015,JP Nagar Bike Station,12.906975,77.584924,59,41.0,52,100.0,24.6,Normal,Scooter
155,2025-09-16,12:28:00,12,ST004,Whitefield Bike Station,12.968658,77.749549,37,48.0,76,48.68,21.0,Normal,EV Bike
520,2025-05-29,08:41:00,8,ST005,Electronic City Bike Station,12.845857,77.659908,57,29.0,74,77.03,21.1,Peak,Scooter
356,2025-01-21,20:01:00,20,ST001,MG Road Bike Station,12.976076,77.607078,70,15.0,45,100.0,44.5,Peak,Scooter
333,2025-06-17,03:32:00,3,ST004,Whitefield Bike Station,12.968833,77.748555,19,30.0,71,26.76,33.2,Normal,Scooter
965,2025-08-04,22:22:00,22,ST003,Indiranagar Bike Station,12.978982,77.639444,28,64.0,84,33.33,42.7,Normal,EV Bike
274,2025-06-09,07:30:00,7,ST002,Koramangala Bike Station,12.935834,77.625163,39,12.0,62,62.9,29.2,Normal,Scooter
164,2025-05-29,02:28:00,2,ST007,Hebbal Bike Station,13.036718,77.596987,13,34.0,77,16.88,41.6,Normal,EV Bike
195,2025-05-27,04:54:00,4,ST001,MG Road Bike Station,12.976316,77.606227,23,42.0,65,35.38,29.1,Normal,Scooter
883,2025-04-26,21:07:00,21,ST006,Yelahanka Bike Station,13.101205,77.597472,39,47.0,88,44.32,42.9,Normal,Scooter
517,2025-01-13,04:07:00,4,ST002,Koramangala Bike Station,12.934927,77.625149,67,61.0,104,64.42,20.5,Normal,EV Bike
488,2025-04-28,12:20:00,12,ST011,BTM Layout Bike Station,12.916315,77.611571,42,78.0,125,33.6,26.7,Normal,EV Bike
890,2025-04-12,04:22:00,4,ST011,BTM Layout Bike Station,12.915667,77.6112,15,37.0,49,30.61,19.9,Normal,Scooter
158,2025-06-06,13:06:00,13,ST015,JP Nagar Bike Station,12.907547,77.584632,50,11.0,30,100.0,14.6,Normal,EV Bike
951,2025-01-24,05:56:00,5,ST015,JP Nagar Bike Station,12.906576,77.585537,39,59.0,80,48.75,12.9,Normal,EV Bike
774,2025-04-28,02:04:00,2,ST012,Rajajinagar Bike Station,12.998174,77.55364,42,76.0,112,37.5,10.3,Normal,Scooter
734,2025-12-24,13:11:00,13,ST013,Malleshwaram Bike Station,13.003489,77.570714,21,30.0,67,31.34,35.7,Normal,EV Bike
776,2025-02-05,14:09:00,14,ST001,MG Road Bike Station,12.975023,77.60667,26,23.0,41,63.41,40.1,Normal,Scooter
416,2025-10-27,19:54:00,19,ST010,Jayanagar Bike Station,12.926268,77.594424,68,48.0,60,100.0,34.9,Peak,Scooter
455,2025-10-27,18:21:00,18,ST014,Banashankari Bike Station,12.924218,77.546384,126,43.0,63,100.0,18.2,Peak,Scooter
752,2025-02-28,02:00:00,2,ST011,BTM Layout Bike Station,12.917042,77.611053,49,70.0,86,56.98,5.3,Normal,Scooter
61,2025-07-14,15:48:00,15,ST004,Whitefield Bike Station,12.969308,77.751441,14,25.0,53,26.42,43.3,Normal,EV Bike
298,2025-08-24,23:16:00,23,ST004,Whitefield Bike Station,12.968756,77.748551,29,20.0,52,55.77,28.6,Normal,Scooter
563,2025-12-15,17:12:00,17,ST003,Indiranagar Bike Station,12.976986,77.639861,59,52.0,99,59.6,7.7,Peak,EV Bike
395,2025-09-09,01:18:00,1,ST004,Whitefield Bike Station,12.969864,77.749979,69,23.0,38,100.0,18.4,Normal,Scooter
830,2025-04-07,22:48:00,22,ST005,Electronic City Bike Station,12.844979,77.659598,45,67.0,110,40.91,41.5,Normal,Scooter
876,2025-11-05,19:06:00,19,ST006,Yelahanka Bike Station,13.100105,77.596631,75,46.0,62,100.0,22.7,Peak,EV Bike
592,2025-05-12,03:55:00,3,ST014,Banashankari Bike Station,12.926005,77.545949,48,63.0,76,63.16,41.6,Normal,EV Bike
22,2025-08-02,03:42:00,3,ST008,Marathahalli Bike Station,12.958771,77.697833,26,5.0,30,86.67,26.3,Normal,EV Bike
869,2025-02-26,12:56:00,12,ST003,Indiranagar Bike Station,12.976959,77.6397,11,41.0,77,14.29,35.7,Normal,Scooter
871,2025-03-28,09:53:00,9,ST008,Marathahalli Bike Station,12.96023,77.697958,55,40.0,84,65.48,38.6,Peak,EV Bike
370,2025-05-14,03:00:00,3,ST002,Koramangala Bike Station,12.935557,77.625801,28,43.0,80,35.0,17.6,Normal,Scooter
358,2025-02-06,11:54:00,11,ST003,Indiranagar Bike Station,12.977892,77.640079,61,78.0,126,48.41,10.9,Normal,Scooter
285,2025-04-16,16:26:00,16,ST015,JP Nagar Bike Station,12.907609,77.586088,17,36.0,74,22.97,26.7,Normal,EV Bike
277,2025-08-16,20:36:00,20,ST010,Jayanagar Bike Station,12.924464,77.594305,79,15.0,61,100.0,23.8,Peak,EV Bike
893,2025-03-20,09:00:00,9,ST001,MG Road Bike Station,12.975255,77.606958,111,74.0,110,100.0,34.4,Peak,EV Bike
145,2025-09-06,18:45:00,18,ST001,MG Road Bike Station,12.977084,77.608002,37,56.0,73,50.68,40.6,Peak,Scooter
266,2025-07-27,11:48:00,11,ST012,Rajajinagar Bike Station,12.99846,77.553214,51,28.0,69,73.91,15.2,Normal,EV Bike
140,2025-05-18,19:51:00,19,ST008,Marathahalli Bike Station,12.959949,77.696495,21,78.0,104,20.19,21.5,Peak,EV Bike
74,2025-01-19,18:40:00,18,ST011,BTM Layout Bike Station,12.917504,77.608714,90,34.0,56,100.0,22.8,Peak,Scooter
890,2025-04-12,04:22:00,4,ST011,BTM Layout Bike Station,12.915667,77.6112,15,37.0,49,30.61,19.9,Normal,Scooter
103,2025-04-06,14:06:00,14,ST009,HSR Layout Bike Station,12.910433,77.638844,37,6.0,56,66.07,5.7,Normal,Scooter
361,2025-01-09,03:27:00,3,ST006,Yelahanka Bike Station,13.101053,77.596871,61,16.0,61,100.0,11.1,Normal,EV Bike
379,2025-12-17,04:48:00,4,ST007,Hebbal Bike Station,13.035297,77.59794,47,79.0,114,41.23,23.5,Normal,EV Bike
895,2025-01-02,19:28:00,19,ST010,Jayanagar Bike Station,12.925041,77.594091,104,23.0,64,100.0,35.9,Peak,Scooter
121,2025-06-20,08:12:00,8,ST005,Electronic City Bike Station,12.846597,77.659713,30,35.0,60,50.0,33.6,Peak,Scooter
884,2025-12-05,11:07:00,11,ST009,HSR Layout Bike Station,12.912947,77.638543,51,72.0,84,60.71,13.2,Normal,EV Bike
653,2025-06-03,09:42:00,9,ST014,Banashankari Bike Station,12.926907,77.547758,102,22.0,35,100.0,23.2,Peak,EV Bike
842,2025-09-27,22:43:00,22,ST004,Whitefield Bike Station,12.970467,77.74867,23,74.0,103,22.33,22.2,Normal,EV Bike
853,2025-10-16,22:48:00,22,ST012,Rajajinagar Bike Station,12.997063,77.553547,46,35.0,60,76.67,45.0,Normal,EV Bike
455,2025-10-27,18:21:00,18,ST014,Banashankari Bike Station,12.924218,77.546384,126,43.0,63,100.0,18.2,Peak,Scooter
36,2025-09-03,08:16:00,8,ST006,Yelahanka Bike Station,13.101428,77.595966,106,22.0,60,100.0,29.9,Peak,Scooter
209,2025-09-08,19:02:00,19,ST004,Whitefield Bike Station,12.969591,77.749457,66,80.0,108,61.11,8.2,Peak,EV Bike
907,2025-02-23,04:24:00,4,ST003,Indiranagar Bike Station,12.978909,77.640138,63,42.0,71,88.73,14.2,Normal,Scooter
89,2025-10-25,17:30:00,17,ST003,Indiranagar Bike Station,12.977857,77.640825,91,55.0,96,94.79,35.1,Peak,Scooter
66,2025-05-11,17:57:00,17,ST011,BTM Layout Bike Station,12.917226,77.609146,82,75.0,114,71.93,31.8,Peak,EV Bike
243,2025-05-18,21:27:00,21,ST001,MG Road Bike Station,12.975366,77.605854,56,53.0,77,72.73,27.7,Normal,EV Bike
579,2025-12-15,14:51:00,14,ST008,Marathahalli Bike Station,12.959334,77.697666,22,76.0,103,21.36,23.3,Normal,EV Bike
40,2025-10-16,23:32:00,23,ST009,HSR Layout Bike Station,12.910253,77.637963,15,29.0,47,31.91,24.1,Normal,EV Bike
552,2025-08-22,13:33:00,13,ST013,Malleshwaram Bike Station,13.002221,77.571586,31,16.0,35,88.57,39.8,Normal,Scooter
602,2025-07-24,02:50:00,2,ST004,Whitefield Bike Station,12.971125,77.751117,67,74.0,97,69.07,34.6,Normal,Scooter
320,2025-01-13,04:23:00,4,ST008,Marathahalli Bike Station,12.960071,77.697935,52,64.0,101,51.49,20.3,Normal,EV Bike
851,2025-03-09,02:21:00,2,ST011,BTM Layout Bike Station,12.915809,77.609832,19,75.0,88,21.59,13.8,Normal,EV Bike
38,2025-04-30,18:23:00,18,ST009,HSR Layout Bike Station,12.912389,77.640135,75,58.0,94,79.79,7.2,Peak,EV Bike
372,2025-05-19,05:18:00,5,ST001,MG Road Bike Station,12.976108,77.606462,30,29.0,66,45.45,9.8,Normal,Scooter
354,2025-09-19,11:40:00,11,ST003,Indiranagar Bike Station,12.977173,77.64108,53,5.0,35,100.0,23.4,Normal,EV Bike
583,2025-01-13,02:25:00,2,ST008,Marathahalli Bike Station,12.95959,77.697851,59,14.0,63,93.65,38.6,Normal,Scooter
179,2025-01-01,18:34:00,18,ST012,Rajajinagar Bike Station,12.997165,77.555021,120,64.0,90,100.0,10.1,Peak,Scooter
939,2025-12-02,10:46:00,10,ST011,BTM Layout Bike Station,12.915576,77.610076,100,68.0,98,100.0,19.3,Peak,EV Bike
466,2025-06-15,07:51:00,7,ST005,Electronic City Bike Station,12.845394,77.658949,35,14.0,38,92.11,25.9,Normal,EV Bike
489,2025-12-03,01:59:00,1,ST015,JP Nagar Bike Station,12.906731,77.586017,37,41.0,88,42.05,30.3,Normal,EV Bike
329,2025-07-09,04:04:00,4,ST014,Banashankari Bike Station,12.926159,77.548188,67,7.0,17,100.0,34.3,Normal,Scooter
435,2025-07-04,07:11:00,7,ST014,Banashankari Bike Station,12.926571,77.54734,29,37.0,55,52.73,9.1,Normal,EV Bike
31,2025-08-23,21:03:00,21,ST013,Malleshwaram Bike Station,13.00336,77.570005,69,38.0,51,100.0,12.1,Normal,EV Bike
151,2025-02-07,21:36:00,21,ST014,Banashankari Bike Station,12.926753,77.54723,24,79.0,100,24.0,6.4,Normal,Scooter
442,2025-11-18,23:05:00,23,ST001,MG Road Bike Station,12.976184,77.606799,29,44.0,85,34.12,43.8,Normal,EV Bike
460,2025-12-25,13:05:00,13,ST003,Indiranagar Bike Station,12.977453,77.641142,37,44.0,82,45.12,42.0,Normal,EV Bike
857,2025-09-24,06:19:00,6,ST009,HSR Layout Bike Station,12.912281,77.637838,61,34.0,82,74.39,22.2,Normal,EV Bike
843,2025-01-08,17:23:00,17,ST005,Electronic City Bike Station,12.846727,77.661557,48,26.0,68,70.59,24.6,Peak,Scooter
660,2025-02-09,17:29:00,17,ST004,Whitefield Bike Station,12.970704,77.750836,18,68.0,116,15.52,40.8,Peak,EV Bike
603,2025-03-09,21:10:00,21,ST012,Rajajinagar Bike Station,12.998185,77.552914,44,58.0,103,42.72,19.9,Normal,EV Bike
194,2025-05-26,14:08:00,14,ST006,Yelahanka Bike Station,13.101344,77.594858,51,45.0,58,87.93,18.5,Normal,EV Bike
687,2025-11-25,18:59:00,18,ST002,Koramangala Bike Station,12.935695,77.624391,37,13.0,29,100.0,15.4,Peak,Scooter
859,2025-12-02,05:13:00,5,ST015,JP Nagar Bike Station,12.906427,77.58519,63,15.0,50,100.0,43.0,Normal,EV Bike
301,2025-11-19,15:05:00,15,ST009,HSR Layout Bike Station,12.91292,77.638062,11,70.0,118,9.32,10.5,Normal,Scooter
717,2025-04-24,15:53:00,15,ST005,Electronic City Bike Station,12.845573,77.660187,56,13.0,35,100.0,22.5,Normal,EV Bike
646,2025-01-31,05:16:00,5,ST009,HSR Layout Bike Station,12.91151,77.640201,28,41.0,59,47.46,44.2,Normal,EV Bike
633,2025-09-24,06:50:00,6,ST011,BTM Layout Bike Station,12.915292,77.609114,22,80.0,105,20.95,35.6,Normal,Scooter
204,2025-03-31,21:41:00,21,ST004,Whitefield Bike Station,12.969198,77.751384,-10,54.0,89,64.04,26.4,Normal,Scooter
219,2025-01-08,18:24:00,18,ST006,Yelahanka Bike Station,13.101601,77.596775,106,43.0,70,100.0,29.8,Peak,Scooter
453,2025-07-05,18:07:00,18,ST012,Rajajinagar Bike Station,12.997104,77.553359,117,10.0,46,100.0,31.9,Peak,Scooter
272,2025-11-24,13:29:00,13,ST002,Koramangala Bike Station,12.935323,77.623128,62,53.0,103,60.19,11.2,Normal,Scooter
353,2025-04-18,09:50:00,9,ST002,Koramangala Bike Station,12.934694,77.625085,34,8.0,45,75.56,35.7,Peak,Scooter
198,2025-08-28,17:49:00,17,ST012,Rajajinagar Bike Station,12.997816,77.55433,109,62.0,93,100.0,35.9,Peak,EV Bike
200,2025-11-06,05:57:00,5,ST012,Rajajinagar Bike Station,12.999741,77.555116,45,45.0,56,80.36,29.1,Normal,Scooter
599,2025-05-08,09:12:00,9,ST002,Koramangala Bike Station,12.934407,77.62489,97,53.0,95,100.0,5.1,Peak,EV Bike
521,2025-01-04,02:25:00,2,ST004,Whitefield Bike Station,12.970149,77.750467,42,80.0,94,44.68,22.8,Normal,EV Bike
309,2025-07-20,04:31:00,4,ST007,Hebbal Bike Station,13.034424,77.595863,17,66.0,81,20.99,14.2,Normal,EV Bike
320,2025-01-13,04:23:00,4,ST008,Marathahalli Bike Station,12.960071,77.697935,52,64.0,101,51.49,20.3,Normal,EV Bike
454,2025-07-08,02:13:00,2,ST014,Banashankari Bike Station,12.925455,77.545304,63,77.0,94,67.02,39.6,Normal,Scooter
918,2025-11-02,14:07:00,14,ST005,Electronic City Bike Station,12.84649,77.659646,53,22.0,55,96.36,15.8,Normal,Scooter
474,2025-06-25,23:54:00,23,ST003,Indiranagar Bike Station,12.979734,77.640358,64,16.0,28,100.0,27.2,Normal,Scooter
644,2025-11-04,10:50:00,10,ST013,Malleshwaram Bike Station,13.004215,77.570231,63,67.0,102,61.76,23.5,Peak,Scooter
170,2025-03-17,02:41:00,2,ST001,MG Road Bike Station,12.975436,77.607586,35,21.0,40,87.5,16.2,Normal,Scooter
479,2025-08-04,20:08:00,20,ST003,Indiranagar Bike Station,12.977781,77.640396,104,42.0,80,100.0,15.3,Peak,EV Bike
697,2025-09-19,10:17:00,10,ST012,Rajajinagar Bike Station,12.999426,77.553295,50,32.0,75,66.67,17.8,Peak,Scooter
626,2025-05-25,18:17:00,18,ST013,Malleshwaram Bike Station,13.002306,77.570292,34,18.0,45,75.56,15.3,Peak,Scooter
591,2025-06-20,16:59:00,16,ST009,HSR Layout Bike Station,12.911981,77.638336,28,9.0,22,100.0,16.6,Normal,EV Bike
440,2025-05-21,15:13:00,15,ST010,Jayanagar Bike Station,12.925134,77.593436,57,33.0,55,100.0,12.5,Normal,EV Bike
647,2025-05-28,23:00:00,23,ST004,Whitefield Bike Station,12.971113,77.750201,14,17.0,32,43.75,44.2,Normal,EV Bike
212,2025-07-20,17:09:00,17,ST012,Rajajinagar Bike Station,12.99715,77.553413,64,76.0,113,56.64,26.2,Peak,EV Bike
351,2025-10-01,04:51:00,4,ST004,Whitefield Bike Station,12.97015,77.74934,61,8.0,42,100.0,40.7,Normal,EV Bike
189,2025-03-20,11:14:00,11,ST006,Yelahanka Bike Station,13.101767,77.594831,63,36.0,62,100.0,13.5,Normal,EV Bike
924,2025-12-30,13:07:00,13,ST005,Electronic City Bike Station,12.846791,77.659178,69,59.0,72,95.83,21.9,Normal,Scooter
737,2025-03-14,06:05:00,6,ST013,Malleshwaram Bike Station,13.004581,77.571812,29,38.0,67,43.28,35.8,Normal,EV Bike
54,2025-10-25,03:30:00,3,ST005,Electronic City Bike Station,12.846176,77.658884,66,23.0,55,100.0,12.3,Normal,Scooter
887,2025-09-23,06:25:00,6,ST009,HSR Layout Bike Station,12.912572,77.638461,59,25.0,74,79.73,35.5,Normal,EV Bike
658,2025-04-24,13:01:00,13,ST008,Marathahalli Bike Station,12.958178,77.698724,48,73.0,84,57.14,11.6,Normal,Scooter
430,2025-05-17,11:42:00,11,ST010,Jayanagar Bike Station,12.925668,77.594207,51,76.0,117,43.59,14.4,Normal,Scooter
564,2025-12-18,09:54:00,9,ST010,Jayanagar Bike Station,12.925187,77.594243,37,10.0,31,100.0,44.2,Peak,Scooter
229,2025-01-10,07:49:00,7,ST015,JP Nagar Bike Station,12.909256,77.585031,56,40.0,54,100.0,30.7,Normal,EV Bike
380,2025-01-13,18:38:00,18,ST009,HSR Layout Bike Station,12.912993,77.63917,106,41.0,74,100.0,36.9,Peak,EV Bike
284,2025-10-25,19:25:00,19,ST009,HSR Layout Bike Station,12.910804,77.639946,19,37.0,83,22.89,40.2,Peak,Scooter
336,2025-11-25,22:44:00,22,ST007,Hebbal Bike Station,13.034733,77.59721,68,34.0,53,100.0,27.5,Normal,Scooter
187,2025-10-10,05:56:00,5,ST007,Hebbal Bike Station,13.03563,77.595888,40,31.0,42,95.24,31.1,Normal,EV Bike
165,2025-06-21,18:27:00,18,ST012,Rajajinagar Bike Station,12.998109,77.554532,118,9.0,55,100.0,32.9,Peak,Scooter
35,2025-09-29,03:39:00,3,ST001,MG Road Bike Station,12.974958,77.606977,55,6.0,47,100.0,29.9,Normal,EV Bike
289,2025-08-03,19:32:00,19,ST014,Banashankari Bike Station,12.925774,77.545316,27,5.0,22,100.0,7.6,Peak,EV Bike
264,2025-08-04,05:47:00,5,ST012,Rajajinagar Bike Station,12.999497,77.554727,56,13.0,59,94.92,15.5,Normal,Scooter
112,2025-04-11,03:03:00,3,ST003,Indiranagar Bike Station,12.978415,77.64128,45,62.0,72,62.5,9.4,Normal,Scooter
438,2025-10-05,09:12:00,9,ST013,Malleshwaram Bike Station,13.004498,77.569699,99,80.0,126,78.57,13.4,Peak,Scooter
400,2025-11-28,13:33:00,13,ST002,Koramangala Bike Station,12.933788,77.623038,37,10.0,28,100.0,41.8,Normal,EV Bike
457,2025-08-13,,3,ST009,HSR Layout Bike Station,12.91024,77.638268,50,10.0,46,100.0,7.0,Normal,EV Bike
824,2025-05-12,07:10:00,7,ST004,Whitefield Bike Station,12.971074,77.750046,33,46.0,63,52.38,25.0,Normal,EV Bike
161,2025-02-07,02:14:00,2,ST012,Rajajinagar Bike Station,12.999234,77.553514,49,18.0,35,100.0,34.5,Normal,Scooter
231,2025-01-18,06:07:00,6,ST009,HSR Layout Bike Station,12.912855,77.638288,57,78.0,125,45.6,35.0,Normal,Scooter
141,2025-06-19,07:21:00,7,ST009,HSR Layout Bike Station,12.912356,77.640194,27,17.0,62,43.55,19.5,Normal,Scooter
173,2025-11-29,22:55:00,22,ST013,Malleshwaram Bike Station,13.002406,77.571812,40,61.0,78,51.28,14.5,Normal,EV Bike
390,2025-04-05,04:50:00,4,ST002,Koramangala Bike Station,12.935774,77.623905,45,19.0,69,65.22,7.2,Normal,Scooter
373,2025-12-04,05:54:00,5,ST007,Hebbal Bike Station,13.034667,77.597123,65,28.0,61,100.0,21.7,Normal,EV Bike
48,2025-02-11,23:26:00,23,ST010,Jayanagar Bike Station,12.926083,77.594768,21,31.0,76,27.63,36.3,Normal,EV Bike
427,2025-03-30,13:32:00,13,ST005,Electronic City Bike Station,12.844355,77.661076,42,13.0,36,100.0,32.6,Normal,Scooter
877,2025-02-24,09:49:00,9,ST013,Malleshwaram Bike Station,13.00369,77.570978,79,27.0,63,100.0,43.4,Peak,Scooter
973,2025-07-14,14:00:00,14,ST015,JP Nagar Bike Station,12.907572,77.584908,47,15.0,28,100.0,28.1,Normal,EV Bike
362,2025-01-22,18:57:00,18,ST004,Whitefield Bike Station,12.969585,77.751201,111,46.0,71,100.0,29.2,Peak,Scooter
419,2025-07-30,18:48:00,18,ST013,Malleshwaram Bike Station,13.003385,77.570026,108,7.0,33,100.0,12.8,Peak,EV Bike
450,2025-03-23,09:30:00,9,ST013,Malleshwaram Bike Station,13.004431,77.570153,52,32.0,63,82.54,15.0,Peak,Scooter
420,2025-03-01,07:34:00,7,ST012,Rajajinagar Bike Station,12.999705,77.555195,23,68.0,112,20.54,44.8,Normal,Scooter
69,2025-12-24,12:16:00,12,ST002,Koramangala Bike Station,12.934655,77.623534,59,13.0,38,100.0,29.2,Normal,Scooter
914,2025-10-18,01:55:00,1,ST008,Marathahalli Bike Station,12.960393,77.69599,17,71.0,89,19.1,11.6,Normal,Scooter
278,2025-04-01,00:39:00,0,ST004,Whitefield Bike Station,12.971233,77.751326,43,42.0,78,55.13,32.4,Normal,EV Bike
943,2025-08-18,04:44:00,4,ST012,Rajajinagar Bike Station,12.998812,77.555485,60,9.0,54,100.0,20.6,Normal,EV Bike
310,2025-11-17,14:19:00,14,ST011,BTM Layout Bike Station,12.915829,77.609944,29,62.0,75,38.67,18.9,Normal,Scooter
614,2025-01-15,15:41:00,15,ST002,Koramangala Bike Station,12.936585,77.625156,64,46.0,79,81.01,14.0,Normal,EV Bike
598,2025-09-03,02:02:00,2,ST015,JP Nagar Bike Station,12.90864,77.585264,45,6.0,54,83.33,9.8,Normal,EV Bike
181,2025-11-21,20:55:00,20,ST006,Yelahanka Bike Station,13.101224,77.596438,91,68.0,105,86.67,19.5,Peak,EV Bike
553,2025-01-15,08:24:00,8,ST006,Yelahanka Bike Station,13.099715,77.594871,111,44.0,68,100.0,8.9,Peak,Scooter
246,2025-05-18,19:55:00,19,ST005,Electronic City Bike Station,12.845296,77.659241,27,41.0,84,32.14,36.5,Peak,EV Bike
3,2025-08-30,11:07:00,11,ST004,Whitefield Bike Station,12.968925,77.74979,25,56.0,93,26.88,17.2,Normal,EV Bike
100,2025-09-10,20:19:00,20,ST013,Malleshwaram Bike Station,13.002667,77.57088,102,78.0,128,79.69,7.8,Peak,Scooter
934,2025-01-01,09:47:00,9,ST005,Electronic City Bike Station,12.846634,77.66138,61,75.0,111,54.95,28.6,Peak,Scooter
636,2025-01-28,12:35:00,12,ST005,Electronic City Bike Station,12.846693,77.661519,70,66.0,91,76.92,44.1,Normal,EV Bike
779,2025-10-21,12:13:00,12,ST013,Malleshwaram Bike Station,13.003382,77.572085,58,44.0,74,78.38,39.6,Normal,Scooter
833,2025-12-11,10:21:00,10,ST009,HSR Layout Bike Station,12.911302,77.640055,43,21.0,60,71.67,14.2,Peak,Scooter
940,2025-08-01,20:38:00,20,ST004,Whitefield Bike Station,12.970639,77.749478,88,14.0,35,100.0,7.8,Peak,EV Bike
569,2025-03-23,07:08:00,7,ST012,Rajajinagar Bike Station,12.999211,77.553566,58,51.0,83,69.88,37.3,Normal,EV Bike
846,2025-05-08,22:07:00,22,ST011,BTM Layout Bike Station,12.918028,77.610949,29,53.0,79,36.71,41.5,Normal,EV Bike
13,2025-11-10,15:39:00,15,ST014,Banashankari Bike Station,12.926413,77.546016,51,77.0,89,57.3,15.9,Normal,EV Bike
345,2025-08-05,13:24:00,13,ST008,Marathahalli Bike Station,12.960492,77.69696,44,51.0,97,45.36,26.4,Normal,Scooter
245,2025-07-25,16:08:00,16,ST002,Koramangala Bike Station,12.934818,77.624492,21,9.0,25,84.0,6.7,Normal,EV Bike
966,2025-11-08,03:13:00,3,ST007,Hebbal Bike Station,13.036779,77.597941,38,48.0,73,52.05,11.0,Normal,EV Bike
371,2025-08-31,09:05:00,9,ST002,Koramangala Bike Station,12.934307,77.623889,25,45.0,80,31.25,12.6,Peak,Scooter
787,2025-05-28,08:29:00,8,ST013,Malleshwaram Bike Station,13.002365,77.569954,86,32.0,77,100.0,36.2,Peak,EV Bike
481,2025-11-10,08:45:00,8,ST011,BTM Layout Bike Station,12.916421,77.609728,106,18.0,58,100.0,27.8,Peak,Scooter
501,2025-07-19,02:57:00,2,ST010,Jayanagar Bike Station,12.925467,77.594628,60,5.0,48,100.0,28.3,Normal,Scooter
692,2025-12-28,04:30:00,4,ST007,Hebbal Bike Station,13.035996,77.596814,57,63.0,73,78.08,38.9,Normal,EV Bike
961,2025-06-22,08:03:00,8,ST004,Whitefield Bike Station,12.969883,77.750284,48,67.0,115,41.74,42.7,Peak,Scooter
679,2025-02-11,16:34:00,16,ST005,Electronic City Bike Station,12.847042,77.660998,21,48.0,73,28.77,33.6,Normal,EV Bike
234,2025-06-12,11:28:00,11,ST015,JP Nagar Bike Station,12.907608,77.583661,62,30.0,55,100.0,32.5,Normal,EV Bike
654,2025-04-15,13:05:00,13,ST008,Marathahalli Bike Station,12.957928,77.695978,27,14.0,50,54.0,34.3,Normal,Scooter
849,2025-02-23,03:53:00,3,ST007,Hebbal Bike Station,13.034534,77.598464,24,79.0,108,22.22,27.9,Normal,EV Bike
355,2025-08-12,07:09:00,7,ST009,HSR Layout Bike Station,12.911896,77.63947,34,39.0,77,44.16,43.7,Normal,EV Bike
138,2025-01-25,12:38:00,12,ST015,JP Nagar Bike Station,12.906766,77.585981,16,9.0,54,29.63,27.4,Normal,EV Bike
702,2025-02-22,22:05:00,22,ST002,Koramangala Bike Station,12.935654,77.623064,56,13.0,55,100.0,13.3,Normal,EV Bike
25,2025-12-04,16:25:00,16,ST010,Jayanagar Bike Station,12.923831,77.592423,68,21.0,38,100.0,29.5,Normal,EV Bike
516,2025-10-14,13:45:00,13,ST010,Jayanagar Bike Station,12.924548,77.593533,19,11.0,54,35.19,43.3,Normal,EV Bike
796,2025-07-11,23:37:00,23,ST013,Malleshwaram Bike Station,13.004021,77.571446,38,72.0,95,40.0,20.7,Normal,Scooter
911,2025-03-22,03:42:00,3,ST009,HSR Layout Bike Station,12.911548,77.63775,52,59.0,91,57.14,14.1,Normal,EV Bike
96,2025-08-22,12:34:00,12,ST008,Marathahalli Bike Station,12.960213,77.697833,30,43.0,88,34.09,42.4,Normal,Scooter
755,2025-11-05,23:16:00,23,ST010,Jayanagar Bike Station,12.923823,77.594269,22,72.0,93,23.66,24.4,Normal,Scooter
787,2025-05-28,08:29:00,8,ST013,Malleshwaram Bike Station,13.002365,77.569954,86,32.0,77,100.0,36.2,Peak,EV Bike
411,2025-10-03,11:52:00,11,ST001,MG Road Bike Station,12.976637,77.605148,43,62.0,80,53.75,17.3,Normal,EV Bike
340,2025-08-01,20:25:00,20,ST003,Indiranagar Bike Station,12.977841,77.639665,63,28.0,72,87.5,23.1,Peak,EV Bike
441,2025-07-23,05:25:00,5,ST006,Yelahanka Bike Station,13.101125,77.596345,18,77.0,101,17.82,44.0,Normal,Scooter
970,2025-02-23,06:28:00,6,ST007,Hebbal Bike Station,13.035459,77.597167,61,31.0,78,78.21,11.4,Normal,Scooter
494,2025-03-19,05:06:00,5,ST006,Yelahanka Bike Station,13.101057,77.595243,45,36.0,85,52.94,20.7,Normal,EV Bike
77,2025-11-28,11:25:00,11,ST003,Indiranagar Bike Station,12.977008,77.642143,26,35.0,78,33.33,33.0,Normal,EV Bike
386,2025-10-19,08:10:00,8,ST010,Jayanagar Bike Station,12.924168,77.593663,55,41.0,67,82.09,29.9,Peak,Scooter
556,2025-08-04,18:43:00,18,ST010,Jayanagar Bike Station,12.926084,77.594879,115,38.0,52,100.0,14.2,Peak,EV Bike
643,2025-01-17,09:56:00,9,ST012,Rajajinagar Bike Station,12.999912,77.555567,21,53.0,77,27.27,38.6,Peak,Scooter
5,2025-08-26,07:23:00,7,ST001,MG Road Bike Station,12.976487,77.606213,44,17.0,49,89.8,19.4,Normal,Scooter
828,2025-09-30,20:18:00,20,ST011,BTM Layout Bike Station,12.916404,77.608981,18,10.0,59,30.51,27.9,Peak,EV Bike
93,2025-07-31,16:20:00,16,ST014,Banashankari Bike Station,12.925594,77.547547,35,22.0,71,49.3,44.8,Normal,EV Bike
898,2025-06-30,21:50:00,21,ST001,MG Road Bike Station,12.974639,77.605578,28,31.0,77,36.36,41.1,Normal,EV Bike
863,2025-04-20,18:23:00,18,ST012,Rajajinagar Bike Station,12.997138,77.554857,106,66.0,114,92.98,22.7,Peak,EV Bike
854,2025-09-20,14:28:00,14,ST008,Marathahalli Bike Station,12.960288,77.697923,41,76.0,104,39.42,40.0,Normal,EV Bike
980,2025-11-04,00:35:00,0,ST005,Electronic City Bike Station,12.846558,77.661289,51,40.0,77,66.23,16.3,Normal,Scooter
627,2025-05-22,08:53:00,8,ST006,Yelahanka Bike Station,13.100992,77.595561,61,44.0,58,100.0,10.6,Peak,EV Bike
117,2025-04-28,11:11:00,11,ST011,BTM Layout Bike Station,12.917179,77.609995,30,7.0,36,83.33,44.9,Normal,EV Bike
405,2025-11-12,14:02:00,14,ST008,Marathahalli Bike Station,12.960693,77.698342,50,47.0,91,54.95,21.6,Normal,Scooter
994,2025-11-14,10:55:00,10,ST010,Jayanagar Bike Station,12.92573,77.592647,108,21.0,63,100.0,38.9,Peak,Scooter
313,2025-07-28,12:05:00,12,ST001,MG Road Bike Station,12.974768,77.607279,54,59.0,98,55.1,14.1,Normal,Scooter
378,2025-01-27,15:53:00,15,ST006,Yelahanka Bike Station,13.102191,77.595917,50,67.0,99,50.51,24.5,Normal,EV Bike
497,2025-12-16,10:18:00,10,ST014,Banashankari Bike Station,12.9249,77.548268,30,75.0,91,32.97,26.4,Peak,EV Bike
629,2025-11-29,00:50:00,0,ST004,Whitefield Bike Station,12.969687,77.749407,24,61.0,81,29.63,43.2,Normal,EV Bike
838,2025-04-11,19:31:00,19,ST004,Whitefield Bike Station,12.969647,77.750048,115,74.0,114,100.0,43.4,Peak,EV Bike
861,2025-02-25,06:00:00,6,ST002,Koramangala Bike Station,12.933922,77.623774,43,58.0,90,47.78,6.6,Normal,Scooter
565,2025-05-22,04:04:00,4,ST006,Yelahanka Bike Station,13.099624,77.595537,49,66.0,106,46.23,35.7,Normal,Scooter
622,2025-08-08,11:14:00,11,ST003,Indiranagar Bike Station,12.9798,77.640432,58,48.0,63,92.06,31.8,Normal,Scooter
99,2025-07-26,07:37:00,7,ST006,Yelahanka Bike Station,13.099882,77.59663,27,8.0,36,75.0,18.6,Normal,EV Bike
573,2025-07-22,11:14:00,11,ST008,Marathahalli Bike Station,12.957922,77.698008,46,75.0,125,36.8,27.7,Normal,EV Bike
751,2025-11-02,22:51:00,22,ST007,Hebbal Bike Station,13.037211,77.595821,15,51.0,94,15.96,12.8,Normal,Scooter
519,2025-04-18,18:49:00,18,ST014,Banashankari Bike Station,12.924522,77.545488,23,66.0,105,21.9,20.2,Peak,EV Bike
260,2025-03-04,22:14:00,22,ST005,Electronic City Bike Station,12.844998,77.661088,40,73.0,96,41.67,23.0,Normal,EV Bike
815,2025-09-22,11:30:00,11,ST006,Yelahanka Bike Station,13.099946,77.594889,31,58.0,100,31.0,44.6,Normal,Scooter
650,2025-02-11,09:54:00,9,ST014,Banashankari Bike Station,12.926894,77.547999,79,42.0,67,100.0,24.9,Peak,EV Bike
799,2025-01-31,06:37:00,6,ST014,Banashankari Bike Station,12.925188,77.546703,24,72.0,122,19.67,32.8,Normal,EV Bike
169,2025-03-22,04:51:00,4,ST008,Marathahalli Bike Station,12.958895,77.696689,66,53.0,68,97.06,13.1,Normal,EV Bike
265,2025-11-18,06:02:00,6,ST005,Electronic City Bike Station,12.846835,77.661348,67,11.0,21,100.0,23.1,Normal,Scooter
376,2025-06-30,04:36:00,4,ST003,Indiranagar Bike Station,12.97933,77.640109,38,75.0,125,30.4,22.5,Normal,EV Bike
993,2025-02-05,21:37:00,21,ST013,Malleshwaram Bike Station,13.004402,77.571928,53,59.0,70,75.71,24.3,Normal,Scooter
295,2025-05-04,07:51:00,7,ST013,Malleshwaram Bike Station,13.003799,77.571126,26,70.0,87,29.89,31.7,Normal,Scooter
907,2025-02-23,04:24:00,4,ST003,Indiranagar Bike Station,12.978909,77.640138,63,42.0,71,88.73,14.2,Normal,Scooter
269,2025-02-23,05:19:00,5,ST012,Rajajinagar Bike Station,12.999474,77.553112,43,15.0,53,81.13,15.9,Normal,Scooter
263,2025-12-18,18:52:00,18,ST002,Koramangala Bike Station,12.936286,77.623914,30,79.0,99,30.3,18.3,Peak,Scooter
955,2025-04-18,11:29:00,11,ST012,Rajajinagar Bike Station,12.997026,77.554653,39,39.0,72,54.17,31.0,Normal,Scooter
604,2025-06-08,22:25:00,22,ST007,Hebbal Bike Station,13.035817,77.596113,33,22.0,65,50.77,12.7,Normal,EV Bike
348,2025-11-10,14:22:00,14,ST003,Indiranagar Bike Station,12.976963,77.642007,39,47.0,97,40.21,36.7,Normal,Scooter
330,2025-10-12,00:17:00,0,ST005,Electronic City Bike Station,12.846504,77.661716,22,76.0,118,18.64,8.4,Normal,EV Bike
953,2025-05-03,07:26:00,7,ST014,Banashankari Bike Station,12.924378,77.545321,10,35.0,79,12.66,24.9,Normal,Scooter
203,2025-04-08,08:18:00,8,ST015,JP Nagar Bike Station,12.907,77.583684,59,47.0,58,100.0,29.4,Peak,EV Bike
639,2025-06-16,00:31:00,0,ST009,HSR Layout Bike Station,12.910903,77.640313,34,77.0,104,32.69,41.0,Normal,EV Bike
739,2025-03-04,01:55:00,1,ST011,BTM Layout Bike Station,12.917237,77.611479,43,6.0,20,100.0,10.5,Normal,Scooter
865,2025-01-14,12:07:00,12,ST011,BTM Layout Bike Station,12.916813,77.609921,33,72.0,113,29.2,43.6,Normal,Scooter
283,2025-10-12,16:57:00,16,ST006,Yelahanka Bike Station,13.101019,77.597007,18,10.0,30,60.0,10.2,Normal,EV Bike
252,2025-05-21,19:07:00,19,ST002,Koramangala Bike Station,12.936453,77.624368,27,62.0,107,25.23,37.4,Peak,EV Bike
153,2025-10-19,13:02:00,13,ST004,Whitefield Bike Station,12.970794,77.749535,22,6.0,35,62.86,43.0,Normal,Scooter
834,2025-12-14,23:42:00,23,ST001,MG Road Bike Station,12.976303,77.60603,62,44.0,72,86.11,29.7,Normal,Scooter
107,2025-01-24,01:01:00,1,ST012,Rajajinagar Bike Station,12.999576,77.555061,56,16.0,34,100.0,35.5,Normal,EV Bike
190,2025-02-17,19:15:00,19,ST014,Banashankari Bike Station,12.926777,77.547411,124,31.0,72,100.0,32.1,Peak,Scooter
213,2025-10-14,13:52:00,13,ST008,Marathahalli Bike Station,12.960611,77.69781,12,65.0,101,11.88,30.4,Normal,Scooter
929,2025-03-28,04:46:00,4,ST011,BTM Layout Bike Station,12.915941,77.610408,23,62.0,102,22.55,25.6,Normal,EV Bike
241,2025-10-03,07:06:00,7,ST003,Indiranagar Bike Station,12.978687,77.639398,36,68.0,84,42.86,14.3,Normal,Scooter
26,2025-07-26,04:34:00,4,ST005,Electronic City Bike Station,12.844965,77.660392,54,12.0,29,100.0,44.4,Normal,Scooter
59,2025-06-21,14:10:00,14,ST007,Hebbal Bike Station,13.035078,77.597142,14,78.0,94,14.89,35.9,Normal,EV Bike
624,2025-06-04,12:46:00,12,ST005,Electronic City Bike Station,12.844199,77.659239,59,75.0,94,62.77,24.0,Normal,EV Bike
14,2025-10-31,18:16:00,18,ST009,HSR Layout Bike Station,12.912911,77.638264,54,47.0,58,93.1,32.2,Peak,Scooter
845,2025-01-21,12:37:00,12,ST008,Marathahalli Bike Station,12.960286,77.696196,54,77.0,99,54.55,6.3,Normal,EV Bike
428,2025-12-15,12:57:00,12,ST001,MG Road Bike Station,12.977007,77.607265,28,24.0,54,51.85,24.3,Normal,Scooter
275,2025-01-16,20:42:00,20,ST002,Koramangala Bike Station,12.934742,77.623794,100,54.0,96,100.0,29.9,Peak,Scooter
757,2025-01-05,18:37:00,18,ST008,Marathahalli Bike Station,12.959428,77.696664,50,73.0,86,58.14,12.9,Peak,Scooter
143,2025-07-12,23:01:00,23,ST001,MG Road Bike Station,12.976432,77.607941,22,35.0,51,43.14,17.2,Normal,Scooter
719,2025-04-28,15:50:00,15,ST005,Electronic City Bike Station,12.844452,77.660649,34,39.0,73,46.58,28.6,Normal,Scooter
46,2025-04-19,15:12:00,15,ST005,Electronic City Bike Station,12.844476,77.659041,41,78.0,101,40.59,41.0,Normal,Scooter
783,2025-07-11,02:59:00,2,ST005,Electronic City Bike Station,12.846072,77.660447,52,22.0,51,100.0,33.3,Normal,EV Bike
584,2025-06-04,22:20:00,22,ST006,Yelahanka Bike Station,13.099897,77.594853,25,52.0,101,24.75,17.5,Normal,EV Bike
150,2025-05-21,08:57:00,8,ST010,Jayanagar Bike Station,12.926087,77.594291,84,78.0,108,77.78,5.2,Peak,EV Bike
439,2025-05-05,08:46:00,8,ST012,Rajajinagar Bike Station,12.997139,77.555048,61,10.0,47,100.0,20.7,Peak,EV Bike
866,2025-05-11,01:15:00,1,ST013,Malleshwaram Bike Station,13.00269,77.571576,59,77.0,112,52.68,34.6,Normal,Scooter
691,2025-04-24,12:34:00,12,ST002,Koramangala Bike Station,12.934816,77.623246,10,75.0,85,11.76,21.1,Normal,EV Bike
35,2025-09-29,03:39:00,3,ST001,MG Road Bike Station,12.974958,77.606977,55,6.0,47,100.0,29.9,Normal,EV Bike
557,2025-02-15,00:43:00,0,ST004,Whitefield Bike Station,12.97005,77.750155,23,50.0,69,33.33,39.5,Normal,Scooter
888,2025-12-12,00:43:00,0,ST014,Banashankari Bike Station,12.924264,77.545719,22,23.0,69,31.88,40.6,Normal,Scooter
30,2025-06-09,17:56:00,17,ST004,Whitefield Bike Station,12.968685,77.750278,46,9.0,43,100.0,31.5,Peak,Scooter
927,2025-09-06,17:57:00,17,ST011,BTM Layout Bike Station,12.915579,77.611233,36,79.0,111,32.43,28.0,Peak,EV Bike
512,2025-08-10,16:36:00,16,ST011,BTM Layout Bike Station,12.917207,77.609734,44,66.0,84,52.38,36.2,Normal,Scooter
836,2025-01-06,19:27:00,19,ST011,BTM Layout Bike Station,12.916872,77.609436,70,61.0,83,84.34,9.0,Peak,Scooter
784,2025-12-06,22:06:00,22,ST008,Marathahalli Bike Station,12.958083,77.697936,57,21.0,34,100.0,15.7,Normal,EV Bike
715,2025-06-20,17:50:00,17,ST011,BTM Layout Bike Station,12.915376,77.61107,63,9.0,58,100.0,34.6,Peak,Scooter
831,2025-12-12,08:13:00,8,ST011,BTM Layout Bike Station,12.915232,77.609743,63,30.0,54,100.0,17.3,Peak,Scooter
91,2025-04-24,01:58:00,1,ST001,MG Road Bike Station,12.974856,77.606867,25,40.0,81,30.86,40.4,Normal,Scooter
67,2025-12-26,07:39:00,7,ST004,Whitefield Bike Station,12.970111,77.748519,13,71.0,121,10.74,17.4,Normal,Scooter
412,2025-12-31,10:52:00,10,ST013,Malleshwaram Bike Station,13.004568,77.57021,102,68.0,98,100.0,25.2,Peak,EV Bike
326,2025-02-07,09:14:00,9,ST002,Koramangala Bike Station,12.936475,77.624243,124,47.0,66,100.0,43.0,Peak,Scooter
220,2025-08-23,17:04:00,17,ST010,Jayanagar Bike Station,12.925821,77.594379,97,41.0,63,100.0,12.0,Peak,EV Bike
217,2025-06-15,14:38:00,14,ST003,Indiranagar Bike Station,12.979807,77.639522,64,9.0,53,100.0,38.5,Normal,EV Bike
24,2025-04-07,17:37:00,17,ST001,MG Road Bike Station,12.974415,77.606683,126,70.0,94,100.0,5.5,Peak,EV Bike
609,2025-03-13,04:46:00,4,ST007,Hebbal Bike Station,13.036436,77.598122,18,27.0,46,39.13,9.4,Normal,EV Bike
397,2025-05-30,11:23:00,11,ST010,Jayanagar Bike Station,12.925681,77.592816,48,55.0,102,47.06,41.2,Normal,EV Bike
998,2025-09-27,07:54:00,7,ST014,Banashankari Bike Station,12.924053,77.546277,14,52.0,94,14.89,42.9,Normal,EV Bike
680,2025-12-10,12:22:00,12,ST001,MG Road Bike Station,12.975147,77.605944,15,20.0,34,44.12,39.6,Normal,Scooter
750,2025-08-17,18:45:00,18,ST011,BTM Layout Bike Station,12.917644,77.608767,77,30.0,57,100.0,11.6,Peak,Scooter
879,2025-10-01,12:58:00,12,ST014,Banashankari Bike Station,12.926525,77.546183,50,61.0,86,58.14,12.0,Normal,EV Bike
127,2025-08-09,03:49:00,3,ST009,HSR Layout Bike Station,12.912944,77.6379,33,14.0,28,100.0,27.5,Normal,Scooter
539,2025-10-05,09:39:00,9,ST011,BTM Layout Bike Station,12.917209,77.611274,104,23.0,38,100.0,14.4,Peak,EV Bike
908,2025-01-07,07:39:00,7,ST005,Electronic City Bike Station,12.844651,77.661655,45,22.0,58,77.59,43.0,Normal,Scooter
902,2025-02-04,10:01:00,10,ST008,Marathahalli Bike Station,12.959341,77.697406,66,17.0,31,100.0,42.6,Peak,Scooter
551,2025-11-29,04:33:00,4,ST003,Indiranagar Bike Station,12.97707,77.640143,70,42.0,74,94.59,15.0,Normal,Scooter
607,2025-08-20,19:13:00,19,ST003,Indiranagar Bike Station,12.977229,77.639434,118,46.0,63,100.0,35.4,Peak,Scooter
642,2025-11-14,11:37:00,11,ST004,Whitefield Bike Station,12.971098,77.751217,69,17.0,59,100.0,25.4,Normal,Scooter
426,2025-10-03,16:01:00,16,ST009,HSR Layout Bike Station,12.911789,77.638699,64,13.0,60,100.0,36.7,Normal,EV Bike
375,2025-11-08,10:45:00,10,ST004,Whitefield Bike Station,12.969521,77.750806,104,48.0,97,100.0,16.8,Peak,Scooter
267,2025-03-07,18:49:00,18,ST012,Rajajinagar Bike Station,12.997322,77.555334,63,24.0,49,100.0,10.2,Peak,Scooter
144,2025-05-25,08:23:00,8,ST004,Whitefield Bike Station,12.969591,77.749924,115,49.0,87,100.0,34.2,Peak,Scooter
671,2025-05-04,21:14:00,21,ST010,Jayanagar Bike Station,12.925444,77.595039,21,8.0,43,48.84,7.9,Normal,Scooter
986,2025-04-24,14:24:00,14,ST002,Koramangala Bike Station,12.936182,77.625029,14,60.0,84,16.67,36.1,Normal,Scooter
108,2025-02-10,04:01:00,4,ST004,Whitefield Bike Station,12.970124,77.748796,32,36.0,72,44.44,18.4,Normal,Scooter
122,2025-12-23,02:14:00,2,ST015,JP Nagar Bike Station,12.907147,77.585895,61,11.0,29,100.0,18.5,Normal,EV Bike
193,2025-07-27,14:29:00,14,ST007,Hebbal Bike Station,13.036081,77.598192,19,60.0,72,26.39,21.2,Normal,Scooter
979,2025-10-08,02:48:00,2,ST007,Hebbal Bike Station,13.035046,77.598448,43,68.0,83,51.81,5.3,Normal,EV Bike
868,2025-02-23,11:46:00,11,ST009,HSR Layout Bike Station,12.910288,77.639371,36,70.0,117,30.77,33.8,Normal,Scooter
862,2025-01-23,16:25:00,16,ST006,Yelahanka Bike Station,13.10113,77.596112,56,67.0,115,48.7,10.2,Normal,Scooter
87,2025-04-26,15:32:00,15,ST010,Jayanagar Bike Station,12.924857,77.594431,26,39.0,69,37.68,43.6,Normal,Scooter
86,2025-09-01,08:37:00,8,ST012,Rajajinagar Bike Station,12.998632,77.554022,52,71.0,88,59.09,14.3,Peak,Scooter
570,2025-03-13,15:39:00,15,ST006,Yelahanka Bike Station,13.10015,77.595045,12,37.0,83,14.46,12.8,Normal,EV Bike
522,2025-06-29,16:48:00,16,ST010,Jayanagar Bike Station,12.926268,77.594245,17,75.0,113,15.04,43.5,Normal,Scooter
126,2025-07-10,22:38:00,22,ST010,Jayanagar Bike Station,12.923614,77.594904,25,56.0,96,26.04,40.4,Normal,Scooter
880,2025-08-21,04:38:00,4,ST014,Banashankari Bike Station,12.924711,77.545979,25,60.0,78,32.05,20.8,Normal,EV Bike
244,2025-06-25,14:06:00,14,ST011,BTM Layout Bike Station,12.918,77.610252,62,51.0,61,100.0,14.1,Normal,Scooter
695,2025-05-20,19:35:00,19,ST004,Whitefield Bike Station,12.968868,77.750446,90,61.0,110,81.82,37.9,Peak,Scooter
113,2025-11-23,13:16:00,13,ST004,Whitefield Bike Station,12.969304,77.749549,52,16.0,56,92.86,15.6,Normal,Scooter
449,2025-08-13,19:50:00,19,ST002,Koramangala Bike Station,12.933883,77.623705,113,30.0,80,100.0,16.2,Peak,Scooter
347,2025-05-15,12:26:00,12,ST007,Hebbal Bike Station,13.035296,77.597625,44,20.0,46,95.65,35.2,Normal,Scooter
55,2025-06-10,20:19:00,20,ST011,BTM Layout Bike Station,12.916111,77.609037,50,52.0,98,51.02,31.9,Peak,EV Bike
731,2025-03-22,18:18:00,18,ST001,MG Road Bike Station,12.976562,77.607455,117,34.0,81,100.0,33.9,Peak,EV Bike
742,2025-08-14,20:03:00,20,ST008,Marathahalli Bike Station,12.958286,77.697434,30,23.0,54,55.56,42.7,Peak,Scooter
223,2025-02-08,01:47:00,1,ST013,Malleshwaram Bike Station,13.003154,77.571176,56,8.0,56,100.0,41.2,Normal,EV Bike
318,2025-08-04,22:22:00,22,ST005,Electronic City Bike Station,12.845988,77.66058,20,21.0,67,29.85,29.2,Normal,Scooter
546,2025-09-29,17:30:00,17,ST002,Koramangala Bike Station,12.934319,77.624694,36,14.0,40,90.0,24.1,Peak,EV Bike
682,2025-03-18,16:41:00,16,ST015,JP Nagar Bike Station,12.906975,77.584924,59,41.0,52,100.0,24.6,Normal,Scooter
903,2025-12-21,10:22:00,10,ST008,Marathahalli Bike Station,12.959376,77.697056,97,53.0,74,100.0,41.7,Peak,Scooter
716,2025-01-10,14:00:00,14,ST012,Rajajinagar Bike Station,12.998325,77.553774,54,59.0,96,56.25,43.0,Normal,EV Bike
745,2025-01-31,09:15:00,9,ST008,Marathahalli Bike Station,12.960417,77.697223,115,43.0,75,100.0,25.5,Peak,EV Bike
307,2025-02-01,19:56:00,19,ST013,Malleshwaram Bike Station,13.004981,77.571135,104,10.0,52,100.0,43.3,Peak,EV Bike
756,2025-09-30,18:34:00,18,ST014,Banashankari Bike Station,12.92426,77.546977,66,31.0,66,100.0,36.7,Peak,Scooter
80,2025-10-10,00:08:00,0,ST010,Jayanagar Bike Station,12.92424,77.592351,21,68.0,83,25.3,15.6,Normal,Scooter
611,2025-12-21,11:04:00,11,ST007,Hebbal Bike Station,13.035784,77.595703,11,5.0,39,28.21,35.5,Normal,EV Bike
115,2025-01-02,10:44:00,10,ST004,Whitefield Bike Station,12.970123,77.749547,50,38.0,82,60.98,37.9,Peak,Scooter
932,2025-10-24,20:57:00,20,ST003,Indiranagar Bike Station,12.979132,77.639446,28,54.0,84,33.33,32.2,Peak,EV Bike
933,2025-11-02,23:14:00,23,ST010,Jayanagar Bike Station,12.924798,77.593989,31,8.0,42,73.81,11.3,Normal,EV Bike
708,2025-02-06,07:17:00,7,ST014,Banashankari Bike Station,12.926577,77.546749,60,25.0,44,100.0,23.0,Normal,EV Bike
768,2025-04-19,05:35:00,5,ST008,Marathahalli Bike Station,12.957862,77.696776,70,59.0,90,77.78,35.3,Normal,EV Bike
196,2025-12-16,12:24:00,12,ST001,MG Road Bike Station,12.9761,77.605826,60,67.0,85,70.59,16.1,Normal,Scooter
261,2025-11-10,13:32:00,13,ST010,Jayanagar Bike Station,12.925106,77.592546,50,50.0,67,74.63,14.7,Normal,EV Bike
171,2025-07-25,12:14:00,12,ST002,Koramangala Bike Station,12.935148,77.625156,11,71.0,111,9.91,35.5,Normal,Scooter
105,2025-02-20,03:13:00,3,ST012,Rajajinagar Bike Station,12.999093,77.554822,46,27.0,65,70.77,19.4,Normal,EV Bike
238,2025-03-18,10:33:00,10,ST005,Electronic City Bike Station,12.84498,77.660806,95,54.0,70,100.0,26.1,Peak,Scooter
33,2025-02-23,06:21:00,6,ST007,Hebbal Bike Station,13.035407,77.597964,36,61.0,88,40.91,13.6,Normal,Scooter
452,2025-03-17,15:02:00,15,ST011,BTM Layout Bike Station,12.917484,77.610792,40,63.0,89,44.94,12.9,Normal,EV Bike
595,2025-07-11,04:37:00,4,ST003,Indiranagar Bike Station,12.978907,77.64226,51,40.0,71,71.83,34.4,Normal,Scooter
49,2025-01-28,13:10:00,13,ST015,JP Nagar Bike Station,12.908687,77.585424,33,,91,36.26,38.3,Normal,Scooter
779,2025-10-21,12:13:00,12,ST013,Malleshwaram Bike Station,13.003382,77.572085,58,44.0,74,78.38,39.6,Normal,Scooter
582,2025-12-25,18:27:00,18,ST008,Marathahalli Bike Station,12.960359,77.698768,61,48.0,58,100.0,19.1,Peak,EV Bike
920,2025-07-27,05:14:00,5,ST001,MG Road Bike Station,12.975671,77.607218,10,62.0,98,10.2,10.3,Normal,Scooter
202,2025-04-26,16:13:00,16,ST006,Yelahanka Bike Station,13.099327,77.596193,38,38.0,82,46.34,27.4,Normal,EV Bike
917,2025-10-18,22:55:00,22,ST015,JP Nagar Bike Station,12.909173,77.584557,45,10.0,25,100.0,36.3,Normal,Scooter
148,2025-03-16,20:29:00,20,ST012,Rajajinagar Bike Station,12.99797,77.555248,27,68.0,95,28.42,26.2,Peak,Scooter
525,2025-10-09,10:49:00,10,ST013,Malleshwaram Bike Station,13.003696,77.57124,104,47.0,62,100.0,32.0,Peak,EV Bike
593,2025-12-24,05:53:00,5,ST014,Banashankari Bike Station,12.924744,77.54635,41,67.0,116,35.34,33.9,Normal,Scooter
61,2025-07-14,15:48:00,15,ST004,Whitefield Bike Station,12.969308,77.751441,14,25.0,53,26.42,43.3,Normal,EV Bike
475,2025-09-03,16:32:00,16,ST015,JP Nagar Bike Station,12.907643,77.585655,31,72.0,94,32.98,29.7,Normal,Scooter
960,2025-03-07,20:21:00,20,ST007,Hebbal Bike Station,13.036047,77.5956,81,77.0,114,71.05,18.1,Peak,EV Bike
417,2025-01-25,09:04:00,9,ST006,Yelahanka Bike Station,13.101384,77.594936,68,19.0,47,100.0,25.1,Peak,Scooter
899,2025-02-24,21:10:00,21,ST005,Electronic City Bike Station,12.844301,77.659794,36,75.0,109,33.03,18.1,Normal,EV Bike
803,2025-05-17,20:18:00,20,ST006,Yelahanka Bike Station,13.10051,77.597556,95,60.0,81,100.0,16.2,Peak,EV Bike
374,2025-08-25,20:22:00,20,ST005,Electronic City Bike Station,12.844959,77.660373,54,48.0,79,68.35,44.0,Peak,Scooter
901,2025-09-19,08:14:00,8,ST009,HSR Layout Bike Station,12.913095,77.638734,81,65.0,94,86.17,22.4,Peak,Scooter
16,2025-07-09,00:48:00,0,ST002, MG Road Bike Station ,12.935239,77.624879,38,30.0,63,60.32,13.4,Normal,Scooter
304,2025-08-22,06:59:00,6,ST012,Rajajinagar Bike Station,12.997736,77.552766,68,32.0,49,100.0,25.2,Normal,Scooter
485,2025-06-25,23:26:00,23,ST004,Whitefield Bike Station,12.968805,77.749216,69,16.0,42,100.0,40.2,Normal,EV Bike
549,2025-06-12,05:50:00,5,ST010,Jayanagar Bike Station,12.924654,77.595255,17,36.0,55,30.91,7.0,Normal,Scooter
293,2025-07-30,04:13:00,4,ST011,BTM Layout Bike Station,12.915938,77.611071,55,74.0,85,64.71,11.8,Normal,Scooter
674,2025-09-22,09:09:00,9,ST002,Koramangala Bike Station,12.935634,77.625271,122,13.0,53,100.0,6.4,Peak,EV Bike
381,2025-08-07,17:11:00,17,ST015,JP Nagar Bike Station,12.909115,77.585514,126,39.0,72,100.0,17.4,Peak,Scooter
232,2025-06-05,21:14:00,21,ST003,Indiranagar Bike Station,12.979471,77.640325,31,30.0,73,42.47,44.5,Normal,Scooter
950,2025-10-10,05:12:00,5,ST008,Marathahalli Bike Station,12.957827,77.697823,60,28.0,43,100.0,10.5,Normal,EV Bike
693,2025-09-09,07:33:00,7,ST006,Yelahanka Bike Station,13.100405,77.596468,67,10.0,23,100.0,18.4,Normal,Scooter
325,2025-11-11,11:24:00,11,ST003,Indiranagar Bike Station,12.978639,77.640449,53,34.0,49,100.0,18.2,Normal,Scooter
114,2025-09-18,09:57:00,9,ST012,Rajajinagar Bike Station,12.997185,77.554923,57,70.0,110,51.82,8.3,Peak,EV Bike
527,2025-03-09,15:39:00,15,ST008,Marathahalli Bike Station,12.958042,77.698598,43,76.0,116,37.07,43.0,Normal,EV Bike
722,2025-04-03,15:10:00,15,ST003,Indiranagar Bike Station,12.979846,77.641631,15,55.0,65,23.08,11.5,Normal,EV Bike
85,2025-04-02,10:56:00,10,ST012,Rajajinagar Bike Station,12.997921,77.554441,32,80.0,97,32.99,43.0,Peak,Scooter
132,2025-11-05,00:11:00,0,ST009,HSR Layout Bike Station,12.911492,77.640247,23,63.0,110,20.91,41.7,Normal,EV Bike
672,2025-12-20,06:39:00,6,ST008,Marathahalli Bike Station,12.958556,77.698868,63,47.0,82,76.83,8.1,Normal,Scooter
490,2025-05-19,09:03:00,9,ST006,Yelahanka Bike Station,13.102168,77.594882,27,34.0,70,38.57,22.5,Peak,Scooter
388,2025-11-16,16:49:00,16,ST005,Electronic City Bike Station,12.844523,77.661496,36,13.0,23,100.0,37.8,Normal,EV Bike
648,2025-07-04,09:08:00,9,ST005,Electronic City Bike Station,12.845077,77.661075,79,34.0,82,96.34,13.9,Peak,EV Bike
482,2025-03-02,16:02:00,16,ST011,BTM Layout Bike Station,12.917047,77.610792,48,64.0,88,54.55,24.0,Normal,Scooter
694,2025-05-29,01:03:00,1,ST002,Koramangala Bike Station,12.935125,77.62584,69,60.0,99,69.7,37.8,Normal,Scooter
566,2025-04-07,04:30:00,4,ST005,Electronic City Bike Station,12.846756,77.661456,44,34.0,67,65.67,19.5,Normal,EV Bike
95,2025-11-23,07:59:00,7,ST007,Hebbal Bike Station,13.034965,77.596991,21,13.0,49,42.86,29.4,Normal,EV Bike
276,2025-05-21,15:07:00,15,ST009,HSR Layout Bike Station,12.910917,77.638312,11,31.0,72,15.28,30.6,Normal,Scooter
736,2025-08-20,21:39:00,21,ST010,Jayanagar Bike Station,12.92633,77.594325,64,53.0,87,73.56,14.9,Normal,EV Bike
239,2025-08-18,09:46:00,9,ST011,BTM Layout Bike Station,12.917684,77.610159,19,50.0,71,26.76,39.5,Peak,EV Bike
663,2025-09-27,18:41:00,18,ST005,Electronic City Bike Station,12.84594,77.661709,91,48.0,72,100.0,38.5,Peak,Scooter
111,2025-02-25,21:16:00,21,ST015,JP Nagar Bike Station,12.907513,77.583535,24,18.0,67,35.82,15.4,Normal,EV Bike
820,2025-07-28,23:03:00,23,ST002,Koramangala Bike Station,12.935402,77.625483,25,18.0,61,40.98,31.9,Normal,Scooter
767,2025-04-24,13:39:00,13,ST003,Indiranagar Bike Station,12.979726,77.640121,47,42.0,66,71.21,38.8,Normal,Scooter
365,2025-11-25,10:31:00,10,ST012,Rajajinagar Bike Station,12.997476,77.553067,100,69.0,79,100.0,26.7,Peak,EV Bike
26,2025-07-26,04:34:00,4,ST005,Electronic City Bike Station,12.844965,77.660392,54,12.0,29,100.0,44.4,Normal,Scooter
51,2025-08-14,10:56:00,10,ST005,Electronic City Bike Station,12.845164,77.661549,25,58.0,96,26.04,32.8,Peak,Scooter
957,2025-09-27,12:39:00,12,ST014,Banashankari Bike Station,12.926336,77.545797,61,22.0,41,100.0,32.4,Normal,EV Bike
425,2025-07-27,16:49:00,16,ST002,Koramangala Bike Station,12.934191,77.623103,62,31.0,56,100.0,33.3,Normal,Scooter
281,2025-09-26,21:15:00,21,ST014,Banashankari Bike Station,12.926408,77.545441,48,77.0,110,43.64,23.3,Normal,EV Bike
684,2025-01-11,03:37:00,3,ST004,Whitefield Bike Station,12.969879,77.749757,52,62.0,104,50.0,15.1,Normal,EV Bike
733,2025-08-22,16:32:00,16,ST011,BTM Layout Bike Station,12.91575,77.608942,63,31.0,59,100.0,28.1,Normal,EV Bike
65,2025-09-14,02:40:00,2,ST013,Malleshwaram Bike Station,13.002085,77.569547,58,17.0,59,98.31,31.1,Normal,EV Bike
641,2025-01-05,10:39:00,10,ST002,Koramangala Bike Station,12.936071,77.625295,34,48.0,83,40.96,18.7,Peak,EV Bike
183,2025-07-07,18:55:00,18,ST015,JP Nagar Bike Station,12.908376,77.5855,41,38.0,49,83.67,28.9,Peak,Scooter
201,2025-03-11,13:19:00,13,ST005,Electronic City Bike Station,12.846711,77.660207,19,40.0,67,28.36,38.5,Normal,Scooter
19,2025-12-30,06:58:00,6,ST009,HSR Layout Bike Station,12.913024,77.639255,70,9.0,48,100.0,38.6,Normal,EV Bike
910,2025-12-03,16:56:00,16,ST002,Koramangala Bike Station,12.936159,77.625945,13,79.0,107,12.15,33.0,Normal,Scooter
300,2025-09-28,00:07:00,0,ST004,Whitefield Bike Station,12.970847,77.750061,57,29.0,60,95.0,8.6,Normal,Scooter
881,2025-06-26,01:35:00,1,ST007,Hebbal Bike Station,13.03483,77.598243,37,27.0,51,72.55,17.4,Normal,Scooter
52,2025-01-21,02:28:00,2,ST008,Marathahalli Bike Station,12.958682,77.696107,33,49.0,95,34.74,8.3,Normal,Scooter
237,2025-06-07,00:39:00,0,ST010,Jayanagar Bike Station,12.925202,77.593534,44,10.0,60,73.33,29.7,Normal,EV Bike
28,2025-01-17,08:11:00,8,ST012,Rajajinagar Bike Station,12.998408,77.553201,52,54.0,79,65.82,11.0,Peak,EV Bike
847,2025-02-12,08:30:00,8,ST013,Malleshwaram Bike Station,13.004302,77.571903,45,25.0,45,100.0,36.9,Peak,EV Bike
409,2025-04-22,09:45:00,9,ST012,Rajajinagar Bike Station,12.997553,77.554521,104,53.0,69,100.0,22.3,Peak,Scooter
781,2025-12-22,21:52:00,21,ST001,MG Road Bike Station,12.975677,77.605518,16,21.0,42,38.1,40.1,Normal,EV Bike
300,2025-09-28,00:07:00,0,ST004,Whitefield Bike Station,12.970847,77.750061,57,29.0,60,95.0,8.6,Normal,Scooter
443,2025-06-17,09:41:00,9,ST003,Indiranagar Bike Station,12.977339,77.640179,57,30.0,45,100.0,36.6,Peak,EV Bike
764,2025-04-17,01:10:00,1,ST005,Electronic City Bike Station,12.844898,77.659062,27,54.0,76,35.53,8.4,Normal,Scooter
637,2025-01-07,20:33:00,20,ST003,Indiranagar Bike Station,12.977953,77.64042,115,46.0,74,100.0,11.9,Peak,EV Bike
574,2025-04-24,01:29:00,1,ST005,Electronic City Bike Station,12.846515,77.660216,19,41.0,61,31.15,26.6,Normal,Scooter
673,2025-03-17,00:22:00,0,ST002,Koramangala Bike Station,12.935752,77.623636,22,51.0,100,22.0,22.0,Normal,Scooter
533,2025-06-30,17:12:00,17,ST004,Whitefield Bike Station,12.970629,77.751401,27,42.0,81,33.33,11.7,Peak,Scooter
271,2025-10-04,10:29:00,10,ST011,BTM Layout Bike Station,12.9166,77.609851,61,12.0,37,100.0,16.6,Peak,Scooter
296,2025-03-08,04:36:00,4,ST007,Hebbal Bike Station,13.035293,77.596613,37,38.0,71,52.11,29.5,Normal,EV Bike
308,2025-03-01,18:39:00,18,ST004,Whitefield Bike Station,12.969752,77.749751,122,56.0,72,100.0,27.6,Peak,Scooter
935,2025-02-09,06:42:00,6,ST005,Electronic City Bike Station,12.846814,77.65922,68,31.0,76,89.47,26.2,Normal,EV Bike
623,2025-08-31,00:29:00,0,ST011,BTM Layout Bike Station,12.917619,77.610337,13,43.0,92,14.13,25.2,Normal,EV Bike
699,2025-01-11,03:34:00,3,ST005,Electronic City Bike Station,12.844134,77.660899,63,42.0,78,80.77,11.3,Normal,EV Bike
316,2025-08-27,06:27:00,6,ST009,HSR Layout Bike Station,12.91041,77.637984,20,17.0,31,64.52,41.7,Normal,Scooter
498,2025-04-15,12:26:00,12,ST014,Banashankari Bike Station,12.924252,77.546299,10,37.0,84,11.9,5.4,Normal,Scooter
468,2025-02-11,11:44:00,11,ST005,Electronic City Bike Station,12.845838,77.659052,10,49.0,85,11.76,42.5,Normal,EV Bike
496,2025-07-11,07:31:00,7,ST015,JP Nagar Bike Station,12.908898,77.585841,51,5.0,48,100.0,20.9,Normal,EV Bike
703,2025-01-06,11:51:00,11,ST003,Indiranagar Bike Station,12.977989,77.640743,48,46.0,80,60.0,23.5,Normal,Scooter
649,2025-03-30,08:54:00,8,ST008,Marathahalli Bike Station,12.960027,77.697998,82,58.0,92,89.13,17.2,Peak,EV Bike
21,2025-11-23,04:08:00,4,ST010,Jayanagar Bike Station,12.925894,77.593317,54,16.0,65,83.08,34.2,Normal,EV Bike
760,2025-10-12,00:03:00,0,ST013,Malleshwaram Bike Station,13.004328,77.57129,59,68.0,92,64.13,34.6,Normal,EV Bike
218,2025-03-22,15:01:00,15,ST004,Whitefield Bike Station,12.970213,77.748541,65,14.0,51,100.0,18.8,Normal,EV Bike
573,2025-07-22,11:14:00,11,ST008,Marathahalli Bike Station,12.957922,77.698008,46,75.0,125,36.8,27.7,Normal,EV Bike
160,2025-11-25,08:36:00,8,ST001,MG Road Bike Station,12.975658,77.605487,118,60.0,98,100.0,43.1,Peak,EV Bike
909,2025-07-15,00:41:00,0,ST008,Marathahalli Bike Station,12.959472,77.696783,70,16.0,30,100.0,20.5,Normal,Scooter
558,2025-06-05,16:13:00,16,ST013,Malleshwaram Bike Station,13.003564,77.569688,18,80.0,120,15.0,8.4,Normal,Scooter
436,2025-07-25,06:08:00,6,ST014,Banashankari Bike Station,12.925743,77.548262,55,76.0,113,48.67,35.4,Normal,EV Bike
406,2025-03-03,03:38:00,3,ST014,Banashankari Bike Station,12.925896,77.547725,20,66.0,88,22.73,14.8,Normal,EV Bike
367,2025-09-02,07:51:00,7,ST001,MG Road Bike Station,12.976723,77.605935,46,62.0,81,56.79,30.3,Normal,Scooter
550,2025-10-18,19:22:00,19,ST011,BTM Layout Bike Station,12.917244,77.608641,41,34.0,57,71.93,33.9,Peak,EV Bike
832,2025-12-31,19:50:00,19,ST002,Koramangala Bike Station,12.936203,77.625281,82,51.0,65,100.0,6.4,Peak,Scooter
941,2025-11-09,18:22:00,18,ST007,Hebbal Bike Station,13.034885,77.597722,104,7.0,44,100.0,28.0,Peak,Scooter
610,2025-06-26,07:11:00,7,ST015,JP Nagar Bike Station,12.908155,77.586057,27,57.0,102,26.47,32.7,Normal,EV Bike
177,2025-01-02,02:06:00,2,ST015,JP Nagar Bike Station,12.909174,77.586388,38,76.0,117,32.48,27.5,Normal,EV Bike
958,2025-11-19,12:49:00,12,ST004,Whitefield Bike Station,12.97053,77.751035,32,16.0,27,100.0,26.0,Normal,Scooter
486,2025-04-07,00:17:00,0,ST009,HSR Layout Bike Station,12.912451,77.638528,29,55.0,66,43.94,12.4,Normal,Scooter
777,2025-03-03,06:56:00,6,ST013,Malleshwaram Bike Station,13.004406,77.571974,53,14.0,39,100.0,28.8,Normal,EV Bike
79,2025-10-16,23:20:00,23,ST013,Malleshwaram Bike Station,13.002199,77.569418,59,41.0,85,69.41,16.5,Normal,EV Bike
100,2025-09-10,20:19:00,20,ST013,Malleshwaram Bike Station,13.002667,77.57088,102,78.0,128,79.69,7.8,Peak,Scooter
324,2025-06-27,21:01:00,21,ST005,Electronic City Bike Station,12.846797,77.658906,55,49.0,72,76.39,25.4,Normal,Scooter
259,2025-07-21,10:11:00,10,ST011,BTM Layout Bike Station,12.918052,77.609487,95,21.0,69,100.0,37.0,Peak,Scooter
625,2025-11-19,09:50:00,9,ST007,Hebbal Bike Station,13.034457,77.596075,43,43.0,66,65.15,32.2,Peak,EV Bike
562,2025-12-27,18:25:00,18,ST003,Indiranagar Bike Station,12.97928,77.640325,43,48.0,83,51.81,35.4,Peak,EV Bike
340,2025-08-01,20:25:00,20,ST003,Indiranagar Bike Station,12.977841,77.639665,63,28.0,72,87.5,23.1,Peak,EV Bike
402,2025-10-08,01:49:00,1,ST015,JP Nagar Bike Station,12.906932,77.586073,23,40.0,67,34.33,29.4,Normal,EV Bike
995,2025-05-27,10:55:00,10,ST013,Malleshwaram Bike Station,13.003273,77.569844,66,74.0,116,56.9,6.7,Peak,Scooter
945,2025-07-28,15:30:00,15,ST015,JP Nagar Bike Station,12.907555,77.58645,55,62.0,76,72.37,13.5,Normal,Scooter
221,2025-11-01,16:42:00,16,ST004,Whitefield Bike Station,12.970679,77.749734,35,49.0,78,44.87,28.3,Normal,EV Bike
447,2025-01-14,20:20:00,20,ST014,Banashankari Bike Station,12.925958,77.547958,45,59.0,78,57.69,7.0,Peak,EV Bike
188,2025-04-22,11:44:00,11,ST008,Marathahalli Bike Station,12.960439,77.696274,33,75.0,96,34.38,40.7,Normal,Scooter
458,2025-10-26,20:52:00,20,ST004,Whitefield Bike Station,12.970286,77.748758,66,52.0,83,79.52,21.0,Peak,EV Bike
608,2025-09-05,21:13:00,21,ST010,Jayanagar Bike Station,12.926215,77.593971,66,58.0,75,88.0,13.5,Normal,EV Bike
206,2025-10-19,15:38:00,15,ST001,MG Road Bike Station,12.97427,77.605792,27,12.0,35,77.14,24.0,Normal,Scooter
983,2025-02-06,18:30:00,18,ST007,Hebbal Bike Station,13.035493,77.597738,126,65.0,113,100.0,36.3,Peak,Scooter
734,2025-12-24,13:11:00,13,ST013,Malleshwaram Bike Station,13.003489,77.570714,21,30.0,67,31.34,35.7,Normal,EV Bike
794,2025-11-13,05:35:00,5,ST004,Whitefield Bike Station,12.96891,77.751294,12,49.0,70,17.14,32.0,Normal,EV Bike
818,2025-09-22,12:34:00,12,ST011,BTM Layout Bike Station,12.91558,77.608623,41,56.0,71,57.75,35.8,Normal,EV Bike
366,2025-10-03,21:52:00,21,ST008,Marathahalli Bike Station,12.958339,77.696008,49,58.0,89,55.06,21.3,Normal,EV Bike
630,2025-07-12,17:22:00,17,ST010,Jayanagar Bike Station,12.925968,77.593082,97,27.0,41,100.0,34.0,Peak,Scooter
850,2025-07-21,16:49:00,16,ST001,MG Road Bike Station,12.975437,77.608028,64,48.0,83,77.11,27.0,Normal,EV Bike
793,2025-09-11,19:46:00,19,ST004,Whitefield Bike Station,12.968797,77.750862,81,58.0,85,95.29,28.1,Peak,Scooter
759,2025-08-14,03:13:00,3,ST001,MG Road Bike Station,12.975869,77.606567,38,39.0,84,45.24,28.4,Normal,EV Bike
638,2025-10-11,07:52:00,7,ST015,JP Nagar Bike Station,12.908411,77.584423,23,72.0,109,21.1,32.7,Normal,Scooter
588,2025-11-26,05:49:00,5,ST006,Yelahanka Bike Station,13.100065,77.597548,15,66.0,115,13.04,39.8,Normal,EV Bike
230,2025-04-06,22:18:00,22,ST002,Koramangala Bike Station,12.936101,77.625526,65,53.0,65,100.0,8.0,Normal,EV Bike
451,2025-02-17,07:58:00,7,ST008,Marathahalli Bike Station,12.958463,77.696746,52,60.0,92,56.52,16.0,Normal,EV Bike
908,2025-01-07,07:39:00,7,ST005,Electronic City Bike Station,12.844651,77.661655,45,22.0,58,77.59,43.0,Normal,Scooter
657,2025-09-08,11:27:00,11,ST011,BTM Layout Bike Station,12.915335,77.611554,53,61.0,96,55.21,22.0,Normal,EV Bike
513,2025-01-15,22:29:00,22,ST004,Whitefield Bike Station,12.968705,77.749808,66,53.0,85,77.65,12.3,Normal,EV Bike
778,2025-10-27,14:41:00,14,ST007,Hebbal Bike Station,13.036809,77.595898,24,20.0,39,61.54,28.5,Normal,EV Bike
369,2025-06-04,06:19:00,6,ST012,Rajajinagar Bike Station,12.997936,77.553748,47,55.0,88,53.41,30.7,Normal,Scooter
714,2025-10-16,14:47:00,14,ST002,Koramangala Bike Station,12.935369,77.623576,60,43.0,85,70.59,22.6,Normal,Scooter
287,2025-11-16,04:22:00,4,ST010,Jayanagar Bike Station,12.926279,77.593882,40,32.0,46,86.96,26.4,Normal,EV Bike
906,2025-10-06,15:44:00,15,ST008,Marathahalli Bike Station,12.959569,77.696116,11,63.0,81,13.58,22.8,Normal,Scooter
63,2025-01-17,22:51:00,22,ST007,Hebbal Bike Station,13.036467,77.598294,20,58.0,101,19.8,40.3,Normal,EV Bike
92,2025-07-04,01:11:00,1,ST002,Koramangala Bike Station,12.936033,77.624481,18,78.0,122,14.75,38.2,Normal,EV Bike
82,2025-05-22,18:36:00,18,ST015,JP Nagar Bike Station,12.907987,77.586141,84,57.0,107,78.5,29.7,Peak,Scooter
467,2025-05-19,13:31:00,13,ST014,Banashankari Bike Station,12.925942,77.547263,10,59.0,94,10.64,41.2,Normal,Scooter
104,2025-07-14,17:47:00,17,ST006,Yelahanka Bike Station,13.100477,77.59541,77,77.0,126,61.11,38.4,Peak,Scooter
152,2025-10-21,19:12:00,19,ST009,HSR Layout Bike Station,12.910387,77.638672,81,42.0,67,100.0,12.3,Peak,EV Bike
937,2025-03-14,18:58:00,18,ST006,Yelahanka Bike Station,13.100693,77.596437,75,46.0,62,100.0,34.7,Peak,Scooter
56,2025-02-01,00:48:00,0,ST007,Hebbal Bike Station,13.035006,77.596492,29,52.0,74,39.19,11.8,Normal,Scooter
73,2025-06-25,15:00:00,15,ST012,Rajajinagar Bike Station,12.998704,77.553147,46,35.0,65,70.77,22.8,Normal,Scooter
368,2025-01-07,05:29:00,5,ST010,Jayanagar Bike Station,12.923599,77.594738,29,38.0,49,59.18,37.3,Normal,EV Bike
110,2025-08-09,22:07:00,22,ST013,Malleshwaram Bike Station,13.004385,77.571171,10,74.0,124,8.06,16.5,Normal,Scooter
75,2025-10-06,09:52:00,9,ST009,HSR Layout Bike Station,12.911164,77.63816,30,63.0,90,33.33,14.8,Peak,Scooter
689,2025-06-20,15:17:00,15,ST002,Koramangala Bike Station,12.936012,77.623218,38,75.0,94,40.43,41.3,Normal,Scooter
714,2025-10-16,14:47:00,14,ST002,Koramangala Bike Station,12.935369,77.623576,60,43.0,85,70.59,22.6,Normal,Scooter
394,2025-05-23,16:59:00,16,ST002,Koramangala Bike Station,12.935035,77.624495,36,56.0,91,39.56,21.3,Normal,Scooter
531,2025-09-16,01:09:00,1,ST015,JP Nagar Bike Station,12.908247,77.585411,17,23.0,68,25.0,12.2,Normal,EV Bike
317,2025-12-17,14:47:00,14,ST009,HSR Layout Bike Station,12.911265,77.640384,17,46.0,66,25.76,44.3,Normal,EV Bike
302,2025-11-12,01:05:00,1,ST006,Yelahanka Bike Station,13.101324,77.596322,28,42.0,89,31.46,23.5,Normal,EV Bike
875,2025-05-02,16:02:00,16,ST014,Banashankari Bike Station,12.926819,77.546563,50,53.0,80,62.5,37.9,Normal,Scooter
772,2025-03-31,08:24:00,8,ST001,MG Road Bike Station,12.976259,77.605619,88,35.0,52,100.0,9.1,Peak,Scooter
688,2025-04-20,03:46:00,3,ST013,Malleshwaram Bike Station,13.004471,77.571662,36,34.0,84,42.86,30.9,Normal,EV Bike
744,2025-08-07,23:13:00,23,ST005,Electronic City Bike Station,12.846935,77.658886,42,32.0,61,68.85,33.2,Normal,EV Bike
171,2025-07-25,12:14:00,12,ST002,Koramangala Bike Station,12.935148,77.625156,11,71.0,111,9.91,35.5,Normal,Scooter
88,2025-01-30,17:38:00,17,ST014,Banashankari Bike Station,12.925128,77.548204,59,73.0,119,49.58,21.9,Peak,Scooter
384,2025-06-13,06:32:00,6,ST007,Hebbal Bike Station,13.037174,77.597773,18,71.0,99,18.18,35.7,Normal,EV Bike
483,2025-05-30,20:21:00,20,ST001,MG Road Bike Station,12.974895,77.606473,113,41.0,71,100.0,39.5,Peak,EV Bike
567,2025-01-07,19:33:00,19,ST011,BTM Layout Bike Station,12.916111,77.610838,109,50.0,73,100.0,37.6,Peak,EV Bike
700,2025-01-08,21:23:00,21,ST013,Malleshwaram Bike Station,13.003659,77.570354,48,14.0,64,75.0,22.5,Normal,EV Bike
378,2025-01-27,15:53:00,15,ST006,Yelahanka Bike Station,13.102191,77.595917,50,67.0,99,50.51,24.5,Normal,EV Bike
350,2025-02-17,06:21:00,6,ST010,Jayanagar Bike Station,12.925806,77.593213,69,47.0,88,78.41,7.6,Normal,Scooter
790,2025-02-03,08:25:00,8,ST006,Yelahanka Bike Station,13.101109,77.596529,34,40.0,59,57.63,19.0,Peak,EV Bike
382,2025-07-10,10:29:00,10,ST006,Yelahanka Bike Station,13.101372,77.595412,46,51.0,62,74.19,16.2,Peak,Scooter
806,2025-02-07,10:52:00,10,ST010,Jayanagar Bike Station,12.925868,77.59266,115,62.0,93,100.0,42.5,Peak,EV Bike
327,2025-12-29,20:11:00,20,ST012,Rajajinagar Bike Station,12.999612,77.554829,113,70.0,100,100.0,44.0,Peak,Scooter
620,2025-11-26,09:36:00,9,ST003,Indiranagar Bike Station,12.978574,77.641334,108,73.0,83,100.0,34.9,Peak,Scooter
224,2025-10-18,13:07:00,13,ST006,Yelahanka Bike Station,13.100425,77.59558,62,35.0,65,95.38,29.2,Normal,Scooter
349,2025-07-30,08:33:00,8,ST004,Whitefield Bike Station,12.969155,77.74989,81,26.0,70,100.0,22.4,Peak,EV Bike
589,2025-11-07,15:58:00,15,ST002,Koramangala Bike Station,12.934718,77.625697,30,35.0,50,60.0,38.4,Normal,EV Bike
471,2025-07-17,10:57:00,10,ST008,Marathahalli Bike Station,12.960337,77.695971,111,40.0,80,100.0,36.5,Peak,Scooter
208,2025-12-05,12:14:00,12,ST001,MG Road Bike Station,12.97583,77.607844,31,73.0,105,29.52,24.0,Normal,Scooter
119,2025-02-14,18:06:00,18,ST002,Koramangala Bike Station,12.934791,77.623747,25,7.0,20,100.0,35.8,Peak,EV Bike
952,2025-05-02,17:55:00,17,ST011,BTM Layout Bike Station,12.916604,77.611472,79,50.0,69,100.0,12.5,Peak,EV Bike
930,2025-03-12,20:56:00,20,ST007,Hebbal Bike Station,13.037209,77.596351,48,16.0,29,100.0,37.0,Peak,EV Bike
9,2025-03-02,23:04:00,23,ST014,Banashankari Bike Station,12.924421,77.545836,55,63.0,113,48.67,36.7,Normal,Scooter
39,2025-03-29,08:42:00,8,ST001,MG Road Bike Station,12.974479,77.607266,111,25.0,68,100.0,26.2,Peak,EV Bike
253,2025-06-16,20:45:00,20,ST005,Electronic City Bike Station,12.845763,77.660097,100,33.0,74,100.0,40.8,Peak,Scooter
785,2025-04-24,16:50:00,16,ST014,Banashankari Bike Station,12.924447,77.548111,39,13.0,45,86.67,32.0,Normal,Scooter
999,2025-03-10,13:05:00,13,ST007,Hebbal Bike Station,13.03725,77.596219,39,52.0,101,38.61,28.1,Normal,EV Bike
856,2025-01-13,10:50:00,10,ST008,Marathahalli Bike Station,12.959421,77.696462,90,16.0,26,100.0,14.3,Peak,Scooter
747,2025-03-27,18:12:00,18,ST005,Electronic City Bike Station,12.846939,77.659623,104,6.0,56,100.0,23.5,Peak,Scooter
499,2025-01-11,00:28:00,0,ST011,BTM Layout Bike Station,12.916019,77.610251,39,50.0,60,65.0,27.8,Normal,EV Bike
228,2025-09-13,19:17:00,19,ST002,Koramangala Bike Station,12.936226,77.624055,45,20.0,37,100.0,24.2,Peak,EV Bike
724,2025-09-20,23:36:00,23,ST007,Hebbal Bike Station,13.035491,77.596885,67,69.0,92,72.83,37.9,Normal,EV Bike
166,2025-02-05,08:04:00,8,ST005,Electronic City Bike Station,12.84555,77.659474,77,52.0,67,100.0,6.4,Peak,Scooter
169,2025-03-22,04:51:00,4,ST008,Marathahalli Bike Station,12.958895,77.696689,66,53.0,68,97.06,13.1,Normal,EV Bike
142,2025-09-15,01:54:00,1,ST010,Jayanagar Bike Station,12.924649,77.593702,60,27.0,38,100.0,39.7,Normal,Scooter
727,2025-08-27,18:44:00,18,ST005,Electronic City Bike Station,12.846744,77.661007,126,32.0,63,100.0,44.6,Peak,EV Bike
282,2025-12-08,10:35:00,10,ST005,Electronic City Bike Station,12.845898,77.65934,91,52.0,68,100.0,43.6,Peak,EV Bike
7,2025-12-01,19:25:00,19,ST015,JP Nagar Bike Station,12.908832,77.585031,72,26.0,67,100.0,39.7,Peak,EV Bike
510,2025-02-13,05:31:00,5,ST010,Jayanagar Bike Station,12.923676,77.592619,53,22.0,49,100.0,17.2,Normal,Scooter
331,2025-02-13,17:23:00,17,ST002,Koramangala Bike Station,12.936112,77.624904,84,15.0,37,100.0,33.0,Peak,EV Bike
975,2025-11-22,02:52:00,2,ST012,Rajajinagar Bike Station,12.999997,77.553564,37,66.0,98,37.76,33.1,Normal,Scooter
800,2025-07-08,12:22:00,12,ST014,Banashankari Bike Station,12.926669,77.545391,15,36.0,84,17.86,13.3,Normal,Scooter
987,2025-04-02,18:45:00,18,ST002,Koramangala Bike Station,12.93621,77.624648,126,9.0,49,100.0,39.4,Peak,Scooter
502,2025-07-13,14:09:00,14,ST001,MG Road Bike Station,12.975643,77.606922,58,11.0,32,100.0,35.2,Normal,Scooter
493,2025-01-13,13:47:00,13,ST006,Yelahanka Bike Station,13.101197,77.595784,68,73.0,101,67.33,36.5,Normal,EV Bike
804,2025-01-25,03:11:00,3,ST006,Yelahanka Bike Station,13.099475,77.594964,62,73.0,105,59.05,15.8,Normal,Scooter
1,2025-04-10,18:24:00,18,ST010,Jayanagar Bike Station,12.923646,77.593811,124,50.0,89,100.0,29.1,Peak,Scooter
154,2025-06-22,20:10:00,20,ST001,MG Road Bike Station,12.975401,77.605273,115,71.0,120,95.83,13.7,Peak,Scooter
359,2025-10-06,22:34:00,22,ST001,MG Road Bike Station,12.975074,77.607378,48,21.0,59,81.36,19.5,Normal,EV Bike
258,2025-10-27,00:30:00,0,ST002,Koramangala Bike Station,12.93467,77.623902,49,67.0,86,56.98,37.2,Normal,EV Bike
997,2025-01-15,02:52:00,2,ST013,Malleshwaram Bike Station,13.00387,77.570263,57,16.0,44,100.0,23.1,Normal,EV Bike
585,2025-09-09,04:24:00,4,ST001,MG Road Bike Station,12.974235,77.605905,32,72.0,83,38.55,18.8,Normal,EV Bike
947,2025-11-04,17:45:00,17,ST014,Banashankari Bike Station,12.924957,77.546107,75,22.0,70,100.0,16.7,Peak,EV Bike
651,2025-08-31,12:56:00,12,ST003,Indiranagar Bike Station,12.979401,77.640728,69,49.0,80,86.25,12.2,Normal,Scooter
114,2025-09-18,09:57:00,9,ST012,Rajajinagar Bike Station,12.997185,77.554923,57,70.0,110,51.82,8.3,Peak,EV Bike
11,2025-01-30,06:34:00,6,ST008,Marathahalli Bike Station,12.95854,77.696362,27,46.0,61,44.26,23.6,Normal,Scooter
605,2025-06-12,03:35:00,3,ST006,Yelahanka Bike Station,13.101439,77.595966,33,63.0,111,29.73,28.6,Normal,Scooter
537,2025-01-21,02:29:00,2,ST001,MG Road Bike Station,12.975489,77.607592,60,19.0,62,96.77,17.2,Normal,Scooter
45,2025-03-22,22:32:00,22,ST013,Malleshwaram Bike Station,13.003133,77.570683,68,23.0,33,100.0,38.0,Normal,EV Bike
894,2025-03-01,22:56:00,22,ST011,BTM Layout Bike Station,12.915724,77.609942,64,53.0,67,95.52,43.1,Normal,EV Bike
835,2025-02-24,15:45:00,15,ST005,Electronic City Bike Station,12.846681,77.660558,62,68.0,89,69.66,8.4,Normal,Scooter
631,2025-02-05,00:26:00,0,ST009,HSR Layout Bike Station,12.910302,77.63991,40,76.0,87,45.98,21.7,Normal,EV Bike
242,2025-06-25,20:44:00,20,ST011,BTM Layout Bike Station,12.915974,77.611527,109,27.0,48,100.0,10.0,Peak,EV Bike
786,2025-12-11,16:33:00,16,ST009,HSR Layout Bike Station,12.911844,77.639737,33,34.0,68,48.53,38.2,Normal,EV Bike
532,2025-11-25,22:28:00,22,ST014,Banashankari Bike Station,12.924022,77.545414,20,71.0,84,23.81,42.3,Normal,Scooter
130,2025-12-05,11:27:00,11,ST012,Rajajinagar Bike Station,12.997212,77.553433,15,60.0,104,14.42,41.9,Normal,Scooter
808,2025-02-17,03:46:00,3,ST014,Banashankari Bike Station,12.92563,77.546476,24,66.0,107,22.43,14.1,Normal,EV Bike
233,2025-05-30,01:04:00,1,ST001,MG Road Bike Station,12.976161,77.608037,31,60.0,85,36.47,19.4,Normal,EV Bike
791,2025-12-02,00:13:00,0,ST008,Marathahalli Bike Station,12.95973,77.697795,28,46.0,71,39.44,26.8,Normal,EV Bike
250,2025-12-04,18:55:00,18,ST007,Hebbal Bike Station,13.036041,77.597786,77,78.0,124,62.1,43.0,Peak,Scooter
963,2025-04-11,16:23:00,16,ST015,JP Nagar Bike Station,12.907645,77.583828,65,79.0,97,67.01,39.6,Normal,EV Bike
716,2025-01-10,14:00:00,14,ST012,Rajajinagar Bike Station,12.998325,77.553774,54,59.0,96,56.25,43.0,Normal,EV Bike
176,2025-02-08,00:23:00,0,ST011,BTM Layout Bike Station,12.916612,77.609031,23,27.0,51,45.1,19.3,Normal,EV Bike
708,2025-02-06,07:17:00,7,ST014,Banashankari Bike Station,12.926577,77.546749,60,25.0,44,100.0,23.0,Normal,EV Bike
10,2025-03-13,02:46:00,2,ST015,JP Nagar Bike Station,12.907425,77.583679,19,44.0,75,25.33,27.0,Normal,Scooter
20,2025-08-20,22:46:00,22,ST007,Hebbal Bike Station,13.036541,77.598073,27,23.0,64,42.19,7.5,Normal,Scooter
577,2025-11-30,12:22:00,12,ST002,Koramangala Bike Station,12.934745,77.624891,35,8.0,34,100.0,7.1,Normal,Scooter
423,2025-08-05,14:48:00,14,ST014,Banashankari Bike Station,12.925093,77.547583,14,41.0,54,25.93,12.8,Normal,Scooter
292,2025-04-24,22:20:00,22,ST001,MG Road Bike Station,12.976907,77.607834,45,80.0,111,40.54,31.6,Normal,Scooter
655,2025-09-04,17:59:00,17,ST015,JP Nagar Bike Station,12.907053,77.584362,28,21.0,45,62.22,10.3,Peak,EV Bike
227,2025-07-15,03:55:00,3,ST005,Electronic City Bike Station,12.845946,77.661589,34,28.0,73,46.58,13.0,Normal,Scooter
617,2025-10-08,14:27:00,14,ST011,BTM Layout Bike Station,12.915943,77.608707,13,24.0,34,38.24,9.5,Normal,Scooter
524,2025-03-25,10:06:00,10,ST015,JP Nagar Bike Station,12.907237,77.586377,37,71.0,115,32.17,18.7,Peak,Scooter
383,2025-05-08,23:12:00,23,ST008,Marathahalli Bike Station,12.958038,77.697523,27,54.0,65,41.54,38.7,Normal,EV Bike
704,2025-10-24,01:59:00,1,ST004,Whitefield Bike Station,12.970647,77.75006,49,54.0,88,55.68,23.5,Normal,Scooter
989,2025-06-06,11:11:00,11,ST011,BTM Layout Bike Station,12.916156,77.608924,16,71.0,121,13.22,22.7,Normal,Scooter
94,2025-12-26,05:25:00,5,ST002,Koramangala Bike Station,12.935342,77.623596,44,44.0,86,51.16,37.9,Normal,Scooter
613,2025-02-15,22:41:00,22,ST006,Yelahanka Bike Station,13.100024,77.596093,69,36.0,70,98.57,34.2,Normal,EV Bike
991,2025-03-27,09:12:00,9,ST001,MG Road Bike Station,12.975515,77.606032,34,21.0,50,68.0,27.8,Peak,EV Bike
696,2025-08-30,05:34:00,5,ST001,MG Road Bike Station,12.974415,77.607606,23,19.0,47,48.94,31.5,Normal,Scooter
248,2025-07-28,17:48:00,17,ST003,Indiranagar Bike Station,12.977457,77.641564,30,62.0,92,32.61,34.5,Peak,Scooter
923,2025-07-30,05:56:00,5,ST007,Hebbal Bike Station,13.035349,77.596864,15,11.0,44,34.09,31.6,Normal,EV Bike
71,2025-12-29,21:08:00,21,ST011,BTM Layout Bike Station,12.917004,77.610481,60,55.0,83,72.29,35.8,Normal,EV Bike
299,2025-02-08,14:14:00,14,ST003,Indiranagar Bike Station,12.977858,77.640722,43,9.0,44,97.73,27.2,Normal,EV Bike
743,2025-12-07,21:04:00,21,ST006,Yelahanka Bike Station,13.100894,77.597433,44,25.0,40,100.0,17.4,Normal,EV Bike
678,2025-04-01,07:58:00,7,ST007,Hebbal Bike Station,13.036155,77.597679,52,55.0,76,68.42,21.2,Normal,EV Bike
807,2025-08-06,07:08:00,7,ST003,Indiranagar Bike Station,12.978972,77.639329,33,54.0,69,47.83,14.3,Normal,EV Bike
547,2025-03-28,05:03:00,5,ST014,Banashankari Bike Station,12.92479,77.545721,42,68.0,83,50.6,38.2,Normal,Scooter
377,2025-07-28,02:03:00,2,ST010,Jayanagar Bike Station,12.924288,77.592937,15,61.0,107,14.02,36.7,Normal,Scooter
711,2025-02-09,22:45:00,22,ST011,BTM Layout Bike Station,12.917979,77.610551,10,54.0,98,10.2,15.3,Normal,Scooter
278,2025-04-01,00:39:00,0,ST004,Whitefield Bike Station,12.971233,77.751326,43,42.0,78,55.13,32.4,Normal,EV Bike
992,2025-12-18,09:43:00,9,ST010,Jayanagar Bike Station,12.924818,77.594237,43,78.0,110,39.09,43.9,Peak,Scooter
529,2025-03-07,03:36:00,3,ST003,Indiranagar Bike Station,12.978599,77.640861,66,64.0,76,86.84,15.1,Normal,Scooter
885,2025-03-04,13:02:00,13,ST007,Hebbal Bike Station,13.035109,77.597055,27,12.0,54,50.0,28.3,Normal,Scooter
491,2025-07-04,07:01:00,7,ST007,Hebbal Bike Station,13.034906,77.596893,38,51.0,75,50.67,42.6,Normal,EV Bike
393,2025-02-23,07:49:00,7,ST011,BTM Layout Bike Station,12.916836,77.609384,17,51.0,82,20.73,41.5,Normal,EV Bike
896,2025-06-13,22:05:00,22,ST006,Yelahanka Bike Station,13.102066,77.595769,33,21.0,68,48.53,14.3,Normal,Scooter
705,2025-05-21,10:50:00,10,ST010,Jayanagar Bike Station,12.923746,77.593909,82,30.0,63,100.0,35.3,Peak,Scooter
84,2025-02-18,00:53:00,0,ST013,Malleshwaram Bike Station,13.002954,77.571707,27,60.0,100,27.0,32.9,Normal,Scooter
581,2025-07-14,06:39:00,6,ST010,Jayanagar Bike Station,12.92639,77.594563,34,41.0,54,62.96,29.1,Normal,EV Bike
773,2025-03-17,06:11:00,6,ST007,Hebbal Bike Station,13.036141,77.596147,29,38.0,54,53.7,16.6,Normal,EV Bike
454,2025-07-08,02:13:00,2,ST014,Banashankari Bike Station,12.925455,77.545304,63,77.0,94,67.02,39.6,Normal,Scooter
470,2025-07-26,11:08:00,11,ST008,Marathahalli Bike Station,12.958136,77.697268,46,80.0,123,37.4,35.8,Normal,Scooter
534,2025-02-23,13:17:00,13,ST007,Hebbal Bike Station,13.034572,77.59638,33,7.0,23,100.0,36.1,Normal,EV Bike
656,2025-08-09,04:10:00,4,ST002,Koramangala Bike Station,12.934632,77.624343,56,18.0,53,100.0,34.7,Normal,EV Bike
185,2025-12-22,09:44:00,9,ST012,Rajajinagar Bike Station,12.998763,77.553199,34,13.0,57,59.65,15.4,Peak,EV Bike
506,2025-11-08,06:09:00,6,ST003,Indiranagar Bike Station,12.979185,77.641225,28,68.0,103,27.18,20.3,Normal,Scooter
761,2025-10-09,15:51:00,15,ST007,Hebbal Bike Station,13.036774,77.597648,61,42.0,88,69.32,9.6,Normal,Scooter
725,2025-03-20,20:25:00,20,ST010,Jayanagar Bike Station,12.925472,77.592357,109,64.0,102,100.0,18.7,Peak,EV Bike
363,2025-08-23,06:56:00,6,ST005,Electronic City Bike Station,12.846837,77.660136,46,65.0,88,52.27,40.5,Normal,Scooter
461,2025-07-23,01:37:00,1,ST008,Marathahalli Bike Station,12.960199,77.697963,63,61.0,105,60.0,27.5,Normal,Scooter
290,2025-11-10,08:43:00,8,ST003,Indiranagar Bike Station,12.979375,77.642098,70,53.0,73,95.89,31.5,Peak,EV Bike
813,2025-03-01,10:12:00,10,ST006,Yelahanka Bike Station,13.099375,77.596139,68,79.0,122,55.74,17.9,Peak,EV Bike
712,2025-09-14,23:32:00,23,ST006,Yelahanka Bike Station,13.10181,77.595026,50,78.0,91,54.95,16.6,Normal,EV Bike
982,2025-10-19,06:13:00,6,ST011,BTM Layout Bike Station,12.917762,77.609933,28,55.0,86,32.56,17.4,Normal,Scooter
180,2025-08-01,23:21:00,23,ST010,Jayanagar Bike Station,12.924626,77.592775,50,48.0,77,64.94,37.0,Normal,Scooter
64,2025-04-10,16:30:00,16,ST003,Indiranagar Bike Station,12.97817,77.640441,15,54.0,73,20.55,37.8,Normal,Scooter
97,2025-05-20,21:29:00,21,ST006,Yelahanka Bike Station,13.100707,77.595393,41,71.0,97,42.27,35.3,Normal,Scooter
106,2025-11-10,11:05:00,11,ST003,Indiranagar Bike Station,12.977728,77.641091,16,62.0,96,16.67,33.6,Normal,EV Bike
730,2025-07-03,09:00:00,9,ST007,Hebbal Bike Station,13.036859,77.597887,111,66.0,112,99.11,6.2,Peak,Scooter
