Timestamp,Latitude,Longitude,Vehicle_Count,Traffic_Speed_kmh,Road_Occupancy_Pct,Traffic_Light_State,Accident_Report,Sentiment_Score,Ride_Sharing_Demand,Parking_Availability,Emission_Levels_g_km,Energy_Consumption_L_h,Traffic_Condition
01-03-2024 00:00,40.84227529,-73.70314869,205,49.8934348,82.65277993,Yellow,0,-0.60919909,2,45,450.7600551,19.57433653,High
01-03-2024 00:05,40.8311194,-73.98735409,202,22.38396487,45.8292978,Green,0,0.96544237,16,1,321.8003405,5.385553512,High
01-03-2024 00:10,40.81954876,-73.73246186,252,46.88969944,82.7724648,Green,0,0.289660316,16,49,231.1526548,10.27747749,High
01-03-2024 00:15,40.72584888,-73.98013411,37,5.730536423,37.69556744,Red,0,-0.271964738,66,10,410.3842921,29.24327945,High
01-03-2024 00:20,40.81326468,-73.96163054,64,61.34803436,22.31335795,Red,0,-0.797605617,3,5,364.4663417,16.80145876,Low
01-03-2024 00:25,40.64111175,-73.82509534,125,9.150745621,72.79990343,Green,0,-0.594636326,78,27,349.0453075,29.80584194,High
01-03-2024 00:30,40.7971386,-73.79744494,125,9.162774286,34.18201801,Green,0,0.544283849,21,42,363.745931,18.89057868,High
01-03-2024 00:35,40.81236202,-73.80175125,130,40.9936224,40.42793232,Yellow,0,0.744057889,92,22,82.19081477,12.11757313,Medium
01-03-2024 00:40,40.71700628,-73.78956237,67,73.90533684,80.60737469,Green,0,-0.439931005,27,4,477.23242,17.22367898,High
01-03-2024 00:45,40.87236438,-73.74021,12,65.53559165,47.11495675,Green,0,0.566600696,28,8,56.86540356,13.04474291,Low
01-03-2024 00:50,40.72249549,-73.83021193,117,60.48137718,56.00173845,Green,0,0.666465707,77,39,295.9050841,18.44697863,Medium
01-03-2024 00:55,40.79353376,-73.98380906,12,38.7398743,69.65316331,Green,0,0.714162384,14,2,179.5558805,22.22665355,Medium
01-03-2024 01:00,40.89474427,-73.74201043,97,61.94792468,17.32821125,Red,0,-0.41602953,70,12,157.0058131,7.226278361,Low
01-03-2024 01:05,40.82852825,-73.74094204,265,64.42220656,94.97458763,Yellow,0,-0.509843381,72,24,323.5250253,16.80828751,High
01-03-2024 01:10,40.64996314,-73.96601803,187,24.43589569,47.48922186,Red,0,0.362368388,83,36,351.410217,7.264291397,Medium
01-03-2024 01:15,40.84620305,-73.8822499,139,21.67302311,45.85708774,Red,0,0.731100406,25,8,421.7381674,7.129836673,Medium
01-03-2024 01:20,40.73533093,-73.92847504,298,39.81468027,73.00334765,Green,0,0.302029313,34,39,108.9747813,20.30003675,High
01-03-2024 01:25,40.65288136,-73.84149223,168,71.17270014,90.33113551,Red,0,-0.187133369,33,6,122.327947,29.55137,High
01-03-2024 01:30,40.75553085,-73.80884497,188,50.22358936,85.22206471,Yellow,0,-0.770141818,35,47,391.9104429,11.8229783,High
01-03-2024 01:35,40.72540505,-73.98032961,176,19.51636299,89.38515987,Green,0,0.386515378,80,10,106.8701081,18.44268949,High
01-03-2024 01:40,40.76204205,-73.79413576,38,60.81684312,48.55435921,Red,0,0.215513476,25,39,182.0765861,18.18805238,Low
01-03-2024 01:45,40.8682167,-73.97079465,113,36.09859482,82.04990255,Green,0,-0.765305119,32,7,470.3349269,8.3046401,High
01-03-2024 01:50,40.76353774,-73.74218839,56,57.38454322,24.76400019,Green,0,-0.889188305,35,34,263.2759893,20.71872311,Low
01-03-2024 01:55,40.86608116,-73.96230427,114,79.99755568,25.02061512,Yellow,0,0.552604021,95,10,192.1099167,7.232791421,Medium
01-03-2024 02:00,40.86982813,-73.81569064,17,71.09147218,78.95197163,Yellow,0,0.190827749,91,2,234.0963555,20.24696729,Medium
01-03-2024 02:05,40.63173934,-73.80265008,80,47.49605859,63.05449092,Red,0,-0.559157011,42,27,351.9970574,16.22270824,Medium
01-03-2024 02:10,40.82747193,-73.730758,231,26.9155953,24.62641256,Yellow,0,-0.248171216,90,37,377.4466868,29.47099974,High
01-03-2024 02:15,40.79104281,-73.97259663,175,74.60523206,92.46344884,Red,0,-0.013383939,68,21,101.3861145,9.823282794,High
01-03-2024 02:20,40.65820559,-73.76058947,188,15.56714847,54.77980321,Green,0,0.25269721,33,48,369.7603455,28.73289816,High
01-03-2024 02:25,40.67393408,-73.90893909,167,48.5824889,39.12002347,Green,0,0.787989239,79,23,300.3471901,17.97192721,Medium
01-03-2024 02:30,40.8945176,-73.79768763,91,77.6258624,39.7248796,Yellow,0,6.70E-06,71,13,242.8719175,15.70433172,Low
01-03-2024 02:35,40.73719674,-73.90429715,232,31.17867378,92.06030033,Green,0,-0.252548277,92,26,442.5890998,29.06214272,High
01-03-2024 02:40,40.71339651,-73.85200896,218,54.07900288,52.49588574,Red,0,-0.65012683,71,7,179.6482814,5.92647407,High
01-03-2024 02:45,40.68747297,-73.9956266,178,45.11380836,40.98205382,Red,0,0.497610069,87,8,103.7934779,22.51005713,Medium
01-03-2024 02:50,40.65934012,-73.94228395,184,55.88293041,39.04751331,Yellow,0,-0.536062208,80,1,151.1046285,27.42719042,Medium
01-03-2024 02:55,40.69047374,-73.97280139,57,78.34660845,10.34383671,Red,1,0.38695272,65,34,427.3933685,11.74513769,High
01-03-2024 03:00,40.8773613,-73.72960085,52,72.67421356,82.63390704,Green,0,0.709341101,40,48,131.1807333,21.29749814,High
01-03-2024 03:05,40.82978328,-73.8114801,167,25.97242405,73.09278634,Green,0,-0.576236485,73,11,362.1701083,14.64284589,Medium
01-03-2024 03:10,40.60993112,-73.90914507,197,75.04964466,80.57636223,Green,0,0.071365132,17,33,144.4690101,6.467794259,High
01-03-2024 03:15,40.76596812,-73.95106572,120,28.45428068,88.91625854,Red,1,-0.1202627,73,41,388.6328016,17.31470752,High
01-03-2024 03:20,40.72140397,-73.82165453,100,27.52047327,65.04610037,Red,0,-0.446990048,3,25,72.31613698,16.94827634,Medium
01-03-2024 03:25,40.69008545,-73.83530904,287,52.86087348,36.13426325,Green,0,-0.545068225,90,25,100.6088451,21.22748639,High
01-03-2024 03:30,40.74125197,-73.98342339,69,38.21844785,74.93906729,Green,0,-0.92059665,2,9,397.9887355,16.98513902,Medium
01-03-2024 03:35,40.66698963,-73.81812961,145,41.96284794,39.80280635,Yellow,0,-0.547175667,3,34,204.1390197,22.39418714,Medium
01-03-2024 03:40,40.6469435,-73.71582238,284,7.029178891,98.42862843,Green,0,-0.986647653,43,27,68.99947648,29.37110103,High
01-03-2024 03:45,40.88031233,-73.86604614,79,60.28169793,40.18470495,Red,0,-0.21963823,3,37,213.2481844,9.854465063,Low
01-03-2024 03:50,40.87991609,-73.98463203,11,9.31916075,22.47702106,Green,0,0.461291812,99,44,235.9270308,20.10842522,High
01-03-2024 03:55,40.80872297,-73.86498144,271,23.1905525,45.03408147,Green,1,0.671849881,1,40,245.0862286,21.33977153,High
01-03-2024 04:00,40.63494665,-73.76998248,225,73.80382208,49.80791603,Red,0,0.55613466,10,9,158.7845345,20.10191059,High
01-03-2024 04:05,40.71545919,-73.78625346,280,41.07126665,96.41704434,Red,0,0.03721637,44,47,497.5063367,18.6274997,High
01-03-2024 04:10,40.70766328,-73.96944802,46,41.35789622,13.83969231,Yellow,0,0.049343553,58,20,316.1279239,15.48228511,Low
01-03-2024 04:15,40.68895748,-73.91502009,73,52.21648822,83.16622838,Yellow,0,0.517547084,88,0,494.7243932,16.62655156,High
01-03-2024 04:20,40.81480785,-73.9816768,144,45.60989534,47.91617818,Green,0,0.789262135,46,49,412.435265,8.938115763,Medium
01-03-2024 04:25,40.69784109,-73.77825616,26,57.46718726,13.72800155,Green,0,-0.31295448,33,9,309.9899122,5.260934679,Low
01-03-2024 04:30,40.88394825,-73.95429462,299,16.81106267,64.80429861,Green,0,-0.151021359,49,20,285.0523848,9.860471379,High
01-03-2024 04:35,40.70454454,-73.72546494,154,22.81828628,50.71608802,Yellow,0,-0.80608281,87,11,293.1259912,20.93252929,Medium
01-03-2024 04:40,40.83381287,-73.82147978,151,42.13486623,68.15273983,Yellow,0,-0.288704024,79,49,102.9220718,14.06645381,Medium
01-03-2024 04:45,40.66622595,-73.84296011,150,43.63290043,13.38176911,Green,0,0.773267923,1,30,414.145723,6.81344721,Medium
01-03-2024 04:50,40.68549877,-73.95575314,224,44.028351,56.79673116,Green,0,-0.670162167,23,30,390.0010885,19.92486508,High
01-03-2024 04:55,40.73881685,-73.98731053,293,32.26504098,92.77027574,Green,1,-0.939420733,64,0,162.5534164,18.59836663,High
01-03-2024 05:00,40.82497793,-73.8971343,57,20.33051073,28.89163123,Yellow,0,0.273166251,35,43,330.6898964,20.56406796,Medium
01-03-2024 05:05,40.72853682,-73.85422661,286,51.55835983,99.64162215,Green,0,-0.625869442,34,21,419.4787779,21.02857743,High
01-03-2024 05:10,40.7610261,-73.72598073,73,5.235374418,93.5553118,Green,0,0.06243032,99,22,189.9153278,11.98957075,High
01-03-2024 05:15,40.88708885,-73.7251938,14,18.70803741,42.96812518,Yellow,1,-0.80081425,11,27,243.7170694,21.62712442,High
01-03-2024 05:20,40.85293285,-73.81839547,265,24.33924682,83.91090396,Yellow,0,-0.937540417,88,1,448.8039216,7.424504354,High
01-03-2024 05:25,40.64387109,-73.7903794,56,65.82208948,80.97585858,Green,0,0.330462203,64,5,499.6357758,29.80722998,High
01-03-2024 05:30,40.84231056,-73.86010246,144,40.82501542,46.33998563,Green,0,-0.221419804,62,3,325.4545474,19.13591766,Medium
01-03-2024 05:35,40.80420022,-73.84019207,115,16.83969244,93.73114037,Green,0,0.86005527,23,6,68.86910368,5.314665558,High
01-03-2024 05:40,40.73202113,-73.71380844,11,44.26966121,62.25886105,Green,0,0.792400354,94,5,128.4173768,9.404095574,Medium
01-03-2024 05:45,40.66333618,-73.91330115,234,43.86167334,98.61402783,Red,0,0.567352039,92,24,170.10343,14.90141117,High
01-03-2024 05:50,40.76975103,-73.72110691,246,12.33348052,92.51458667,Red,0,0.333746864,8,26,242.975686,6.605812061,High
01-03-2024 05:55,40.69700565,-73.94692494,13,8.567387829,77.26564971,Red,0,0.979152222,93,23,198.2175512,8.311876753,High
01-03-2024 06:00,40.85607277,-73.79000289,176,60.36147621,31.24659591,Green,0,-0.781473622,28,46,251.3769819,23.19548024,Medium
01-03-2024 06:05,40.86917163,-73.91349432,176,76.10080852,95.37055179,Green,0,0.995434959,19,23,286.0113695,18.53105259,High
01-03-2024 06:10,40.69359047,-73.79771272,95,18.24923856,20.99649808,Yellow,0,0.564780627,2,39,272.7268265,21.53633028,High
01-03-2024 06:15,40.80450052,-73.9518797,54,77.87924935,26.05223821,Red,0,0.738372162,10,49,479.2555616,17.96447417,Low
01-03-2024 06:20,40.86763657,-73.73173643,200,37.78574148,78.31278089,Red,0,-0.996933553,77,16,188.2804296,13.03759358,Medium
01-03-2024 06:25,40.80862209,-73.90709839,236,66.90866595,15.46030221,Red,0,0.480625742,63,18,110.0673381,17.58124269,High
01-03-2024 06:30,40.73631266,-73.85978461,147,11.62367697,93.09049154,Yellow,0,-0.419268074,89,29,228.2840646,6.33851174,High
01-03-2024 06:35,40.60376136,-73.97234855,155,21.14366184,97.51509232,Yellow,0,0.687760984,95,4,495.1806517,24.29151748,High
01-03-2024 06:40,40.73115648,-73.75293436,81,68.87961409,44.0758705,Red,1,0.046107467,67,2,282.7010618,8.244836428,High
01-03-2024 06:45,40.87686525,-73.88000513,255,24.74964405,66.7916661,Green,0,0.144396751,60,12,120.6757482,12.00284104,High
01-03-2024 06:50,40.73049579,-73.89162138,56,47.60108465,90.00809424,Red,0,0.205982195,3,43,444.9607587,29.64229425,High
01-03-2024 06:55,40.7458758,-73.87481717,99,42.31579683,69.41972209,Green,0,0.07925989,60,16,258.9778937,12.52477845,Medium
01-03-2024 07:00,40.73054186,-73.71439598,204,72.28233219,13.80350394,Green,0,0.736250922,49,6,191.2522803,27.166897,High
01-03-2024 07:05,40.75520022,-73.98205756,276,44.72670946,75.09179863,Yellow,0,-0.298759678,83,48,395.9984009,5.075853822,High
01-03-2024 07:10,40.71779758,-73.95396623,12,33.48544462,92.08795276,Green,0,0.452870186,58,17,132.5548249,5.083560703,High
01-03-2024 07:15,40.705393,-73.82581599,258,46.10589017,46.18420075,Green,0,-0.073814671,31,26,343.1549681,18.98746891,High
01-03-2024 07:20,40.74060954,-73.72645596,50,76.49639097,51.08679435,Yellow,1,-0.39411631,64,14,488.1928386,6.174603273,High
01-03-2024 07:25,40.80891813,-73.97215633,243,18.77766727,36.33253144,Red,0,-0.178664374,17,20,436.5796701,20.54894649,High
01-03-2024 07:30,40.77124459,-73.72864968,146,7.564113952,20.9994409,Yellow,1,0.553477692,98,15,473.5170839,29.9730911,High
01-03-2024 07:35,40.70087342,-73.80459283,238,18.50726471,11.6046771,Yellow,0,0.744503451,9,38,454.4986456,11.59426569,High
01-03-2024 07:40,40.6727071,-73.83752941,182,12.36422889,23.06227865,Green,0,0.447857295,10,31,490.5286659,20.54937201,High
01-03-2024 07:45,40.77592547,-73.70571053,89,10.77537043,36.4781111,Yellow,0,-0.921347003,19,42,136.49438,19.16345516,High
01-03-2024 07:50,40.86493733,-73.93477406,113,28.51499565,71.21328123,Red,1,-0.638298416,25,31,305.1099143,16.67906097,High
01-03-2024 07:55,40.66844156,-73.81323599,225,6.80184218,83.08514438,Red,0,-0.058105047,72,27,172.0428985,9.310014825,High
01-03-2024 08:00,40.66537877,-73.99804711,69,32.70315419,22.79518359,Yellow,0,-0.921302195,68,4,244.2301415,23.55252181,Medium
01-03-2024 08:05,40.7131708,-73.99598811,258,19.91420658,56.73383145,Yellow,0,-0.977814863,23,4,57.32850332,14.23491689,High
01-03-2024 08:10,40.72162002,-73.9265174,163,15.45373857,78.79140305,Red,0,0.072545207,88,48,361.2870184,23.5423592,High
01-03-2024 08:15,40.62770821,-73.88757747,32,39.4804827,94.70184104,Red,0,-0.873453488,79,37,281.6452997,25.25979643,High
01-03-2024 08:20,40.84718897,-73.97846009,248,39.37149027,16.44037796,Green,0,0.998040434,44,22,136.8999582,11.66623356,High
01-03-2024 08:25,40.74333241,-73.96771575,187,53.52341624,91.56789854,Yellow,0,0.156560442,44,42,449.0452658,27.22680852,High
01-03-2024 08:30,40.78022808,-73.74625487,230,56.56450767,36.35492681,Red,0,-0.948871294,64,11,72.95203428,14.43336281,High
01-03-2024 08:35,40.84675591,-73.91212254,254,14.56295835,71.88242576,Yellow,0,-0.951846937,28,47,264.5449409,9.354182903,High
01-03-2024 08:40,40.8874537,-73.99165106,176,43.39658174,78.619737,Red,0,-0.383001409,36,1,91.98672043,5.353428673,Medium
01-03-2024 08:45,40.75260001,-73.79722751,167,47.28470136,90.51235322,Yellow,0,0.145763137,5,38,59.59089952,18.41602298,High
01-03-2024 08:50,40.83510528,-73.90701346,267,29.51328633,49.86942103,Yellow,0,-0.237650302,57,19,326.2325159,15.85093361,High
01-03-2024 08:55,40.77040961,-73.83963871,206,18.85661947,75.24380759,Green,1,-0.409532294,11,46,340.8769693,26.52837558,High
01-03-2024 09:00,40.83562056,-73.80553474,43,8.354836492,80.95868465,Yellow,0,0.653683663,46,48,448.9402348,27.66146422,High
01-03-2024 09:05,40.71350411,-73.97460388,202,12.85779383,71.25413962,Red,0,0.651859051,77,33,470.6789937,20.6084507,High
01-03-2024 09:10,40.77190129,-73.73528434,66,79.02215441,35.22987208,Green,0,-0.964689626,11,44,165.5376467,28.27255387,Low
01-03-2024 09:15,40.82575886,-73.8739593,166,48.64734003,44.7420549,Green,0,-0.732272306,93,13,168.4956256,11.6520996,Medium
01-03-2024 09:20,40.88324263,-73.83618204,253,6.997656427,51.36569732,Green,0,-0.592078101,88,5,161.8192105,5.602626893,High
01-03-2024 09:25,40.86438348,-73.95838455,274,29.9061908,90.26598985,Red,0,0.964929707,95,34,163.6214402,14.09423152,High
01-03-2024 09:30,40.60493438,-73.82265984,44,44.51791609,86.32980534,Yellow,0,-0.391484014,3,25,346.723462,24.44617687,High
01-03-2024 09:35,40.70046243,-73.85621047,55,36.05004149,22.95300327,Red,0,-0.905669974,32,11,442.9814307,7.423687586,Medium
01-03-2024 09:40,40.7765755,-73.92535191,257,71.51826609,28.94124388,Yellow,0,0.09030787,58,17,201.8075207,6.981107999,High
01-03-2024 09:45,40.77904565,-73.91536975,22,45.31782146,73.24397387,Red,1,0.779584289,90,17,193.3218336,16.84238379,High
01-03-2024 09:50,40.61885076,-73.88858101,293,45.45171079,65.24850329,Green,0,-0.030912624,66,49,456.7742509,20.50454126,High
01-03-2024 09:55,40.66581128,-73.93174447,15,67.31115968,13.2038493,Green,0,-0.075471837,46,36,449.0855005,10.10207226,Low
01-03-2024 10:00,40.60009184,-73.84989803,278,28.51802843,28.71867658,Green,0,0.025196991,41,39,370.5954681,10.95554177,High
01-03-2024 10:05,40.84319358,-73.91036886,75,31.67768583,92.50525311,Yellow,0,-0.670130755,97,31,377.5833491,29.625721,High
01-03-2024 10:10,40.85081208,-73.83412733,292,59.45207758,51.56113099,Green,0,0.264762919,59,34,298.338811,15.72293373,High
01-03-2024 10:15,40.73380533,-73.84885776,215,39.24161423,29.91903065,Red,0,-0.498199502,58,13,161.8919384,17.58753149,High
01-03-2024 10:20,40.81982382,-73.76918238,253,59.74660146,90.53674246,Yellow,0,0.455359499,99,45,354.6621929,19.19419419,High
01-03-2024 10:25,40.71949113,-73.71457188,33,35.19627397,34.06793593,Green,0,-0.973294027,58,44,80.02292184,8.117405299,Medium
01-03-2024 10:30,40.60771472,-73.74091051,297,78.01290239,83.2624144,Yellow,0,-0.623585811,28,9,246.9331082,29.80212395,High
01-03-2024 10:35,40.80727332,-73.76291288,63,60.27096,54.37350861,Red,0,-0.638927881,94,15,101.5652235,14.89242021,Medium
01-03-2024 10:40,40.81558569,-73.78613339,270,77.95779564,58.62122881,Green,0,-0.907358681,96,1,441.5977093,22.93844452,High
01-03-2024 10:45,40.63689939,-73.72442842,95,10.43845427,64.70547307,Green,0,0.435912192,39,31,243.522865,21.76200035,High
01-03-2024 10:50,40.60585272,-73.92707045,67,7.826150732,46.3892116,Yellow,0,-0.314957623,50,44,388.6849166,20.75946341,High
01-03-2024 10:55,40.72000815,-73.93516757,141,33.17366067,93.78414583,Green,0,-0.784150308,17,41,171.2437249,5.626575578,High
01-03-2024 11:00,40.7655334,-73.88313787,50,8.577491031,22.39656928,Red,0,-0.728248587,3,47,482.6520701,20.64369147,High
01-03-2024 11:05,40.88183993,-73.86175519,157,45.98121971,19.4347592,Red,0,0.339585059,13,5,453.5271766,28.29587901,Medium
01-03-2024 11:10,40.62590539,-73.97188971,264,50.58827064,80.20344601,Green,0,-0.076530191,39,26,242.3876671,7.347509297,High
01-03-2024 11:15,40.77591062,-73.91082723,34,71.80748884,98.92023464,Yellow,0,-0.236271052,6,48,260.489309,18.6906584,High
01-03-2024 11:20,40.7412918,-73.84148434,17,62.89977286,91.61402482,Red,0,0.823758337,12,44,78.59852811,26.15302167,High
01-03-2024 11:25,40.74033137,-73.72334092,182,6.367202104,75.29948693,Green,0,0.098038273,84,22,209.8229781,11.12423129,High
01-03-2024 11:30,40.880694,-73.9587035,95,63.46348013,86.91552717,Red,0,-0.289960168,72,11,168.6837061,25.42066232,High
01-03-2024 11:35,40.82836067,-73.86558988,83,22.08210809,61.51271148,Yellow,0,-0.750349712,91,40,498.479807,14.21452553,Medium
01-03-2024 11:40,40.82767689,-73.88864349,118,26.41595955,87.91615527,Yellow,0,-0.443384623,67,0,466.7478902,6.396846168,High
01-03-2024 11:45,40.70866865,-73.78610681,144,20.95659227,22.1402034,Yellow,0,-0.513375745,87,17,390.3910765,25.49660523,Medium
01-03-2024 11:50,40.61635241,-73.98950044,246,23.07643739,39.83262509,Green,0,-0.41765427,37,29,72.33500737,17.9105719,High
01-03-2024 11:55,40.66080532,-73.9392899,242,61.86963711,82.37527921,Yellow,0,-0.842544867,18,23,289.1034685,26.53235013,High
01-03-2024 12:00,40.65609079,-73.91796652,222,70.61329035,67.36210966,Yellow,0,-0.060619382,46,37,324.980461,12.43369298,High
01-03-2024 12:05,40.767954,-73.97239183,26,66.98761414,19.53917272,Yellow,0,-0.438173203,37,8,360.3679748,9.121759474,Low
01-03-2024 12:10,40.61128867,-73.78038789,162,51.2330497,25.63114296,Green,0,-0.737940752,86,0,118.1865135,25.62771597,Medium
01-03-2024 12:15,40.65045087,-73.91997052,136,66.50782863,78.97600244,Yellow,0,0.509191783,21,23,353.8032333,25.42855864,Medium
01-03-2024 12:20,40.76133546,-73.89321294,178,60.42403393,84.94558999,Yellow,0,-0.344854535,57,8,259.5630791,10.35052043,High
01-03-2024 12:25,40.64915325,-73.8732754,235,51.23787256,51.44183771,Red,0,0.352224019,88,29,119.6656026,22.67942669,High
01-03-2024 12:30,40.70953832,-73.92511139,82,8.391078761,95.64158687,Green,0,-0.873887795,97,15,145.1036595,23.89331388,High
01-03-2024 12:35,40.81160509,-73.9007065,148,32.88128577,25.80513456,Green,0,-0.645559643,78,6,348.1466549,23.82354861,Medium
01-03-2024 12:40,40.83562309,-73.89615953,94,45.35570639,22.0163407,Green,0,0.241976754,15,6,145.9710142,23.37965679,Low
01-03-2024 12:45,40.82678266,-73.97093285,31,46.90658566,15.85477966,Yellow,0,0.880378704,55,28,217.2927248,13.341852,Low
01-03-2024 12:50,40.81982193,-73.99188867,57,70.16668369,67.02550793,Yellow,0,0.741994045,77,35,127.0641142,19.85729041,Medium
01-03-2024 12:55,40.76979581,-73.94672251,10,22.39622337,28.15856897,Red,0,0.681190096,69,23,338.3818876,28.7007628,Medium
01-03-2024 13:00,40.74829334,-73.95189437,117,13.86042611,56.2212528,Red,0,0.941024071,33,22,177.9675324,17.57765255,High
01-03-2024 13:05,40.82062933,-73.79537665,35,65.84564854,23.24187876,Green,0,0.949556226,24,16,270.6118114,26.12751699,Low
01-03-2024 13:10,40.78322034,-73.71675126,204,21.92000932,97.46139107,Red,0,-0.369422227,45,19,212.7446237,10.61022553,High
01-03-2024 13:15,40.78881109,-73.92413717,77,61.48314557,32.24783303,Red,0,-0.36302252,87,9,142.2886585,17.41398999,Low
01-03-2024 13:20,40.6190283,-73.81222325,92,41.95808694,55.15870683,Yellow,0,0.140973488,81,49,391.0062189,26.84032012,Medium
01-03-2024 13:25,40.60417243,-73.78721804,184,79.70651391,80.27996194,Green,0,-0.42985058,3,7,59.91269978,10.75397577,High
01-03-2024 13:30,40.79838956,-73.85257047,85,57.65629299,85.31252672,Green,0,0.446413885,18,12,447.6608889,13.73071823,High
01-03-2024 13:35,40.65146471,-73.94248807,108,36.61516026,12.84667332,Green,0,-0.427998413,29,35,489.5624297,9.352121446,Medium
01-03-2024 13:40,40.89241912,-73.82656558,205,47.23930642,55.97211962,Green,0,-0.078340977,58,14,296.1462181,11.7061205,High
01-03-2024 13:45,40.83497162,-73.99573543,142,20.09810784,87.88753573,Red,0,0.807179047,90,12,408.0762718,22.92395034,High
01-03-2024 13:50,40.60808792,-73.97568292,41,40.17684503,60.16763326,Yellow,1,-0.838156971,14,31,430.2332258,9.127149111,High
01-03-2024 13:55,40.65458825,-73.73322735,232,63.62026529,12.97631722,Red,0,-0.161409437,57,8,495.4333569,16.88354958,High
01-03-2024 14:00,40.70995065,-73.88313724,91,64.04893291,45.86504275,Green,0,0.327162252,55,31,411.5103825,23.4266088,Low
01-03-2024 14:05,40.84122672,-73.81502456,244,26.81641913,78.86584239,Yellow,0,-0.357984232,80,7,305.7731246,5.540099985,High
01-03-2024 14:10,40.81328167,-73.90636833,80,53.01306142,14.95797028,Red,0,-0.48277929,87,25,203.203797,14.73368897,Low
01-03-2024 14:15,40.61769939,-73.86162451,195,68.06853826,75.0770923,Yellow,0,-0.584413874,75,7,387.5648091,12.12981559,Medium
01-03-2024 14:20,40.69903042,-73.77474407,66,21.97006631,50.43863684,Green,0,-0.875435151,14,41,246.9847068,25.14038223,Medium
01-03-2024 14:25,40.62617,-73.85828071,228,32.61876308,32.50386148,Green,0,-0.472612591,40,32,84.03785161,11.1114521,High
01-03-2024 14:30,40.69757691,-73.8503296,159,6.363447654,53.80978306,Red,0,-0.202386789,22,12,497.7437067,15.87943545,High
01-03-2024 14:35,40.72120768,-73.70314474,136,16.83825651,61.39612429,Yellow,0,-0.485063845,95,37,156.0627351,5.81431077,High
01-03-2024 14:40,40.87573585,-73.7642751,53,53.59934561,74.1303998,Yellow,0,-0.068876985,39,42,305.9553552,20.43046718,Medium
01-03-2024 14:45,40.6874862,-73.7201226,104,20.39732547,75.48181031,Green,0,-0.866761201,55,28,259.684887,20.39522348,Medium
01-03-2024 14:50,40.79600033,-73.77167056,34,32.58320838,15.94824526,Yellow,0,0.843790756,87,30,107.7172266,15.60223481,Medium
01-03-2024 14:55,40.83687945,-73.70715479,194,21.56827502,83.30526861,Yellow,0,-0.567096519,54,38,447.1220144,21.11409354,High
01-03-2024 15:00,40.74168398,-73.71749631,142,78.89325129,49.33975347,Green,1,-0.317578134,50,26,109.2561363,13.33673065,High
01-03-2024 15:05,40.6755057,-73.79037114,95,65.26774176,52.25810507,Red,0,0.821799558,13,49,51.27129051,29.41355849,Medium
01-03-2024 15:10,40.89823379,-73.74735183,294,31.49888109,14.45375112,Red,0,-0.793208821,59,10,52.86960754,25.51751498,High
01-03-2024 15:15,40.63822082,-73.73221149,215,55.06306173,29.79492562,Green,0,0.708791511,25,33,208.5812827,15.46742018,High
01-03-2024 15:20,40.70505542,-73.7608624,13,77.59872,33.8529858,Yellow,0,0.096279932,22,25,87.16312706,10.2110059,Low
01-03-2024 15:25,40.69669141,-73.83470304,118,76.56901187,31.02173611,Green,0,0.00598057,82,29,233.2951907,19.78579329,Medium
01-03-2024 15:30,40.6973212,-73.83041264,110,20.65164933,58.64893772,Green,0,0.491567449,9,16,308.6467752,5.443057102,Medium
01-03-2024 15:35,40.68955173,-73.78098204,12,64.92015491,69.54134577,Red,0,-0.156046955,77,12,306.1669327,23.08106947,Medium
01-03-2024 15:40,40.67333303,-73.75150364,63,24.84971644,83.05890085,Red,0,0.472949939,82,36,126.5664791,6.060029644,High
01-03-2024 15:45,40.6146415,-73.91620909,199,60.54843007,97.36557519,Green,0,-0.552784272,95,24,167.613202,6.048896343,High
01-03-2024 15:50,40.73963061,-73.76915643,37,47.74685896,22.95701962,Yellow,0,-0.369448884,61,35,140.9129494,26.00550048,Low
01-03-2024 15:55,40.89658464,-73.99317542,104,28.13576728,45.91061291,Green,0,-0.842040085,96,40,296.8007616,5.090273503,Medium
01-03-2024 16:00,40.8711401,-73.96700469,116,7.478284875,71.24333239,Green,0,-0.129016939,94,19,205.3198019,14.28123058,High
01-03-2024 16:05,40.60204114,-73.72803713,249,30.59631934,20.56855419,Yellow,0,0.92124149,46,33,462.8447591,6.245210624,High
01-03-2024 16:10,40.64433139,-73.83435881,269,31.83355521,36.33724791,Green,0,-0.142585905,16,41,497.2373948,14.64195871,High
01-03-2024 16:15,40.82271976,-73.94745096,250,77.13550007,99.01713105,Green,0,0.898889501,76,12,464.271343,22.36503765,High
01-03-2024 16:20,40.85522442,-73.84440642,15,61.36530197,72.05701124,Green,0,0.794448135,72,27,251.6910816,27.99140488,Medium
01-03-2024 16:25,40.82460103,-73.94700368,192,73.93974325,12.63388277,Yellow,0,0.155464473,2,34,177.3001095,25.70477763,Medium
01-03-2024 16:30,40.80100012,-73.95260773,50,20.47519747,16.11175209,Yellow,0,0.469527605,14,24,75.42746574,20.33625463,Medium
01-03-2024 16:35,40.79094504,-73.96020262,124,58.79297411,65.30816588,Yellow,1,-0.613583997,41,46,269.4558593,7.383852174,High
01-03-2024 16:40,40.78006709,-73.70977013,270,70.97091128,22.74159802,Yellow,0,0.564559929,81,43,149.427149,11.75636593,High
01-03-2024 16:45,40.62438355,-73.83636933,211,66.15027592,87.83975968,Green,0,0.337195056,29,39,314.6626162,15.40564583,High
01-03-2024 16:50,40.75448045,-73.83741374,107,13.89733326,75.36792109,Green,0,0.833386633,5,48,249.6372102,12.34880138,High
01-03-2024 16:55,40.70281984,-73.93261013,200,54.69261098,12.3807773,Green,0,0.951001409,11,28,363.167813,12.07966538,Medium
01-03-2024 17:00,40.73823551,-73.76378222,181,28.88040309,95.7790593,Red,0,0.366498031,30,4,155.7016699,14.41591012,High
01-03-2024 17:05,40.65676268,-73.9476591,218,10.50169513,58.84161041,Green,0,0.181938914,81,38,177.2195033,27.75790731,High
01-03-2024 17:10,40.87158909,-73.8422201,200,14.59693116,89.19579096,Yellow,0,-0.529923584,65,19,91.11583032,25.28874337,High
01-03-2024 17:15,40.6630906,-73.7384168,141,16.07445973,36.18461682,Green,0,0.843992231,24,0,411.0880287,9.57389084,High
01-03-2024 17:20,40.81172253,-73.97696889,280,30.10214206,54.79801299,Red,1,0.526661062,12,25,373.2570952,28.47610236,High
01-03-2024 17:25,40.79278853,-73.98569119,139,35.71376244,37.18963227,Yellow,0,-0.045256277,71,29,424.0251603,6.533962527,Medium
01-03-2024 17:30,40.68062996,-73.90551466,148,66.57881132,60.63315081,Green,0,-0.750397502,82,20,86.02628014,14.42467122,Medium
01-03-2024 17:35,40.6053254,-73.89029058,59,56.77686835,71.98587522,Red,0,-0.208858536,18,33,392.0310165,7.499495424,Medium
01-03-2024 17:40,40.66030588,-73.79546225,198,71.47606611,54.51005432,Yellow,0,-0.90556995,96,39,362.3922955,22.1907112,Medium
01-03-2024 17:45,40.72619374,-73.83994061,60,39.37396263,35.03126705,Yellow,0,-0.57425518,90,1,205.7298016,23.71632761,Medium
01-03-2024 17:50,40.87108706,-73.74058977,293,41.92314979,55.96665151,Red,0,-0.369805533,7,27,409.070274,22.99834786,High
01-03-2024 17:55,40.77866117,-73.96371355,237,62.13465435,33.12226928,Red,0,-0.660553565,5,35,313.5897711,21.6900426,High
01-03-2024 18:00,40.73717363,-73.79950078,273,10.24346341,19.59582211,Red,0,-0.292871658,24,35,67.15843709,15.92903244,High
01-03-2024 18:05,40.65391407,-73.75548711,281,67.06028969,11.95862517,Red,0,-0.693719133,34,5,429.0221038,18.98366338,High
01-03-2024 18:10,40.60414345,-73.75900511,188,63.70831041,33.77928153,Yellow,0,0.92803727,99,8,138.6872409,9.367910978,Medium
01-03-2024 18:15,40.72314404,-73.90445828,168,53.18705507,13.81115202,Green,0,0.730965299,53,24,455.7874144,21.16457447,Medium
01-03-2024 18:20,40.60658416,-73.89760998,47,45.41416811,18.96161828,Green,0,-0.273957402,7,26,455.9367646,12.06113434,Low
01-03-2024 18:25,40.66968624,-73.91010543,92,47.89836752,78.49487684,Green,0,-0.186419176,29,0,454.7553929,20.69564487,Medium
01-03-2024 18:30,40.82903967,-73.9026245,194,72.79015228,71.73004123,Red,0,0.677988745,48,5,99.34492763,10.55421176,Medium
01-03-2024 18:35,40.85476924,-73.76940154,39,77.16271037,34.01466943,Red,0,-0.743368423,85,10,134.7772026,8.176337248,Low
01-03-2024 18:40,40.75632579,-73.74576118,218,70.26360126,33.09209352,Red,0,-0.434661342,91,4,329.451577,21.65954859,High
01-03-2024 18:45,40.8718957,-73.80746012,265,33.91326027,69.92568644,Green,1,-0.766875624,88,38,146.0714302,29.99541595,High
01-03-2024 18:50,40.78164634,-73.82664568,76,30.07147753,98.30099757,Yellow,0,-0.425095922,70,10,214.482691,17.31728256,High
01-03-2024 18:55,40.65414328,-73.76172531,199,68.37326641,67.04670331,Green,0,0.343674832,30,15,473.0247092,18.7692493,Medium
01-03-2024 19:00,40.69173216,-73.76927617,244,10.10886453,35.13693924,Green,0,-0.339915019,31,46,427.8899705,8.836731778,High
01-03-2024 19:05,40.6199723,-73.80959664,88,53.44446564,22.97180663,Yellow,0,-0.059707259,38,43,481.8512476,20.74362487,Low
01-03-2024 19:10,40.79371106,-73.81436571,64,29.92300475,41.85638637,Yellow,0,-0.130231775,20,42,68.45883251,23.84811672,Medium
01-03-2024 19:15,40.86396219,-73.70154848,155,78.48787837,16.71366632,Yellow,0,0.54359312,81,6,228.1665258,28.34280762,Medium
01-03-2024 19:20,40.68880674,-73.83086505,234,24.50354781,26.46845714,Red,0,0.604020617,54,8,319.5614714,18.56460479,High
01-03-2024 19:25,40.77444368,-73.99796944,177,23.04899408,23.66691558,Red,0,0.677733649,48,46,246.4361491,21.88361103,Medium
01-03-2024 19:30,40.89992337,-73.75748187,259,74.39700522,55.23424619,Red,0,-0.976022846,44,25,373.0066606,6.048787736,High
01-03-2024 19:35,40.76308976,-73.82898508,244,23.32228369,97.91373651,Red,0,-0.064875884,18,23,429.4601303,22.87702612,High
01-03-2024 19:40,40.87212144,-73.93458241,188,52.9654807,11.7500098,Yellow,0,-0.668918402,1,4,484.3849504,16.15628772,Medium
01-03-2024 19:45,40.77902909,-73.76827696,100,9.437356464,10.80385575,Yellow,0,0.340265509,32,10,492.4783539,28.80069924,High
01-03-2024 19:50,40.70497355,-73.86143098,196,71.14153113,33.46633673,Yellow,0,0.231015887,19,36,137.6407011,13.47677247,Medium
01-03-2024 19:55,40.7599097,-73.78317807,293,36.37910797,82.96993724,Yellow,0,-0.038178548,60,9,84.59010821,11.06204552,High
01-03-2024 20:00,40.63052168,-73.87858127,165,44.79445931,20.38473174,Red,0,0.531902199,40,49,254.2080749,14.41703841,Medium
01-03-2024 20:05,40.65094396,-73.88591958,226,23.18650328,19.06097828,Red,0,-0.017996113,37,35,324.6671205,21.76415074,High
01-03-2024 20:10,40.71100209,-73.82523243,280,51.71736225,69.02413496,Green,0,-0.886568948,17,39,354.0222474,27.37694931,High
01-03-2024 20:15,40.73699597,-73.87808709,144,67.93592604,86.28008012,Yellow,0,0.378042349,76,37,376.1106563,11.33386836,High
01-03-2024 20:20,40.79470862,-73.72901203,11,55.17082391,83.70923594,Green,0,-0.609520572,6,7,252.3320027,25.41803512,High
01-03-2024 20:25,40.730447,-73.71549715,146,62.40259362,70.25606524,Red,0,0.479211995,86,19,413.5036422,5.645098419,Medium
01-03-2024 20:30,40.60781376,-73.81554169,104,77.52843535,86.18538122,Yellow,0,0.113809137,96,1,439.5267144,11.73679102,High
01-03-2024 20:35,40.61536578,-73.86907903,26,14.51073395,40.79428752,Red,0,0.357990287,70,10,144.7132298,9.307290815,High
01-03-2024 20:40,40.74520224,-73.97305656,175,11.13929811,95.57984453,Green,0,0.639412393,98,47,159.965517,9.407315567,High
01-03-2024 20:45,40.61363165,-73.92817683,223,71.08791238,55.1126717,Green,0,0.364060293,72,38,309.4628627,19.21498667,High
01-03-2024 20:50,40.69835504,-73.78562628,102,68.09987103,63.63583673,Green,0,0.329355405,52,30,335.9197232,27.03220538,Medium
01-03-2024 20:55,40.62032755,-73.71466285,211,51.66504037,73.08193717,Green,0,0.352379283,19,30,326.1939073,19.9766478,High
01-03-2024 21:00,40.69630744,-73.73852625,34,39.00913427,61.11430995,Green,0,0.421852078,7,47,276.1798047,7.966594536,Medium
01-03-2024 21:05,40.6107123,-73.92618168,35,59.18372105,63.067332,Green,0,-0.539976546,41,10,354.3279416,29.68431334,Medium
01-03-2024 21:10,40.76367769,-73.84372113,31,56.59163336,78.40839725,Red,0,0.402368433,57,19,220.2984302,6.332560494,Medium
01-03-2024 21:15,40.72469617,-73.80714114,58,34.3634239,16.70708763,Red,1,0.740681192,14,37,82.895134,19.61323305,High
01-03-2024 21:20,40.65327141,-73.71977063,153,18.42225239,45.45820187,Red,0,0.984569023,32,20,440.3421384,20.49511484,High
01-03-2024 21:25,40.60826143,-73.77152819,73,26.70083743,17.56609564,Green,0,0.871653499,5,36,343.8068866,22.18114101,Medium
01-03-2024 21:30,40.88120247,-73.76967386,163,17.51184007,99.5485527,Red,1,-0.778496433,4,36,352.4463076,10.75487671,High
01-03-2024 21:35,40.71371342,-73.91181695,129,46.00501062,24.36396489,Green,0,0.594468464,68,48,101.7758715,15.14255769,Medium
01-03-2024 21:40,40.84701098,-73.81496305,138,54.84243109,42.68082913,Red,0,0.755639954,26,22,475.4650356,28.10066773,Medium
01-03-2024 21:45,40.86976575,-73.99437961,256,16.34875986,54.43599727,Green,0,-0.761298912,49,30,424.0671481,12.17141746,High
01-03-2024 21:50,40.65357298,-73.96482698,202,19.66175163,13.26423123,Red,0,0.852492487,81,5,177.2778856,20.42735331,High
01-03-2024 21:55,40.79700148,-73.84496168,122,47.12938351,78.97611797,Yellow,0,0.398579265,52,42,197.1585366,24.83649898,Medium
01-03-2024 22:00,40.77233335,-73.99689307,251,21.17043344,59.9003914,Yellow,0,-0.448051031,14,25,264.8383712,25.73756897,High
01-03-2024 22:05,40.74428922,-73.88718639,290,10.21133582,82.95215714,Green,1,0.057572505,51,45,228.0016419,11.65158416,High
01-03-2024 22:10,40.88077399,-73.90703031,51,22.83923188,13.00961073,Green,0,-0.62023191,40,6,311.9438145,8.553618137,Medium
01-03-2024 22:15,40.63831578,-73.73030666,254,50.8841495,21.38768463,Yellow,0,0.464730197,39,18,82.3778514,6.601882777,High
01-03-2024 22:20,40.73272035,-73.91796467,290,62.41342215,73.62024316,Green,0,0.674759421,92,26,167.242243,27.2409596,High
01-03-2024 22:25,40.71533227,-73.86462335,123,9.967808488,37.23431557,Green,0,0.716711404,5,0,220.1491074,11.03982896,High
01-03-2024 22:30,40.71022942,-73.80626256,36,37.44539679,55.03580826,Yellow,0,-0.292039959,37,25,409.6122734,18.07881904,Medium
01-03-2024 22:35,40.83518817,-73.70025673,134,16.88853964,42.23776214,Yellow,0,0.137473339,9,16,145.5424578,16.53866923,High
01-03-2024 22:40,40.85139106,-73.74256787,291,73.21686566,47.88400887,Yellow,0,-0.062986828,80,0,214.5090363,17.23284892,High
01-03-2024 22:45,40.8385573,-73.94418253,52,35.47249674,82.40851381,Green,0,0.418712069,28,47,291.2265176,16.9092473,High
01-03-2024 22:50,40.75020131,-73.95564657,32,14.67288452,65.90240205,Green,0,-0.381573135,33,28,252.8465166,5.329211899,High
01-03-2024 22:55,40.80000948,-73.95468418,93,54.46017812,57.00014012,Green,0,-0.730224004,9,28,133.8606006,9.119222729,Medium
01-03-2024 23:00,40.72418827,-73.76271707,106,25.44771975,81.5471718,Green,0,0.282287784,78,16,305.9028509,28.54417856,High
01-03-2024 23:05,40.84707079,-73.715293,99,46.6454271,74.98927158,Yellow,0,-0.057477334,55,45,393.8714675,19.38761467,Medium
01-03-2024 23:10,40.83556873,-73.91569093,137,28.55714552,90.09012228,Yellow,1,0.371137715,12,9,429.1962803,14.08982705,High
01-03-2024 23:15,40.62054167,-73.7329991,131,68.97147808,33.81650251,Red,0,-0.373739429,77,18,81.52438041,14.48556388,Medium
01-03-2024 23:20,40.68557423,-73.80071047,204,25.92234495,22.78863035,Green,0,-0.115683288,61,5,280.5727969,12.50478533,High
01-03-2024 23:25,40.70739426,-73.77966578,216,31.45737783,84.44636383,Green,0,-0.253594193,5,31,143.2214724,11.01257204,High
01-03-2024 23:30,40.8703964,-73.8877787,121,37.37732308,71.75101867,Green,0,-0.934577646,58,14,435.025006,22.78178434,Medium
01-03-2024 23:35,40.65323078,-73.99070681,101,64.61485828,78.13973811,Red,0,-0.646152746,48,29,319.9452408,6.417216831,Medium
01-03-2024 23:40,40.6673591,-73.76418157,43,51.14310164,72.01945236,Green,0,0.599946974,84,6,149.9455436,15.71716035,Medium
01-03-2024 23:45,40.61073231,-73.83424437,86,76.86317869,27.52951909,Green,0,-0.015387581,20,28,125.039852,26.18228804,Low
01-03-2024 23:50,40.70028579,-73.93723227,108,33.71477417,17.45854865,Green,0,-0.1792848,76,41,185.3176215,26.14569964,Medium
01-03-2024 23:55,40.6403896,-73.75232934,256,56.67813799,89.15967018,Red,0,0.996237189,86,6,152.7817568,27.09581317,High
02-03-2024 00:00,40.82635842,-73.90034643,168,25.1039602,49.55044826,Red,0,0.070494854,87,29,452.5317753,11.84605654,Medium
02-03-2024 00:05,40.71741586,-73.73842607,278,48.89716972,19.29110456,Green,0,0.93585603,6,26,367.0954089,20.74278718,High
02-03-2024 00:10,40.86084358,-73.90595062,90,53.3071733,79.58106808,Red,0,0.459366379,95,22,165.3819465,28.24556813,Medium
02-03-2024 00:15,40.6558365,-73.86315538,233,52.46787048,30.46244561,Green,0,-0.313150535,17,25,95.94375791,19.78977267,High
02-03-2024 00:20,40.60127847,-73.81338047,117,58.1104818,80.56065228,Red,0,-0.005109675,34,17,334.6536953,26.43829468,High
02-03-2024 00:25,40.86097399,-73.82405498,202,43.83167726,36.49547515,Red,0,-0.348321686,68,25,446.198942,12.15849983,High
02-03-2024 00:30,40.85142841,-73.97562915,173,11.41789828,15.7112746,Green,0,-0.762058978,58,0,460.8937464,11.53405764,High
02-03-2024 00:35,40.84145317,-73.71695387,229,51.06543972,63.58509502,Green,1,-0.726657744,9,14,472.4454258,8.077381186,High
02-03-2024 00:40,40.83100851,-73.80742142,13,28.12788102,90.72117508,Red,0,-0.146546242,61,14,147.1562501,23.02169141,High
02-03-2024 00:45,40.78758787,-73.7832748,31,47.39309138,92.23308951,Yellow,0,-0.810633646,38,15,432.6550144,13.01365617,High
02-03-2024 00:50,40.79959456,-73.86679811,163,32.99663602,70.99649822,Yellow,0,-0.153077716,57,14,493.318086,16.84197554,Medium
02-03-2024 00:55,40.83546341,-73.72099546,15,39.08393321,96.65529201,Red,0,-0.916921038,97,14,212.0112032,15.33645624,High
02-03-2024 01:00,40.70197517,-73.81972728,199,27.92623905,25.26916628,Red,0,0.687886367,73,8,63.52918306,25.95141696,Medium
02-03-2024 01:05,40.61193717,-73.95897032,222,74.31310322,71.56162301,Red,0,0.920132103,34,44,68.00581046,29.6885786,High
02-03-2024 01:10,40.65473377,-73.93598288,161,33.88103772,71.72906208,Green,1,0.275442623,58,13,133.7229275,6.423297801,High
02-03-2024 01:15,40.8655436,-73.92605742,190,51.24998535,28.3652328,Yellow,0,-0.192939418,33,11,394.5752414,28.39844341,Medium
02-03-2024 01:20,40.6725801,-73.75633851,70,72.29984566,35.38716563,Red,1,-0.737744943,3,7,260.9003437,15.5076381,High
02-03-2024 01:25,40.61596391,-73.76146913,284,41.24746642,76.38054634,Green,1,-0.999123883,99,16,345.287976,21.07419166,High
02-03-2024 01:30,40.8144946,-73.79882158,38,79.00865297,32.54524516,Red,0,-0.932045207,16,28,58.30117601,24.3929637,Low
02-03-2024 01:35,40.77150355,-73.76988629,203,79.00985447,67.88638958,Green,0,0.762679885,91,27,262.7765871,12.87996916,High
02-03-2024 01:40,40.80657398,-73.89839089,251,59.99374832,67.46346461,Yellow,0,0.178822391,64,29,211.8497661,7.431374332,High
02-03-2024 01:45,40.8564444,-73.90259417,205,51.33531667,13.18059338,Red,0,-0.085443437,75,4,353.1354765,24.60389649,High
02-03-2024 01:50,40.81399097,-73.95259391,68,68.2923497,90.99640156,Yellow,0,0.875238606,83,34,458.432689,13.46887378,High
02-03-2024 01:55,40.61626796,-73.88546866,135,10.88037681,10.6631311,Red,0,-0.098294059,68,21,345.997835,21.58373688,High
02-03-2024 02:00,40.65229978,-73.87421285,104,53.25312551,61.95498772,Green,1,-0.069648155,59,48,178.4371382,20.60640764,High
02-03-2024 02:05,40.78396758,-73.70595579,186,36.50633404,70.02421867,Red,0,0.765277566,65,0,229.2818518,13.11428455,Medium
02-03-2024 02:10,40.7043141,-73.857945,286,36.63096247,82.06851109,Green,0,-0.382200331,30,46,220.7239382,17.76062731,High
02-03-2024 02:15,40.7377799,-73.74667833,94,49.3956539,51.29268955,Green,0,-0.596523425,10,49,291.7308366,6.960252395,Medium
02-03-2024 02:20,40.74563994,-73.79007179,204,11.69444739,83.23507044,Yellow,0,-0.349572479,6,42,100.5569513,27.58609802,High
02-03-2024 02:25,40.69012983,-73.92436604,100,47.84620171,21.73498032,Green,0,0.285364551,30,45,348.7316188,17.11696906,Low
02-03-2024 02:30,40.86738049,-73.70654878,289,49.18781843,64.31510973,Green,0,-0.20956753,23,11,123.3456077,18.38570718,High
02-03-2024 02:35,40.82848099,-73.87662069,105,46.09712966,72.00985292,Green,0,-0.724732013,47,5,476.1465766,12.95781944,Medium
02-03-2024 02:40,40.83540283,-73.71753348,158,5.375354473,71.14737942,Green,0,-0.069735195,2,29,335.3000553,9.587649953,High
02-03-2024 02:45,40.66653083,-73.7755694,190,13.31518984,27.35378681,Yellow,0,-0.424286289,79,44,109.1637869,12.0784574,High
02-03-2024 02:50,40.83173674,-73.88304754,39,15.19434158,16.58720253,Green,0,-0.750151006,44,29,205.4272895,28.13095593,High
02-03-2024 02:55,40.75772633,-73.98769865,223,48.49629355,60.10276799,Green,0,0.910273511,54,41,437.2270426,11.11007907,High
02-03-2024 03:00,40.8499775,-73.72317661,204,67.51269797,22.5997291,Red,1,-0.647723722,7,32,268.6411958,9.063825861,High
02-03-2024 03:05,40.65163382,-73.976855,223,62.08847482,24.48811085,Green,0,0.746710874,80,24,403.9639933,9.457685037,High
02-03-2024 03:10,40.82030726,-73.92682089,120,54.56195696,72.30196499,Yellow,0,0.711432801,41,17,210.9827688,11.79527733,Medium
02-03-2024 03:15,40.75052508,-73.80705417,296,33.47451103,11.93720142,Green,1,-0.358579351,76,21,366.8998154,8.430762038,High
02-03-2024 03:20,40.67066293,-73.79606894,218,6.139505301,76.08918889,Yellow,0,0.481630373,71,18,384.7444582,7.665230162,High
02-03-2024 03:25,40.60806431,-73.85648756,235,64.13811144,80.97891133,Red,0,-0.375258683,82,20,455.2976281,14.98976707,High
02-03-2024 03:30,40.81703724,-73.72629712,283,23.94911285,48.38036704,Red,0,-0.46564984,36,47,52.24920775,11.42961501,High
02-03-2024 03:35,40.75622908,-73.82810914,205,51.80674552,64.94120181,Green,0,0.333694299,26,8,114.168949,27.27720258,High
02-03-2024 03:40,40.83866596,-73.93630457,139,57.85955407,38.51691765,Yellow,0,0.65304147,29,24,242.2702386,18.74187069,Medium
02-03-2024 03:45,40.67908132,-73.98871728,106,28.06386504,69.4712778,Red,0,0.128263536,59,40,88.66386151,14.32325756,Medium
02-03-2024 03:50,40.68618373,-73.8490414,299,44.01646858,66.28241651,Yellow,0,0.723057619,99,44,292.6870453,6.475825981,High
02-03-2024 03:55,40.82406559,-73.81023028,209,69.25046753,24.16369209,Red,0,0.586632489,75,28,350.5623551,20.41699086,High
02-03-2024 04:00,40.66783524,-73.89565765,25,69.42588889,56.81283775,Yellow,0,0.278225899,77,3,425.5997101,11.14726033,Medium
02-03-2024 04:05,40.79154059,-73.85272861,238,47.54818993,72.23102354,Yellow,1,0.934746579,86,0,344.9950085,9.468187437,High
02-03-2024 04:10,40.74362006,-73.89337911,26,34.60815595,72.19579982,Yellow,0,0.352118184,55,42,187.8919187,22.68005072,Medium
02-03-2024 04:15,40.81427028,-73.83173563,48,7.231880261,16.33373909,Yellow,0,0.743397703,59,23,417.0053307,11.42633386,High
02-03-2024 04:20,40.63940172,-73.9588249,217,50.65471449,17.33890325,Green,0,0.229655362,81,8,473.8456306,20.98524449,High
02-03-2024 04:25,40.81976741,-73.93336065,169,14.15331523,96.87628751,Yellow,0,-0.478057954,12,37,159.0160929,7.543480465,High
02-03-2024 04:30,40.73781507,-73.8180562,164,40.4413811,66.18540187,Red,0,-0.597506428,65,4,104.8492723,25.71792568,Medium
02-03-2024 04:35,40.62272685,-73.90219693,214,5.649523015,10.60335849,Red,0,0.127898624,33,18,357.2419444,9.862382605,High
02-03-2024 04:40,40.61492075,-73.88520871,186,71.9449639,35.33650244,Green,0,0.638532744,39,32,218.8008008,14.13517131,Medium
02-03-2024 04:45,40.81466948,-73.74435063,172,48.51237008,13.55222315,Green,0,0.855737697,80,23,283.5590108,10.32011734,Medium
02-03-2024 04:50,40.6570987,-73.72946981,35,39.14771571,55.14881743,Yellow,1,-0.888275762,24,49,405.8304219,23.91271413,High
02-03-2024 04:55,40.83107788,-73.74454881,239,38.22435986,41.81151225,Green,0,-0.682679185,89,39,386.8505454,25.39703227,High
02-03-2024 05:00,40.85600734,-73.92861861,177,72.2064483,52.55378796,Yellow,0,0.464340739,24,43,368.0822574,5.760304384,Medium
02-03-2024 05:05,40.6918615,-73.8588396,239,46.96653948,66.44367033,Green,0,-0.431729394,91,10,353.3975522,16.82680274,High
02-03-2024 05:10,40.68497779,-73.77684551,295,51.70026172,99.55901011,Red,0,0.985547562,16,11,268.37735,23.81148258,High
02-03-2024 05:15,40.67351482,-73.98699511,202,52.93625675,70.85395466,Red,0,0.988824842,28,6,459.7703011,7.73594587,High
02-03-2024 05:20,40.88729614,-73.72964567,265,25.86351806,70.71807304,Green,0,0.7044806,7,33,55.04774884,8.455696668,High
02-03-2024 05:25,40.82610216,-73.77737358,249,7.427918109,59.22600014,Green,0,-0.216058579,70,14,243.2622561,20.24018921,High
02-03-2024 05:30,40.70162311,-73.95028787,89,50.8713447,20.02790062,Red,0,-0.794454479,93,12,430.0896601,20.47158992,Low
02-03-2024 05:35,40.72397533,-73.7638316,114,32.73381333,31.22118847,Green,0,0.085485176,12,19,438.6436719,10.99300827,Medium
02-03-2024 05:40,40.70302878,-73.97709069,182,21.37147039,26.68290788,Green,0,-0.046944186,9,27,253.2386556,18.6148595,Medium
02-03-2024 05:45,40.76451185,-73.85728617,271,56.88297555,38.37745488,Red,0,0.682878815,2,39,423.8064043,27.25583163,High
02-03-2024 05:50,40.74069171,-73.7262515,110,48.44585678,98.9253515,Yellow,0,0.301059704,44,3,79.09570228,8.508641496,High
02-03-2024 05:55,40.80336168,-73.87712799,123,55.59528833,85.71393087,Green,0,0.956536517,51,15,128.2820184,20.11526156,High
02-03-2024 06:00,40.65268213,-73.8815311,270,34.66347694,71.71892019,Green,0,0.594973659,79,10,344.7970676,25.08633963,High
02-03-2024 06:05,40.62704211,-73.79454758,110,68.37670131,25.76355628,Red,0,-0.687820793,6,6,337.9439936,17.05535458,Medium
02-03-2024 06:10,40.75415428,-73.82998778,40,16.06583376,67.15006959,Red,0,-0.952751681,76,26,94.87813951,28.78009771,High
02-03-2024 06:15,40.74247519,-73.75997326,82,33.65045811,17.02754984,Green,1,0.482674899,55,47,174.0428944,28.52176677,High
02-03-2024 06:20,40.75755122,-73.76339538,129,71.5190324,10.55005732,Red,0,0.511788146,71,6,462.3287916,19.93328414,Medium
02-03-2024 06:25,40.71890431,-73.8761032,156,62.70877776,49.41932669,Red,0,-0.036947341,8,42,57.15314138,12.62662005,Medium
02-03-2024 06:30,40.66008849,-73.77856691,237,78.14334075,18.20626741,Green,0,-0.73323069,53,31,120.6966319,18.50524283,High
02-03-2024 06:35,40.60468134,-73.88668424,197,70.24375706,57.927445,Red,0,-0.054306188,35,22,477.8047102,24.86553172,Medium
02-03-2024 06:40,40.82734812,-73.93731204,251,26.12912921,33.63225282,Yellow,0,0.222099864,75,28,303.0306812,11.87860108,High
02-03-2024 06:45,40.61037398,-73.91581225,186,44.64305084,32.78872502,Red,0,-0.960679363,77,26,102.5651278,28.06791496,Medium
02-03-2024 06:50,40.83068878,-73.99067281,82,77.68123898,98.93911171,Green,0,-0.024649072,93,21,416.3376466,8.563776987,High
02-03-2024 06:55,40.83592916,-73.90375878,98,38.52611923,66.38133787,Green,0,-0.031200328,5,5,88.72598423,14.66962783,Medium
02-03-2024 07:00,40.74369408,-73.75026303,298,57.96602222,25.50177842,Yellow,0,-0.972818574,36,41,208.0161123,13.78558219,High
02-03-2024 07:05,40.81881901,-73.89129258,21,50.68758242,47.7984975,Red,0,-0.452709226,83,44,194.3310205,10.9646916,Low
02-03-2024 07:10,40.78438903,-73.8269341,79,5.601004658,96.0242795,Green,0,0.303620539,31,42,285.8299869,21.6692314,High
02-03-2024 07:15,40.71937165,-73.92128099,135,62.87971616,25.83418485,Green,0,0.026252245,53,40,301.3523382,11.15883873,Medium
02-03-2024 07:20,40.62198015,-73.93241779,100,21.78857065,17.79014454,Green,0,0.729499767,15,37,192.005305,10.49107166,Medium
02-03-2024 07:25,40.66396571,-73.7357032,66,25.99455234,84.53422556,Yellow,0,0.771217563,7,33,331.7225718,5.621458543,High
02-03-2024 07:30,40.63973787,-73.95546875,41,35.31525454,17.25198058,Green,0,0.192122829,50,18,422.932959,10.61955837,Medium
02-03-2024 07:35,40.68861318,-73.71035361,131,64.6087725,75.86946965,Green,0,-0.201720441,16,42,281.5698288,8.457081122,Medium
02-03-2024 07:40,40.80203168,-73.74792976,119,26.82635335,74.83664701,Red,0,-0.97120786,20,1,282.4449325,6.596624466,Medium
02-03-2024 07:45,40.80681936,-73.74156833,226,24.09073902,38.09747531,Green,0,0.975777613,27,29,352.3252165,10.57736433,High
02-03-2024 07:50,40.75140994,-73.97978846,161,56.90228272,21.02431952,Red,0,0.901296291,91,27,372.82477,28.01171511,Medium
02-03-2024 07:55,40.66122037,-73.99101272,248,6.429998012,16.6269993,Yellow,0,0.656274463,76,30,127.8438507,26.96902148,High
02-03-2024 08:00,40.88929348,-73.72441481,103,15.10577479,83.48038197,Red,0,0.667579485,44,25,307.6604139,16.40049504,High
02-03-2024 08:05,40.76769471,-73.83770001,23,10.55985902,92.85061256,Green,1,0.651298528,76,23,299.7867354,7.354351006,High
02-03-2024 08:10,40.65569977,-73.85577919,150,61.20251783,36.24879016,Green,0,0.283216047,50,4,156.4490819,19.63868961,Medium
02-03-2024 08:15,40.89185092,-73.82285962,83,24.45997262,35.13882643,Yellow,0,0.099304141,72,40,289.5240751,22.94969293,Medium
02-03-2024 08:20,40.70057906,-73.91990011,72,24.97802787,77.58909661,Green,0,-0.003316869,3,47,132.4861871,16.80916134,Medium
02-03-2024 08:25,40.62872665,-73.93883016,198,23.59198688,70.56683588,Yellow,0,0.753702561,79,27,216.177035,13.49196395,Medium
02-03-2024 08:30,40.8415485,-73.94219549,297,12.53001748,47.81842772,Green,0,0.325506381,93,38,253.5152796,15.5947585,High
02-03-2024 08:35,40.83133967,-73.91411731,224,43.62972592,63.18984259,Green,0,0.895306261,4,47,325.4485659,18.12471911,High
02-03-2024 08:40,40.83432245,-73.92633962,126,72.86389541,13.59199138,Red,1,-0.265188837,80,5,87.30707981,5.966976841,High
02-03-2024 08:45,40.76126441,-73.91469697,38,6.428008317,77.72360806,Green,0,-0.538776468,10,44,338.2536145,19.5788843,High
02-03-2024 08:50,40.78355305,-73.91264842,71,64.02018813,71.10858903,Red,0,0.987198266,39,16,145.1397977,22.41752949,Medium
02-03-2024 08:55,40.88597924,-73.91122708,41,15.36242511,10.5768391,Green,0,-0.338358647,70,27,497.3096886,22.9496452,High
02-03-2024 09:00,40.83415946,-73.72730274,150,26.10452802,86.55014056,Red,0,0.297396923,99,8,428.3153988,23.22207619,High
02-03-2024 09:05,40.66433681,-73.7097357,33,5.308721543,43.26039309,Yellow,0,0.487455607,93,32,232.6400012,27.9214925,High
02-03-2024 09:10,40.61002892,-73.82895919,74,30.4189173,78.88578685,Yellow,0,-0.615703623,3,14,354.1437459,26.64734698,Medium
02-03-2024 09:15,40.85939187,-73.85478306,83,25.25310822,29.98291719,Green,0,0.905124761,83,9,371.2083215,28.40104088,Medium
02-03-2024 09:20,40.83973896,-73.99661767,97,12.44689805,41.99957407,Yellow,0,-0.375941253,37,41,207.4345909,9.066946033,High
02-03-2024 09:25,40.6372412,-73.75941508,85,11.96177716,14.16402948,Yellow,0,0.22283224,4,13,95.14512206,13.83611187,High
02-03-2024 09:30,40.82812063,-73.91331847,201,57.88635615,52.54625331,Red,0,0.714642259,49,25,426.08801,8.854276171,High
02-03-2024 09:35,40.68773114,-73.85555,286,15.13539829,98.03217383,Red,0,-0.567833643,33,14,299.0444257,26.6423994,High
02-03-2024 09:40,40.86452133,-73.91492442,77,23.4803437,81.19131335,Yellow,0,-0.943485186,17,49,322.3969937,11.10978364,High
02-03-2024 09:45,40.86415379,-73.90437684,101,38.19817738,82.71101091,Red,0,0.302104877,43,45,220.3588819,13.25313555,High
02-03-2024 09:50,40.85574177,-73.96797938,130,35.61148027,51.83359418,Red,1,-0.491040883,34,32,152.2314368,23.25959945,High
02-03-2024 09:55,40.76526291,-73.87754989,233,31.06012948,32.84865072,Yellow,0,-0.328214813,68,18,268.5317498,5.149035466,High
02-03-2024 10:00,40.65870018,-73.87839631,154,9.465448015,38.7459695,Yellow,0,0.367636387,36,9,171.2983813,16.77371757,High
02-03-2024 10:05,40.68537511,-73.76718707,72,6.25443114,70.05246807,Yellow,0,-0.490776396,68,12,397.3932544,21.62066519,High
02-03-2024 10:10,40.70225289,-73.93188082,25,34.51145218,73.59161805,Green,0,-0.926117741,95,38,382.4303479,7.307765302,Medium
02-03-2024 10:15,40.61841954,-73.7016091,263,44.595323,36.65767159,Red,0,-0.865444887,2,37,293.1304392,5.602583013,High
02-03-2024 10:20,40.64668778,-73.91539871,48,20.73926979,93.67947092,Yellow,0,0.358640371,28,25,75.05842942,25.97036031,High
02-03-2024 10:25,40.7746099,-73.91350925,174,42.48119356,33.61443875,Green,0,0.563055022,68,3,271.037967,19.5351777,Medium
02-03-2024 10:30,40.63743061,-73.87433096,155,42.46858323,67.80990247,Red,0,-0.384618349,65,14,90.10705519,9.637172993,Medium
02-03-2024 10:35,40.78257545,-73.83438743,192,20.31192022,37.52040156,Green,0,-0.369521769,27,4,77.50947185,22.08791078,Medium
02-03-2024 10:40,40.83037856,-73.76265396,208,77.79380213,22.89591526,Green,0,-0.983048355,68,6,360.9278314,17.69571301,High
02-03-2024 10:45,40.82420472,-73.78969819,241,50.93274473,57.87475555,Red,1,-0.421013237,44,34,139.5528582,20.973475,High
02-03-2024 10:50,40.87439093,-73.97734787,52,76.59428532,47.15196351,Green,0,-0.564520379,48,44,255.9151631,17.83612919,Low
02-03-2024 10:55,40.87997426,-73.88741046,236,14.55401339,98.02094179,Yellow,0,0.873784407,27,20,290.3753461,23.58144443,High
02-03-2024 11:00,40.76343529,-73.81227064,241,74.44478307,88.03045522,Red,0,0.981733319,27,44,405.8382473,19.30677464,High
02-03-2024 11:05,40.69658271,-73.76946783,193,6.983052063,63.67363371,Red,0,0.675369383,52,42,229.232183,17.42589488,High
02-03-2024 11:10,40.75076828,-73.79482997,251,64.89742859,79.97473902,Green,0,0.037221422,97,5,335.8842389,9.290777122,High
02-03-2024 11:15,40.730136,-73.76565123,14,72.06900201,48.10602004,Yellow,0,-0.513924863,43,22,170.8685226,7.15804061,Low
02-03-2024 11:20,40.80691447,-73.97337667,197,48.4223894,38.91832448,Green,0,0.821384126,72,30,167.013684,25.5768748,Medium
02-03-2024 11:25,40.73022585,-73.82071038,106,75.93193459,13.55632479,Red,0,0.173843465,38,7,131.8172142,14.25702567,Medium
02-03-2024 11:30,40.63276227,-73.97906973,183,9.729916733,78.62060089,Green,0,0.584255296,95,26,358.5075098,17.75079063,High
02-03-2024 11:35,40.88279216,-73.90357124,84,31.79099327,88.56893167,Red,0,-0.917639125,87,22,185.4206738,15.00637243,High
02-03-2024 11:40,40.72911652,-73.81454238,32,24.49014306,92.00204038,Green,0,0.476281751,25,23,69.31799889,25.47047231,High
02-03-2024 11:45,40.71110052,-73.74494227,225,7.501493124,60.42259608,Red,0,0.060885034,95,38,376.3842116,22.7851968,High
02-03-2024 11:50,40.73623986,-73.73151414,226,68.33096477,92.8589042,Green,1,-0.249748574,46,21,309.8134979,6.983094304,High
02-03-2024 11:55,40.86465245,-73.99271333,171,65.06048472,31.91927956,Yellow,0,-0.39312755,82,39,368.1761234,7.268840433,Medium
02-03-2024 12:00,40.87537367,-73.94306893,249,32.48909545,17.67468814,Green,0,0.127534962,82,23,316.9533809,11.28450157,High
02-03-2024 12:05,40.6703059,-73.75414295,236,74.65708873,16.00344106,Green,0,-0.601432075,74,29,124.883917,7.180719887,High
02-03-2024 12:10,40.7357115,-73.78236037,284,41.65829337,33.17895737,Green,0,-0.555940643,66,49,182.5740919,16.33232259,High
02-03-2024 12:15,40.63583867,-73.82960681,77,5.478466019,92.31665075,Green,0,0.118891519,89,2,290.8598283,19.25630977,High
02-03-2024 12:20,40.75672766,-73.83348587,293,78.27510058,51.48066826,Red,0,0.053634633,62,36,464.8722483,17.29883778,High
02-03-2024 12:25,40.89155626,-73.70564731,144,33.29495363,15.43519644,Red,0,0.900672353,33,7,309.9079163,22.8947343,Medium
02-03-2024 12:30,40.77172036,-73.84617334,49,23.92885793,89.49967573,Red,0,-0.549081738,49,26,366.9158767,10.73830411,High
02-03-2024 12:35,40.75673146,-73.87455304,44,75.17498964,95.5676227,Red,0,0.232013275,43,38,199.0814325,12.03037639,High
02-03-2024 12:40,40.65536705,-73.78218423,257,54.47039681,80.82227487,Green,0,0.785137912,80,39,253.2490189,27.12880386,High
02-03-2024 12:45,40.73021838,-73.92672789,164,36.16242671,53.67613877,Red,0,-0.836904568,71,39,482.3797988,29.07657473,Medium
02-03-2024 12:50,40.8259517,-73.80129162,182,13.21207052,51.01387506,Yellow,0,-0.704692957,88,43,465.3530256,11.12265417,High
02-03-2024 12:55,40.64105295,-73.84181316,294,47.11644464,49.27627765,Yellow,0,0.394891598,13,45,399.5029455,28.90603324,High
02-03-2024 13:00,40.82050142,-73.74349631,67,66.16981047,47.81300047,Green,0,0.524221647,90,38,429.794865,23.45817736,Low
02-03-2024 13:05,40.84304226,-73.97226155,111,76.05551049,54.46376919,Green,0,-0.035018447,8,15,284.8589352,6.486363578,Medium
02-03-2024 13:10,40.87106025,-73.82738593,175,54.50383462,97.45176164,Green,0,0.159118832,17,14,357.9393632,19.59780286,High
02-03-2024 13:15,40.83034078,-73.97389481,201,43.64644793,68.40394442,Green,0,0.994782274,90,4,497.0880917,14.10148958,High
02-03-2024 13:20,40.74582742,-73.7204947,175,55.69479187,63.68410603,Red,0,-0.024179373,31,23,203.4143927,13.4460818,Medium
02-03-2024 13:25,40.66328368,-73.72546479,37,14.76650842,92.43357251,Green,0,0.400845528,34,29,446.3363627,21.52820474,High
02-03-2024 13:30,40.80733007,-73.99721662,215,6.208133676,71.30455521,Yellow,0,-0.573124001,92,20,364.799306,5.863735081,High
02-03-2024 13:35,40.64446688,-73.78341781,28,17.62472103,40.78132933,Green,1,-0.299110457,59,49,232.8336697,29.69151726,High
02-03-2024 13:40,40.76023975,-73.88556036,86,73.8485616,23.88041613,Yellow,0,-0.12191431,50,3,394.5304908,23.2660965,Low
02-03-2024 13:45,40.60356739,-73.88718242,207,36.74702691,45.13300102,Yellow,0,0.90007674,36,10,281.0706015,7.165307684,High
02-03-2024 13:50,40.73573871,-73.84527933,237,44.67017031,20.32315154,Red,0,-0.571688996,52,21,206.9812128,25.37701228,High
02-03-2024 13:55,40.73662233,-73.98053294,232,6.768884049,78.47699446,Red,0,0.036121172,55,31,236.9984078,12.98672846,High
02-03-2024 14:00,40.89501158,-73.92791894,281,41.0893107,67.85113676,Yellow,0,-0.766544173,26,1,354.3821036,15.9252672,High
02-03-2024 14:05,40.645833,-73.88866145,129,72.0233017,75.05506323,Red,0,-0.509274785,81,30,444.1622208,29.59302455,Medium
02-03-2024 14:10,40.66129618,-73.91640277,21,45.0078878,25.8308185,Red,0,-0.399566949,36,11,211.125515,18.25927761,Low
02-03-2024 14:15,40.7034006,-73.70951602,245,69.63144807,94.85975189,Red,0,-0.217514168,56,24,83.34889085,28.93405914,High
02-03-2024 14:20,40.70266694,-73.87988358,94,16.93263702,90.32236771,Yellow,0,-0.129917537,48,16,324.8627836,17.27711279,High
02-03-2024 14:25,40.70292422,-73.92627802,181,42.60061545,42.87446822,Red,0,0.275497823,3,18,78.28792604,5.057318564,Medium
02-03-2024 14:30,40.72238459,-73.92554683,221,5.243503315,38.24055942,Red,0,-0.282003048,20,4,57.76321242,13.82088209,High
02-03-2024 14:35,40.88544298,-73.98353337,284,65.8898741,78.51717382,Yellow,0,-0.506814649,41,29,357.7785229,21.08630277,High
02-03-2024 14:40,40.8449241,-73.85787722,257,27.86858767,50.24600936,Yellow,1,0.622545194,30,21,207.3037785,24.75025041,High
02-03-2024 14:45,40.82439673,-73.79584,62,38.60734496,97.93906415,Green,0,0.006271369,61,35,334.675015,18.25061878,High
02-03-2024 14:50,40.71524989,-73.90090081,204,67.91879418,75.32335526,Green,0,0.964281967,72,49,76.95160779,9.636107039,High
02-03-2024 14:55,40.75201846,-73.8402347,168,49.23876967,93.77658915,Red,0,0.906691046,6,25,322.8672209,7.99756475,High
02-03-2024 15:00,40.85666585,-73.87683573,285,21.73827805,32.11616279,Green,0,-0.440374748,96,15,215.7818838,11.03298762,High
02-03-2024 15:05,40.79273345,-73.93530177,26,61.59106807,69.87820271,Green,0,0.703051016,95,18,483.3305514,17.28974425,Medium
02-03-2024 15:10,40.64638946,-73.95275372,185,48.00859027,30.27513802,Red,0,-0.048442366,18,48,92.73884477,13.16821902,Medium
02-03-2024 15:15,40.67000775,-73.93155169,36,77.60412363,21.37863539,Red,0,0.580999129,31,12,88.39776082,15.17171921,Low
02-03-2024 15:20,40.87724654,-73.77015414,146,13.36172893,69.04200387,Green,0,-0.319925461,34,44,396.9023822,23.53004155,High
02-03-2024 15:25,40.82511696,-73.93670228,82,45.4635755,93.96290185,Red,0,0.693843269,82,11,410.0750204,17.61352854,High
02-03-2024 15:30,40.76979533,-73.72295046,182,63.85543114,24.88151839,Red,0,0.104674589,20,25,234.9672527,12.3314893,Medium
02-03-2024 15:35,40.8953793,-73.88939519,282,53.0484032,14.01401696,Green,0,-0.88401991,45,21,460.1225367,10.28779494,High
02-03-2024 15:40,40.67476304,-73.72120338,255,51.78866628,25.07563579,Yellow,0,-0.478422717,17,46,366.982238,9.525673379,High
02-03-2024 15:45,40.7659341,-73.73475966,143,29.82080872,90.71920743,Green,0,0.013322473,36,40,168.1847174,14.16077717,High
02-03-2024 15:50,40.60308606,-73.86274297,73,19.00260393,88.57142222,Green,0,-0.482697436,47,19,140.8529524,28.32106188,High
02-03-2024 15:55,40.80053233,-73.90782079,48,69.80575194,10.5234619,Green,0,0.140725956,40,27,164.9937737,26.59324755,Low
02-03-2024 16:00,40.7117873,-73.93744768,118,5.440155756,28.38491871,Red,0,-0.049406444,33,19,160.3420273,20.9689911,High
02-03-2024 16:05,40.80417608,-73.74379393,153,68.94173432,36.39243007,Red,0,0.430778224,28,8,105.1279815,18.03158486,Medium
02-03-2024 16:10,40.69367717,-73.84367907,188,75.69054988,29.37279994,Yellow,0,0.976995334,71,33,110.4980008,8.571789782,Medium
02-03-2024 16:15,40.77792688,-73.89041397,188,50.61616835,65.5078365,Red,0,0.920305432,43,21,460.6693218,6.100360627,Medium
02-03-2024 16:20,40.75861627,-73.81935852,150,46.59298412,15.31665589,Green,0,-0.915199118,26,18,372.5191453,24.42098194,Medium
02-03-2024 16:25,40.69465998,-73.86110683,225,8.085902406,53.09774855,Green,1,-0.774266588,43,38,166.9748129,6.31995066,High
02-03-2024 16:30,40.67699688,-73.99117752,39,10.67246268,17.3163445,Red,0,-0.336323186,40,22,159.7054427,21.70270655,High
02-03-2024 16:35,40.61056998,-73.71046727,229,9.634636734,66.57495149,Green,0,-0.157041011,82,2,381.5710396,20.54225911,High
02-03-2024 16:40,40.89592355,-73.72538024,121,54.35337205,88.81880377,Yellow,0,-0.813768839,57,49,447.2470507,24.91258476,High
02-03-2024 16:45,40.86337571,-73.87256909,55,41.84537698,87.97693758,Green,0,0.931796743,70,40,191.3686119,9.742284586,High
02-03-2024 16:50,40.76295465,-73.75171251,114,73.64167959,69.7180859,Yellow,0,0.016176869,72,29,316.3860349,9.535217882,Medium
02-03-2024 16:55,40.82840399,-73.7705553,256,47.1825516,98.31572736,Red,0,0.919466821,42,8,153.7731128,17.05304456,High
02-03-2024 17:00,40.65548417,-73.88462076,228,38.9265971,52.59418888,Red,0,-0.29086261,41,10,399.7875429,11.40525767,High
02-03-2024 17:05,40.70800816,-73.893748,143,50.4884893,13.52672211,Green,0,0.106056328,70,11,315.8845138,11.11350171,Medium
02-03-2024 17:10,40.62052497,-73.77425736,123,74.40901013,38.16683375,Yellow,0,0.382914394,90,26,62.34227792,28.16878555,Medium
02-03-2024 17:15,40.63193623,-73.75984939,144,37.36965037,94.99049262,Yellow,1,0.910399244,72,16,394.8165599,15.46603723,High
02-03-2024 17:20,40.70571416,-73.71485328,250,53.62813177,60.39174535,Yellow,0,0.243286394,62,16,197.2310742,13.39731466,High
02-03-2024 17:25,40.78207437,-73.9973414,108,14.20720105,14.90443507,Yellow,0,0.767989863,22,9,400.5817472,24.64607246,High
02-03-2024 17:30,40.77540781,-73.97054912,10,72.03080296,51.17143678,Green,0,0.641686114,29,43,58.13050948,25.50250232,Medium
02-03-2024 17:35,40.78534474,-73.89711241,63,44.87964048,26.54228027,Red,0,-0.731512992,81,20,412.9892551,6.854317911,Low
02-03-2024 17:40,40.62756014,-73.97329465,273,61.08313211,48.706453,Red,0,0.589676412,16,18,303.9388288,29.40589752,High
02-03-2024 17:45,40.6843403,-73.92042025,13,75.37875292,60.04940157,Yellow,0,0.546514898,62,3,423.7201203,15.39178315,Medium
02-03-2024 17:50,40.60100326,-73.9410036,201,11.38528571,56.32760992,Yellow,1,0.253094413,62,46,498.9949087,10.47717213,High
02-03-2024 17:55,40.73264015,-73.85560514,196,13.55781413,17.06772759,Red,0,-0.776633906,55,7,429.8841678,12.95204327,High
02-03-2024 18:00,40.77391946,-73.80905869,273,41.52795493,13.9900329,Yellow,0,0.537760473,5,21,302.1199192,9.40048495,High
02-03-2024 18:05,40.71763512,-73.92981265,293,38.18420711,40.5751919,Yellow,0,-0.804491715,32,45,101.5381111,5.508607897,High
02-03-2024 18:10,40.89097597,-73.9828346,57,17.11612452,34.72229563,Green,0,0.361416671,53,13,307.7855441,13.09234741,High
02-03-2024 18:15,40.84535011,-73.9577183,171,41.27267259,28.74912068,Green,0,-0.637591277,20,7,337.6429536,13.26274132,Medium
02-03-2024 18:20,40.81821041,-73.91453224,135,7.993845386,22.92435599,Yellow,0,-0.493489945,2,48,371.5939375,16.00819921,High
02-03-2024 18:25,40.77725552,-73.85264264,104,78.76323488,32.81204297,Red,0,0.511163664,32,30,397.4034639,17.98648326,Medium
02-03-2024 18:30,40.66495278,-73.84685607,80,46.84435647,28.95234592,Yellow,0,-0.045473124,6,9,75.96110439,13.3141245,Low
02-03-2024 18:35,40.89371117,-73.94686169,298,77.78485881,95.72850384,Yellow,0,0.683825933,8,49,407.962609,14.57067325,High
02-03-2024 18:40,40.85691395,-73.88592832,283,79.96037714,21.08049324,Red,0,-0.100259764,46,38,417.3475485,8.344543798,High
02-03-2024 18:45,40.6048334,-73.88721877,109,7.198012068,39.6630088,Green,0,0.560448169,95,8,196.979847,18.02754158,High
02-03-2024 18:50,40.66432328,-73.95238707,256,42.38096028,28.97918675,Yellow,0,-0.157257021,3,16,190.6789821,16.42545563,High
02-03-2024 18:55,40.70121687,-73.72992927,148,54.49623508,97.58178971,Yellow,1,-0.21176134,79,49,256.1630672,17.88069501,High
02-03-2024 19:00,40.77210826,-73.73360754,203,23.64702804,99.76497474,Yellow,0,-0.025027658,81,38,77.7405727,7.763880403,High
02-03-2024 19:05,40.84550815,-73.96265978,255,37.39466407,97.58191383,Yellow,0,0.146224849,28,41,319.2692243,18.78249632,High
02-03-2024 19:10,40.75793322,-73.80933476,232,5.435831475,70.10077783,Yellow,0,-0.256848501,89,11,136.961045,21.99152476,High
02-03-2024 19:15,40.87199841,-73.82350114,200,30.12098425,14.78688051,Yellow,0,-0.260011732,27,49,488.3939393,12.74386593,Medium
02-03-2024 19:20,40.60845877,-73.84077782,19,27.17053633,25.52943824,Yellow,0,-0.708384188,39,0,499.5189648,21.90710795,Medium
02-03-2024 19:25,40.6886891,-73.80089214,262,79.9844482,85.6932687,Yellow,1,0.411889276,93,4,171.4178917,17.15762542,High
02-03-2024 19:30,40.75309433,-73.77219385,67,56.73504157,74.9093028,Yellow,0,-0.194521721,15,26,89.69046498,12.03272017,Medium
02-03-2024 19:35,40.67604762,-73.94483017,293,73.03702111,17.46466311,Green,0,-0.262279659,57,47,95.89475586,25.54014034,High
02-03-2024 19:40,40.79202439,-73.77278443,257,15.64194476,56.82746505,Green,0,-0.451249291,72,27,480.136196,29.93297332,High
02-03-2024 19:45,40.70503343,-73.9185643,185,43.16531872,86.16787145,Yellow,0,-0.433904558,22,42,92.08708408,17.11622386,High
02-03-2024 19:50,40.68228277,-73.80781308,39,55.07666696,46.02314067,Yellow,0,0.81606485,98,33,86.13746877,9.64082627,Low
02-03-2024 19:55,40.75842845,-73.88648178,192,19.42130979,32.5215689,Red,0,0.569535206,17,6,433.6980858,12.7998018,High
02-03-2024 20:00,40.73493654,-73.85713277,299,14.5470783,54.82464461,Red,0,-0.888208441,84,41,242.9362241,23.64629486,High
02-03-2024 20:05,40.78922674,-73.83904976,126,27.26388986,52.8760899,Green,0,0.047071581,62,33,230.5424775,10.46255059,Medium
02-03-2024 20:10,40.70790249,-73.84187912,105,59.62762643,31.48127825,Green,0,-0.062343631,62,23,186.6350481,13.22726004,Medium
02-03-2024 20:15,40.64614085,-73.89005756,50,31.44703899,94.79420218,Green,1,-0.713718409,46,16,168.1959331,9.777526573,High
02-03-2024 20:20,40.81321891,-73.81172911,131,70.48022728,78.79533813,Green,0,-0.224163144,73,43,499.6209757,10.55637385,Medium
02-03-2024 20:25,40.67243507,-73.75942039,61,57.62843496,86.35045754,Yellow,1,-0.949168688,52,27,361.6631305,23.13018642,High
02-03-2024 20:30,40.84108463,-73.8772646,156,30.01281037,14.28671764,Yellow,0,-0.980687947,98,12,205.2156777,24.67253358,Medium
02-03-2024 20:35,40.76100507,-73.94482213,107,46.58037987,11.62057232,Yellow,0,0.862468455,99,31,481.8175197,26.43060866,Medium
02-03-2024 20:40,40.85233557,-73.81984211,256,35.28433135,59.61145827,Yellow,0,-0.945694363,67,44,57.79222999,11.59120741,High
02-03-2024 20:45,40.89882557,-73.71685852,159,32.35067718,56.47308515,Green,0,0.780220736,55,32,339.0200859,26.32832849,Medium
02-03-2024 20:50,40.8986733,-73.85775567,35,14.89335705,72.38023652,Yellow,0,-0.827197445,72,10,297.042552,11.35354448,High
02-03-2024 20:55,40.73458301,-73.91597657,27,7.49411758,37.6893087,Green,0,-0.411361886,53,30,201.5549967,7.384430503,High
02-03-2024 21:00,40.86103546,-73.83990194,193,75.70822842,70.08800468,Green,0,0.587180364,55,5,339.1412622,23.5184989,Medium
02-03-2024 21:05,40.80138672,-73.94034357,256,19.11529986,61.52231915,Red,0,0.481329948,6,28,299.883326,6.126858198,High
02-03-2024 21:10,40.63664878,-73.83877411,144,61.48883342,91.27426457,Red,0,0.780536963,3,4,135.0266809,25.93231241,High
02-03-2024 21:15,40.88340394,-73.73957596,140,5.942196989,36.41817486,Green,0,0.225740015,24,11,406.2292269,7.321810129,High
02-03-2024 21:20,40.6152288,-73.95037618,219,6.740431828,67.0674078,Green,0,-0.890998859,67,44,402.5618118,8.965865187,High
02-03-2024 21:25,40.64158213,-73.90906673,144,64.55987764,27.61085251,Green,0,-0.536837892,95,33,270.6776844,23.71972765,Medium
02-03-2024 21:30,40.61688142,-73.79721693,21,52.34760843,33.05046334,Red,0,0.321241438,38,5,182.1428957,29.52200355,Low
02-03-2024 21:35,40.61745735,-73.72502978,111,30.46068813,41.05635525,Green,0,-0.329197217,56,20,489.2952611,15.04546892,Medium
02-03-2024 21:40,40.89327607,-73.99325399,234,43.87370151,22.22090454,Yellow,0,0.64774364,59,22,361.7039824,24.11481645,High
02-03-2024 21:45,40.86518981,-73.83389398,256,45.84786872,84.00083207,Yellow,0,-0.763840251,61,13,58.30455639,10.37558926,High
02-03-2024 21:50,40.6701085,-73.86781829,226,50.02435284,35.64057295,Green,0,-0.737397018,91,31,199.0907798,28.92878788,High
02-03-2024 21:55,40.87433531,-73.92122816,191,21.56427823,10.37085333,Green,0,0.61694358,35,41,215.3020759,20.12577157,Medium
02-03-2024 22:00,40.61357638,-73.94541627,85,75.74608523,68.02748565,Red,0,-0.135380133,46,42,62.70728629,28.49185182,Medium
02-03-2024 22:05,40.8232618,-73.82456968,59,62.37237942,75.44184112,Yellow,0,0.561713459,89,23,366.8430876,17.98749495,Medium
02-03-2024 22:10,40.651701,-73.85476351,120,6.608375149,86.1954488,Yellow,0,0.281293083,61,0,261.6769564,25.91417942,High
,,,,,,,,,,,,,
,,,,,,,,,,,,,
,,,,,,,,,,,,,
,,,,,,,,,,,,,
,,,,,,,,,,,,,
,,,,,,,,,,,,,
,,,,,,,,,,,,,
,,,,,,,,,,,,,
,,,,,,,,,,,,,
,,,,,,,,,,,,,
,,,,,,,,,,,,,
,,,,,,,,,,,,,
,,,,,,,,,,,,,
,,,,,,,,,,,,,
,,,,,,,,,,,,,
,,,,,,,,,,,,,
,,,,,,,,,,,,,
,,,,,,,,,,,,,
,,,,,,,,,,,,,
,,,,,,,,,,,,,
,,,,,,,,,,,,,
,,,,,,,,,,,,,
,,,,,,,,,,,,,
,,,,,,,,,,,,,
,,,,,,,,,,,,,
,,,,,,,,,,,,,
,,,,,,,,,,,,,
,,,,,,,,,,,,,
,,,,,,,,,,,,,
,,,,,,,,,,,,,
,,,,,,,,,,,,,
,,,,,,,,,,,,,
,,,,,,,,,,,,,
,,,,,,,,,,,,,
,,,,,,,,,,,,,
,,,,,,,,,,,,,
,,,,,,,,,,,,,
,,,,,,,,,,,,,
,,,,,,,,,,,,,
,,,,,,,,,,,,,
,,,,,,,,,,,,,
,,,,,,,,,,,,,
,,,,,,,,,,,,,
,,,,,,,,,,,,,
,,,,,,,,,,,,,
,,,,,,,,,,,,,
,,,,,,,,,,,,,
,,,,,,,,,,,,,
,,,,,,,,,,,,,
,,,,,,,,,,,,,
,,,,,,,,,,,,,
,,,,,,,,,,,,,
,,,,,,,,,,,,,
,,,,,,,,,,,,,
,,,,,,,,,,,,,
,,,,,,,,,,,,,
,,,,,,,,,,,,,
,,,,,,,,,,,,,
,,,,,,,,,,,,,
,,,,,,,,,,,,,
,,,,,,,,,,,,,
,,,,,,,,,,,,,
,,,,,,,,,,,,,
,,,,,,,,,,,,,
,,,,,,,,,,,,,
,,,,,,,,,,,,,
,,,,,,,,,,,,,
,,,,,,,,,,,,,
,,,,,,,,,,,,,
,,,,,,,,,,,,,
,,,,,,,,,,,,,
,,,,,,,,,,,,,
,,,,,,,,,,,,,
,,,,,,,,,,,,,
,,,,,,,,,,,,,
,,,,,,,,,,,,,
,,,,,,,,,,,,,
,,,,,,,,,,,,,
,,,,,,,,,,,,,
,,,,,,,,,,,,,
,,,,,,,,,,,,,
,,,,,,,,,,,,,
,,,,,,,,,,,,,
,,,,,,,,,,,,,
,,,,,,,,,,,,,
,,,,,,,,,,,,,
,,,,,,,,,,,,,
,,,,,,,,,,,,,
,,,,,,,,,,,,,
,,,,,,,,,,,,,
,,,,,,,,,,,,,
,,,,,,,,,,,,,
,,,,,,,,,,,,,
,,,,,,,,,,,,,
,,,,,,,,,,,,,
,,,,,,,,,,,,,
,,,,,,,,,,,,,
,,,,,,,,,,,,,
,,,,,,,,,,,,,
,,,,,,,,,,,,,
,,,,,,,,,,,,,
,,,,,,,,,,,,,
,,,,,,,,,,,,,
,,,,,,,,,,,,,
,,,,,,,,,,,,,
,,,,,,,,,,,,,
,,,,,,,,,,,,,
,,,,,,,,,,,,,
,,,,,,,,,,,,,
,,,,,,,,,,,,,
,,,,,,,,,,,,,
,,,,,,,,,,,,,
,,,,,,,,,,,,,
,,,,,,,,,,,,,
,,,,,,,,,,,,,
,,,,,,,,,,,,,
,,,,,,,,,,,,,
,,,,,,,,,,,,,
,,,,,,,,,,,,,
,,,,,,,,,,,,,
,,,,,,,,,,,,,
,,,,,,,,,,,,,
,,,,,,,,,,,,,
,,,,,,,,,,,,,
,,,,,,,,,,,,,
,,,,,,,,,,,,,
,,,,,,,,,,,,,
,,,,,,,,,,,,,
,,,,,,,,,,,,,
,,,,,,,,,,,,,
,,,,,,,,,,,,,
,,,,,,,,,,,,,
,,,,,,,,,,,,,
,,,,,,,,,,,,,
,,,,,,,,,,,,,
,,,,,,,,,,,,,
,,,,,,,,,,,,,
,,,,,,,,,,,,,
,,,,,,,,,,,,,
,,,,,,,,,,,,,
,,,,,,,,,,,,,
,,,,,,,,,,,,,
,,,,,,,,,,,,,
,,,,,,,,,,,,,
,,,,,,,,,,,,,
,,,,,,,,,,,,,
,,,,,,,,,,,,,
,,,,,,,,,,,,,
,,,,,,,,,,,,,
,,,,,,,,,,,,,
,,,,,,,,,,,,,
,,,,,,,,,,,,,
,,,,,,,,,,,,,
,,,,,,,,,,,,,
,,,,,,,,,,,,,
,,,,,,,,,,,,,
,,,,,,,,,,,,,
,,,,,,,,,,,,,
,,,,,,,,,,,,,
,,,,,,,,,,,,,
,,,,,,,,,,,,,
,,,,,,,,,,,,,
,,,,,,,,,,,,,
,,,,,,,,,,,,,
,,,,,,,,,,,,,
,,,,,,,,,,,,,
,,,,,,,,,,,,,
,,,,,,,,,,,,,
,,,,,,,,,,,,,
,,,,,,,,,,,,,
,,,,,,,,,,,,,
,,,,,,,,,,,,,
,,,,,,,,,,,,,
,,,,,,,,,,,,,
,,,,,,,,,,,,,
,,,,,,,,,,,,,
,,,,,,,,,,,,,
,,,,,,,,,,,,,
,,,,,,,,,,,,,
,,,,,,,,,,,,,
,,,,,,,,,,,,,
,,,,,,,,,,,,,
,,,,,,,,,,,,,
,,,,,,,,,,,,,
,,,,,,,,,,,,,
,,,,,,,,,,,,,
,,,,,,,,,,,,,
,,,,,,,,,,,,,
,,,,,,,,,,,,,
,,,,,,,,,,,,,
,,,,,,,,,,,,,
,,,,,,,,,,,,,
,,,,,,,,,,,,,
,,,,,,,,,,,,,
,,,,,,,,,,,,,
,,,,,,,,,,,,,
,,,,,,,,,,,,,
,,,,,,,,,,,,,
,,,,,,,,,,,,,
,,,,,,,,,,,,,
,,,,,,,,,,,,,
,,,,,,,,,,,,,
,,,,,,,,,,,,,
,,,,,,,,,,,,,
,,,,,,,,,,,,,
,,,,,,,,,,,,,
,,,,,,,,,,,,,
,,,,,,,,,,,,,
,,,,,,,,,,,,,
,,,,,,,,,,,,,
,,,,,,,,,,,,,
,,,,,,,,,,,,,
,,,,,,,,,,,,,
,,,,,,,,,,,,,
,,,,,,,,,,,,,
,,,,,,,,,,,,,
,,,,,,,,,,,,,
,,,,,,,,,,,,,
,,,,,,,,,,,,,
,,,,,,,,,,,,,
,,,,,,,,,,,,,
,,,,,,,,,,,,,
,,,,,,,,,,,,,
,,,,,,,,,,,,,
,,,,,,,,,,,,,
,,,,,,,,,,,,,
,,,,,,,,,,,,,
,,,,,,,,,,,,,
,,,,,,,,,,,,,
,,,,,,,,,,,,,
,,,,,,,,,,,,,
,,,,,,,,,,,,,
,,,,,,,,,,,,,
,,,,,,,,,,,,,
,,,,,,,,,,,,,
,,,,,,,,,,,,,
,,,,,,,,,,,,,
,,,,,,,,,,,,,
,,,,,,,,,,,,,
,,,,,,,,,,,,,
,,,,,,,,,,,,,
,,,,,,,,,,,,,
,,,,,,,,,,,,,
,,,,,,,,,,,,,
,,,,,,,,,,,,,
,,,,,,,,,,,,,
,,,,,,,,,,,,,
,,,,,,,,,,,,,
,,,,,,,,,,,,,
,,,,,,,,,,,,,
,,,,,,,,,,,,,
,,,,,,,,,,,,,
,,,,,,,,,,,,,
,,,,,,,,,,,,,
,,,,,,,,,,,,,
,,,,,,,,,,,,,
,,,,,,,,,,,,,
,,,,,,,,,,,,,
,,,,,,,,,,,,,
,,,,,,,,,,,,,
,,,,,,,,,,,,,
,,,,,,,,,,,,,
,,,,,,,,,,,,,
,,,,,,,,,,,,,
,,,,,,,,,,,,,
,,,,,,,,,,,,,
,,,,,,,,,,,,,
,,,,,,,,,,,,,
,,,,,,,,,,,,,
,,,,,,,,,,,,,
,,,,,,,,,,,,,
,,,,,,,,,,,,,
,,,,,,,,,,,,,
,,,,,,,,,,,,,
,,,,,,,,,,,,,
,,,,,,,,,,,,,
,,,,,,,,,,,,,
,,,,,,,,,,,,,
,,,,,,,,,,,,,
,,,,,,,,,,,,,
,,,,,,,,,,,,,
,,,,,,,,,,,,,
,,,,,,,,,,,,,
,,,,,,,,,,,,,
,,,,,,,,,,,,,
,,,,,,,,,,,,,
,,,,,,,,,,,,,
,,,,,,,,,,,,,
,,,,,,,,,,,,,
,,,,,,,,,,,,,
,,,,,,,,,,,,,
,,,,,,,,,,,,,
,,,,,,,,,,,,,
,,,,,,,,,,,,,
,,,,,,,,,,,,,
,,,,,,,,,,,,,
,,,,,,,,,,,,,
,,,,,,,,,,,,,
,,,,,,,,,,,,,
,,,,,,,,,,,,,
,,,,,,,,,,,,,
,,,,,,,,,,,,,
,,,,,,,,,,,,,
,,,,,,,,,,,,,
,,,,,,,,,,,,,
,,,,,,,,,,,,,
,,,,,,,,,,,,,
,,,,,,,,,,,,,
,,,,,,,,,,,,,
,,,,,,,,,,,,,
,,,,,,,,,,,,,
,,,,,,,,,,,,,
,,,,,,,,,,,,,
,,,,,,,,,,,,,
,,,,,,,,,,,,,
,,,,,,,,,,,,,
,,,,,,,,,,,,,
,,,,,,,,,,,,,
,,,,,,,,,,,,,
,,,,,,,,,,,,,
,,,,,,,,,,,,,
,,,,,,,,,,,,,
,,,,,,,,,,,,,
,,,,,,,,,,,,,
,,,,,,,,,,,,,
,,,,,,,,,,,,,
,,,,,,,,,,,,,
,,,,,,,,,,,,,
,,,,,,,,,,,,,
,,,,,,,,,,,,,
,,,,,,,,,,,,,
,,,,,,,,,,,,,
,,,,,,,,,,,,,
,,,,,,,,,,,,,
,,,,,,,,,,,,,
,,,,,,,,,,,,,
,,,,,,,,,,,,,
,,,,,,,,,,,,,
,,,,,,,,,,,,,
,,,,,,,,,,,,,
,,,,,,,,,,,,,
,,,,,,,,,,,,,
,,,,,,,,,,,,,
,,,,,,,,,,,,,
,,,,,,,,,,,,,
,,,,,,,,,,,,,
,,,,,,,,,,,,,
,,,,,,,,,,,,,
,,,,,,,,,,,,,
,,,,,,,,,,,,,
,,,,,,,,,,,,,
,,,,,,,,,,,,,
,,,,,,,,,,,,,
,,,,,,,,,,,,,
,,,,,,,,,,,,,
,,,,,,,,,,,,,
,,,,,,,,,,,,,
,,,,,,,,,,,,,
,,,,,,,,,,,,,
,,,,,,,,,,,,,
,,,,,,,,,,,,,
,,,,,,,,,,,,,
,,,,,,,,,,,,,
,,,,,,,,,,,,,
,,,,,,,,,,,,,
,,,,,,,,,,,,,
,,,,,,,,,,,,,
,,,,,,,,,,,,,
,,,,,,,,,,,,,
,,,,,,,,,,,,,
,,,,,,,,,,,,,
,,,,,,,,,,,,,
,,,,,,,,,,,,,
,,,,,,,,,,,,,
,,,,,,,,,,,,,
,,,,,,,,,,,,,
,,,,,,,,,,,,,
,,,,,,,,,,,,,
,,,,,,,,,,,,,
,,,,,,,,,,,,,
,,,,,,,,,,,,,
,,,,,,,,,,,,,
,,,,,,,,,,,,,
,,,,,,,,,,,,,
,,,,,,,,,,,,,
,,,,,,,,,,,,,
,,,,,,,,,,,,,
,,,,,,,,,,,,,
,,,,,,,,,,,,,
,,,,,,,,,,,,,
,,,,,,,,,,,,,
,,,,,,,,,,,,,
,,,,,,,,,,,,,
,,,,,,,,,,,,,
,,,,,,,,,,,,,
,,,,,,,,,,,,,
,,,,,,,,,,,,,
,,,,,,,,,,,,,
,,,,,,,,,,,,,
,,,,,,,,,,,,,
,,,,,,,,,,,,,
,,,,,,,,,,,,,
,,,,,,,,,,,,,
,,,,,,,,,,,,,
,,,,,,,,,,,,,
,,,,,,,,,,,,,
,,,,,,,,,,,,,
,,,,,,,,,,,,,
,,,,,,,,,,,,,
,,,,,,,,,,,,,
,,,,,,,,,,,,,
,,,,,,,,,,,,,
,,,,,,,,,,,,,
,,,,,,,,,,,,,
,,,,,,,,,,,,,
,,,,,,,,,,,,,
,,,,,,,,,,,,,
,,,,,,,,,,,,,
,,,,,,,,,,,,,
,,,,,,,,,,,,,
,,,,,,,,,,,,,
,,,,,,,,,,,,,
,,,,,,,,,,,,,
,,,,,,,,,,,,,
,,,,,,,,,,,,,
,,,,,,,,,,,,,
,,,,,,,,,,,,,
,,,,,,,,,,,,,
,,,,,,,,,,,,,
,,,,,,,,,,,,,
,,,,,,,,,,,,,
,,,,,,,,,,,,,
,,,,,,,,,,,,,
,,,,,,,,,,,,,
,,,,,,,,,,,,,
,,,,,,,,,,,,,
,,,,,,,,,,,,,
,,,,,,,,,,,,,
,,,,,,,,,,,,,
,,,,,,,,,,,,,
,,,,,,,,,,,,,
,,,,,,,,,,,,,
,,,,,,,,,,,,,
,,,,,,,,,,,,,
,,,,,,,,,,,,,
,,,,,,,,,,,,,
,,,,,,,,,,,,,
,,,,,,,,,,,,,
,,,,,,,,,,,,,
,,,,,,,,,,,,,
,,,,,,,,,,,,,
,,,,,,,,,,,,,
,,,,,,,,,,,,,
,,,,,,,,,,,,,
,,,,,,,,,,,,,
,,,,,,,,,,,,,
,,,,,,,,,,,,,
,,,,,,,,,,,,,
,,,,,,,,,,,,,
,,,,,,,,,,,,,
,,,,,,,,,,,,,
,,,,,,,,,,,,,
,,,,,,,,,,,,,
,,,,,,,,,,,,,
,,,,,,,,,,,,,
,,,,,,,,,,,,,
,,,,,,,,,,,,,
,,,,,,,,,,,,,
,,,,,,,,,,,,,
,,,,,,,,,,,,,
,,,,,,,,,,,,,
,,,,,,,,,,,,,
,,,,,,,,,,,,,
,,,,,,,,,,,,,
,,,,,,,,,,,,,
,,,,,,,,,,,,,
,,,,,,,,,,,,,
,,,,,,,,,,,,,
,,,,,,,,,,,,,
,,,,,,,,,,,,,
,,,,,,,,,,,,,
,,,,,,,,,,,,,
,,,,,,,,,,,,,
,,,,,,,,,,,,,
,,,,,,,,,,,,,
,,,,,,,,,,,,,
,,,,,,,,,,,,,
,,,,,,,,,,,,,
,,,,,,,,,,,,,
,,,,,,,,,,,,,
,,,,,,,,,,,,,
,,,,,,,,,,,,,
,,,,,,,,,,,,,
,,,,,,,,,,,,,
,,,,,,,,,,,,,
,,,,,,,,,,,,,
,,,,,,,,,,,,,
,,,,,,,,,,,,,
,,,,,,,,,,,,,
,,,,,,,,,,,,,
,,,,,,,,,,,,,
,,,,,,,,,,,,,
,,,,,,,,,,,,,
,,,,,,,,,,,,,
,,,,,,,,,,,,,
,,,,,,,,,,,,,
,,,,,,,,,,,,,
,,,,,,,,,,,,,
,,,,,,,,,,,,,
,,,,,,,,,,,,,
,,,,,,,,,,,,,
,,,,,,,,,,,,,
,,,,,,,,,,,,,
,,,,,,,,,,,,,
,,,,,,,,,,,,,
,,,,,,,,,,,,,
,,,,,,,,,,,,,
,,,,,,,,,,,,,
,,,,,,,,,,,,,
,,,,,,,,,,,,,
,,,,,,,,,,,,,
,,,,,,,,,,,,,
,,,,,,,,,,,,,
,,,,,,,,,,,,,
,,,,,,,,,,,,,
,,,,,,,,,,,,,
,,,,,,,,,,,,,
,,,,,,,,,,,,,
,,,,,,,,,,,,,
,,,,,,,,,,,,,
,,,,,,,,,,,,,
,,,,,,,,,,,,,
,,,,,,,,,,,,,
,,,,,,,,,,,,,
,,,,,,,,,,,,,
,,,,,,,,,,,,,
,,,,,,,,,,,,,
,,,,,,,,,,,,,
,,,,,,,,,,,,,
,,,,,,,,,,,,,
,,,,,,,,,,,,,
,,,,,,,,,,,,,
,,,,,,,,,,,,,
,,,,,,,,,,,,,
,,,,,,,,,,,,,
,,,,,,,,,,,,,
,,,,,,,,,,,,,
,,,,,,,,,,,,,
,,,,,,,,,,,,,
,,,,,,,,,,,,,
,,,,,,,,,,,,,
,,,,,,,,,,,,,
,,,,,,,,,,,,,
,,,,,,,,,,,,,
,,,,,,,,,,,,,
,,,,,,,,,,,,,
,,,,,,,,,,,,,
,,,,,,,,,,,,,
,,,,,,,,,,,,,
,,,,,,,,,,,,,
,,,,,,,,,,,,,
,,,,,,,,,,,,,
,,,,,,,,,,,,,
,,,,,,,,,,,,,
,,,,,,,,,,,,,
,,,,,,,,,,,,,
,,,,,,,,,,,,,
,,,,,,,,,,,,,
,,,,,,,,,,,,,
,,,,,,,,,,,,,
,,,,,,,,,,,,,
,,,,,,,,,,,,,
,,,,,,,,,,,,,
,,,,,,,,,,,,,
,,,,,,,,,,,,,
,,,,,,,,,,,,,
,,,,,,,,,,,,,
,,,,,,,,,,,,,
,,,,,,,,,,,,,
,,,,,,,,,,,,,
,,,,,,,,,,,,,
,,,,,,,,,,,,,
,,,,,,,,,,,,,
,,,,,,,,,,,,,
,,,,,,,,,,,,,
,,,,,,,,,,,,,
,,,,,,,,,,,,,
,,,,,,,,,,,,,
,,,,,,,,,,,,,
,,,,,,,,,,,,,
,,,,,,,,,,,,,
,,,,,,,,,,,,,
,,,,,,,,,,,,,
,,,,,,,,,,,,,
,,,,,,,,,,,,,
,,,,,,,,,,,,,
,,,,,,,,,,,,,
,,,,,,,,,,,,,
,,,,,,,,,,,,,
,,,,,,,,,,,,,
,,,,,,,,,,,,,
,,,,,,,,,,,,,
,,,,,,,,,,,,,
,,,,,,,,,,,,,
,,,,,,,,,,,,,
,,,,,,,,,,,,,
,,,,,,,,,,,,,
,,,,,,,,,,,,,
,,,,,,,,,,,,,
,,,,,,,,,,,,,
,,,,,,,,,,,,,
,,,,,,,,,,,,,
,,,,,,,,,,,,,
,,,,,,,,,,,,,
,,,,,,,,,,,,,
,,,,,,,,,,,,,
,,,,,,,,,,,,,
,,,,,,,,,,,,,
,,,,,,,,,,,,,
,,,,,,,,,,,,,
,,,,,,,,,,,,,
,,,,,,,,,,,,,
,,,,,,,,,,,,,
,,,,,,,,,,,,,
,,,,,,,,,,,,,
,,,,,,,,,,,,,
,,,,,,,,,,,,,
,,,,,,,,,,,,,
,,,,,,,,,,,,,
,,,,,,,,,,,,,
,,,,,,,,,,,,,
,,,,,,,,,,,,,
,,,,,,,,,,,,,
,,,,,,,,,,,,,
,,,,,,,,,,,,,
,,,,,,,,,,,,,
,,,,,,,,,,,,,
,,,,,,,,,,,,,
,,,,,,,,,,,,,
,,,,,,,,,,,,,
,,,,,,,,,,,,,
,,,,,,,,,,,,,
,,,,,,,,,,,,,
,,,,,,,,,,,,,
,,,,,,,,,,,,,
,,,,,,,,,,,,,
,,,,,,,,,,,,,
,,,,,,,,,,,,,
,,,,,,,,,,,,,
,,,,,,,,,,,,,
,,,,,,,,,,,,,
,,,,,,,,,,,,,
,,,,,,,,,,,,,
,,,,,,,,,,,,,
,,,,,,,,,,,,,
,,,,,,,,,,,,,
,,,,,,,,,,,,,
,,,,,,,,,,,,,
,,,,,,,,,,,,,
,,,,,,,,,,,,,
,,,,,,,,,,,,,
,,,,,,,,,,,,,
,,,,,,,,,,,,,
,,,,,,,,,,,,,
,,,,,,,,,,,,,
,,,,,,,,,,,,,
,,,,,,,,,,,,,
,,,,,,,,,,,,,
,,,,,,,,,,,,,
,,,,,,,,,,,,,
,,,,,,,,,,,,,
,,,,,,,,,,,,,
,,,,,,,,,,,,,
,,,,,,,,,,,,,
,,,,,,,,,,,,,
,,,,,,,,,,,,,
,,,,,,,,,,,,,
,,,,,,,,,,,,,
,,,,,,,,,,,,,
,,,,,,,,,,,,,
,,,,,,,,,,,,,
,,,,,,,,,,,,,
,,,,,,,,,,,,,
,,,,,,,,,,,,,
,,,,,,,,,,,,,
,,,,,,,,,,,,,
,,,,,,,,,,,,,
,,,,,,,,,,,,,
,,,,,,,,,,,,,
,,,,,,,,,,,,,
,,,,,,,,,,,,,
,,,,,,,,,,,,,
,,,,,,,,,,,,,
,,,,,,,,,,,,,
,,,,,,,,,,,,,
,,,,,,,,,,,,,
,,,,,,,,,,,,,
,,,,,,,,,,,,,
,,,,,,,,,,,,,
,,,,,,,,,,,,,
,,,,,,,,,,,,,
,,,,,,,,,,,,,
,,,,,,,,,,,,,
,,,,,,,,,,,,,
,,,,,,,,,,,,,
,,,,,,,,,,,,,
,,,,,,,,,,,,,
,,,,,,,,,,,,,
,,,,,,,,,,,,,
,,,,,,,,,,,,,
,,,,,,,,,,,,,
,,,,,,,,,,,,,
,,,,,,,,,,,,,
,,,,,,,,,,,,,
,,,,,,,,,,,,,
,,,,,,,,,,,,,
,,,,,,,,,,,,,
,,,,,,,,,,,,,
,,,,,,,,,,,,,
,,,,,,,,,,,,,
,,,,,,,,,,,,,
,,,,,,,,,,,,,
,,,,,,,,,,,,,
,,,,,,,,,,,,,
,,,,,,,,,,,,,
,,,,,,,,,,,,,
,,,,,,,,,,,,,
,,,,,,,,,,,,,
,,,,,,,,,,,,,
,,,,,,,,,,,,,
,,,,,,,,,,,,,
,,,,,,,,,,,,,
,,,,,,,,,,,,,
,,,,,,,,,,,,,
,,,,,,,,,,,,,
,,,,,,,,,,,,,
,,,,,,,,,,,,,
,,,,,,,,,,,,,
,,,,,,,,,,,,,
,,,,,,,,,,,,,
,,,,,,,,,,,,,
,,,,,,,,,,,,,
,,,,,,,,,,,,,
,,,,,,,,,,,,,
,,,,,,,,,,,,,
,,,,,,,,,,,,,
,,,,,,,,,,,,,
,,,,,,,,,,,,,
,,,,,,,,,,,,,
,,,,,,,,,,,,,
,,,,,,,,,,,,,
,,,,,,,,,,,,,
,,,,,,,,,,,,,
,,,,,,,,,,,,,
,,,,,,,,,,,,,
,,,,,,,,,,,,,
,,,,,,,,,,,,,
,,,,,,,,,,,,,
,,,,,,,,,,,,,
,,,,,,,,,,,,,
,,,,,,,,,,,,,
,,,,,,,,,,,,,
,,,,,,,,,,,,,
,,,,,,,,,,,,,
,,,,,,,,,,,,,
,,,,,,,,,,,,,
,,,,,,,,,,,,,
,,,,,,,,,,,,,
,,,,,,,,,,,,,
,,,,,,,,,,,,,
,,,,,,,,,,,,,
,,,,,,,,,,,,,
,,,,,,,,,,,,,
,,,,,,,,,,,,,
,,,,,,,,,,,,,
,,,,,,,,,,,,,
,,,,,,,,,,,,,
,,,,,,,,,,,,,
,,,,,,,,,,,,,
,,,,,,,,,,,,,
,,,,,,,,,,,,,
,,,,,,,,,,,,,
,,,,,,,,,,,,,
,,,,,,,,,,,,,
,,,,,,,,,,,,,
,,,,,,,,,,,,,
,,,,,,,,,,,,,
,,,,,,,,,,,,,
,,,,,,,,,,,,,
,,,,,,,,,,,,,
,,,,,,,,,,,,,
,,,,,,,,,,,,,
,,,,,,,,,,,,,
,,,,,,,,,,,,,
,,,,,,,,,,,,,
,,,,,,,,,,,,,
,,,,,,,,,,,,,
,,,,,,,,,,,,,
,,,,,,,,,,,,,
,,,,,,,,,,,,,
,,,,,,,,,,,,,
,,,,,,,,,,,,,
,,,,,,,,,,,,,
,,,,,,,,,,,,,
,,,,,,,,,,,,,
,,,,,,,,,,,,,
,,,,,,,,,,,,,
,,,,,,,,,,,,,
,,,,,,,,,,,,,
,,,,,,,,,,,,,
,,,,,,,,,,,,,
,,,,,,,,,,,,,
,,,,,,,,,,,,,
,,,,,,,,,,,,,
,,,,,,,,,,,,,
,,,,,,,,,,,,,
,,,,,,,,,,,,,
,,,,,,,,,,,,,
,,,,,,,,,,,,,
,,,,,,,,,,,,,
,,,,,,,,,,,,,
,,,,,,,,,,,,,
,,,,,,,,,,,,,
,,,,,,,,,,,,,
,,,,,,,,,,,,,
,,,,,,,,,,,,,
,,,,,,,,,,,,,
,,,,,,,,,,,,,
,,,,,,,,,,,,,
,,,,,,,,,,,,,
,,,,,,,,,,,,,
,,,,,,,,,,,,,
,,,,,,,,,,,,,
,,,,,,,,,,,,,
,,,,,,,,,,,,,
,,,,,,,,,,,,,
,,,,,,,,,,,,,
,,,,,,,,,,,,,
,,,,,,,,,,,,,
,,,,,,,,,,,,,
,,,,,,,,,,,,,
,,,,,,,,,,,,,
,,,,,,,,,,,,,
,,,,,,,,,,,,,
,,,,,,,,,,,,,
,,,,,,,,,,,,,
,,,,,,,,,,,,,
,,,,,,,,,,,,,
,,,,,,,,,,,,,
,,,,,,,,,,,,,
,,,,,,,,,,,,,
,,,,,,,,,,,,,
,,,,,,,,,,,,,
,,,,,,,,,,,,,
,,,,,,,,,,,,,
,,,,,,,,,,,,,
,,,,,,,,,,,,,
,,,,,,,,,,,,,
,,,,,,,,,,,,,
,,,,,,,,,,,,,
,,,,,,,,,,,,,
,,,,,,,,,,,,,
,,,,,,,,,,,,,
,,,,,,,,,,,,,
,,,,,,,,,,,,,
,,,,,,,,,,,,,
,,,,,,,,,,,,,
,,,,,,,,,,,,,
,,,,,,,,,,,,,
,,,,,,,,,,,,,
,,,,,,,,,,,,,
,,,,,,,,,,,,,
,,,,,,,,,,,,,
,,,,,,,,,,,,,
,,,,,,,,,,,,,
,,,,,,,,,,,,,
,,,,,,,,,,,,,
,,,,,,,,,,,,,
,,,,,,,,,,,,,
,,,,,,,,,,,,,
,,,,,,,,,,,,,
,,,,,,,,,,,,,
,,,,,,,,,,,,,
,,,,,,,,,,,,,
,,,,,,,,,,,,,
,,,,,,,,,,,,,
,,,,,,,,,,,,,
,,,,,,,,,,,,,
,,,,,,,,,,,,,
,,,,,,,,,,,,,
,,,,,,,,,,,,,
,,,,,,,,,,,,,
,,,,,,,,,,,,,
,,,,,,,,,,,,,
,,,,,,,,,,,,,
,,,,,,,,,,,,,
,,,,,,,,,,,,,
,,,,,,,,,,,,,
,,,,,,,,,,,,,
,,,,,,,,,,,,,
,,,,,,,,,,,,,
,,,,,,,,,,,,,
,,,,,,,,,,,,,
,,,,,,,,,,,,,
,,,,,,,,,,,,,
,,,,,,,,,,,,,
,,,,,,,,,,,,,
,,,,,,,,,,,,,
,,,,,,,,,,,,,
,,,,,,,,,,,,,
,,,,,,,,,,,,,
,,,,,,,,,,,,,
,,,,,,,,,,,,,
,,,,,,,,,,,,,
,,,,,,,,,,,,,
,,,,,,,,,,,,,
,,,,,,,,,,,,,
,,,,,,,,,,,,,
,,,,,,,,,,,,,
,,,,,,,,,,,,,
,,,,,,,,,,,,,
,,,,,,,,,,,,,
,,,,,,,,,,,,,
,,,,,,,,,,,,,
,,,,,,,,,,,,,
,,,,,,,,,,,,,
,,,,,,,,,,,,,
,,,,,,,,,,,,,
,,,,,,,,,,,,,
,,,,,,,,,,,,,
,,,,,,,,,,,,,
,,,,,,,,,,,,,
,,,,,,,,,,,,,
,,,,,,,,,,,,,
,,,,,,,,,,,,,
,,,,,,,,,,,,,
,,,,,,,,,,,,,
,,,,,,,,,,,,,
,,,,,,,,,,,,,
,,,,,,,,,,,,,
,,,,,,,,,,,,,
,,,,,,,,,,,,,
,,,,,,,,,,,,,
,,,,,,,,,,,,,
,,,,,,,,,,,,,
,,,,,,,,,,,,,
,,,,,,,,,,,,,
,,,,,,,,,,,,,
,,,,,,,,,,,,,
,,,,,,,,,,,,,
,,,,,,,,,,,,,
,,,,,,,,,,,,,
,,,,,,,,,,,,,
,,,,,,,,,,,,,
,,,,,,,,,,,,,
,,,,,,,,,,,,,
,,,,,,,,,,,,,
,,,,,,,,,,,,,
,,,,,,,,,,,,,
,,,,,,,,,,,,,
,,,,,,,,,,,,,
,,,,,,,,,,,,,
,,,,,,,,,,,,,
,,,,,,,,,,,,,
,,,,,,,,,,,,,
,,,,,,,,,,,,,
,,,,,,,,,,,,,
,,,,,,,,,,,,,
,,,,,,,,,,,,,
,,,,,,,,,,,,,
,,,,,,,,,,,,,
,,,,,,,,,,,,,
,,,,,,,,,,,,,
,,,,,,,,,,,,,
,,,,,,,,,,,,,
,,,,,,,,,,,,,
,,,,,,,,,,,,,
,,,,,,,,,,,,,
,,,,,,,,,,,,,
,,,,,,,,,,,,,
,,,,,,,,,,,,,
,,,,,,,,,,,,,
,,,,,,,,,,,,,
,,,,,,,,,,,,,
,,,,,,,,,,,,,
,,,,,,,,,,,,,
,,,,,,,,,,,,,
,,,,,,,,,,,,,
,,,,,,,,,,,,,
,,,,,,,,,,,,,
,,,,,,,,,,,,,
,,,,,,,,,,,,,
,,,,,,,,,,,,,
,,,,,,,,,,,,,
,,,,,,,,,,,,,
,,,,,,,,,,,,,
,,,,,,,,,,,,,
,,,,,,,,,,,,,
,,,,,,,,,,,,,
,,,,,,,,,,,,,
,,,,,,,,,,,,,
,,,,,,,,,,,,,
,,,,,,,,,,,,,
,,,,,,,,,,,,,
,,,,,,,,,,,,,
,,,,,,,,,,,,,
,,,,,,,,,,,,,
,,,,,,,,,,,,,
,,,,,,,,,,,,,
,,,,,,,,,,,,,
,,,,,,,,,,,,,
,,,,,,,,,,,,,
,,,,,,,,,,,,,
,,,,,,,,,,,,,
,,,,,,,,,,,,,
,,,,,,,,,,,,,
,,,,,,,,,,,,,
,,,,,,,,,,,,,
,,,,,,,,,,,,,
,,,,,,,,,,,,,
,,,,,,,,,,,,,
,,,,,,,,,,,,,
,,,,,,,,,,,,,
,,,,,,,,,,,,,
,,,,,,,,,,,,,
,,,,,,,,,,,,,
,,,,,,,,,,,,,
,,,,,,,,,,,,,
,,,,,,,,,,,,,
,,,,,,,,,,,,,
,,,,,,,,,,,,,
,,,,,,,,,,,,,
,,,,,,,,,,,,,
,,,,,,,,,,,,,
,,,,,,,,,,,,,
,,,,,,,,,,,,,
,,,,,,,,,,,,,
,,,,,,,,,,,,,
,,,,,,,,,,,,,
,,,,,,,,,,,,,
,,,,,,,,,,,,,
,,,,,,,,,,,,,
,,,,,,,,,,,,,
,,,,,,,,,,,,,
,,,,,,,,,,,,,
,,,,,,,,,,,,,
,,,,,,,,,,,,,
,,,,,,,,,,,,,
,,,,,,,,,,,,,
,,,,,,,,,,,,,
,,,,,,,,,,,,,
,,,,,,,,,,,,,
,,,,,,,,,,,,,
,,,,,,,,,,,,,
,,,,,,,,,,,,,
,,,,,,,,,,,,,
,,,,,,,,,,,,,
,,,,,,,,,,,,,
,,,,,,,,,,,,,
,,,,,,,,,,,,,
,,,,,,,,,,,,,
,,,,,,,,,,,,,
,,,,,,,,,,,,,
,,,,,,,,,,,,,
,,,,,,,,,,,,,
,,,,,,,,,,,,,
,,,,,,,,,,,,,
,,,,,,,,,,,,,
,,,,,,,,,,,,,
,,,,,,,,,,,,,
,,,,,,,,,,,,,
,,,,,,,,,,,,,
,,,,,,,,,,,,,
,,,,,,,,,,,,,
,,,,,,,,,,,,,
,,,,,,,,,,,,,
,,,,,,,,,,,,,
,,,,,,,,,,,,,
,,,,,,,,,,,,,
,,,,,,,,,,,,,
,,,,,,,,,,,,,
,,,,,,,,,,,,,
,,,,,,,,,,,,,
,,,,,,,,,,,,,
,,,,,,,,,,,,,
,,,,,,,,,,,,,
,,,,,,,,,,,,,
,,,,,,,,,,,,,
,,,,,,,,,,,,,
,,,,,,,,,,,,,
,,,,,,,,,,,,,
,,,,,,,,,,,,,
,,,,,,,,,,,,,
,,,,,,,,,,,,,
,,,,,,,,,,,,,
,,,,,,,,,,,,,
,,,,,,,,,,,,,
,,,,,,,,,,,,,
,,,,,,,,,,,,,
,,,,,,,,,,,,,
,,,,,,,,,,,,,
,,,,,,,,,,,,,
,,,,,,,,,,,,,
,,,,,,,,,,,,,
,,,,,,,,,,,,,
,,,,,,,,,,,,,
,,,,,,,,,,,,,
,,,,,,,,,,,,,
,,,,,,,,,,,,,
,,,,,,,,,,,,,
,,,,,,,,,,,,,
,,,,,,,,,,,,,
,,,,,,,,,,,,,
,,,,,,,,,,,,,
,,,,,,,,,,,,,
,,,,,,,,,,,,,
,,,,,,,,,,,,,
,,,,,,,,,,,,,
,,,,,,,,,,,,,
,,,,,,,,,,,,,
,,,,,,,,,,,,,
,,,,,,,,,,,,,
,,,,,,,,,,,,,
,,,,,,,,,,,,,
,,,,,,,,,,,,,
,,,,,,,,,,,,,
,,,,,,,,,,,,,
,,,,,,,,,,,,,
,,,,,,,,,,,,,
,,,,,,,,,,,,,
,,,,,,,,,,,,,
,,,,,,,,,,,,,
,,,,,,,,,,,,,
,,,,,,,,,,,,,
,,,,,,,,,,,,,
,,,,,,,,,,,,,
,,,,,,,,,,,,,
,,,,,,,,,,,,,
,,,,,,,,,,,,,
,,,,,,,,,,,,,
,,,,,,,,,,,,,
,,,,,,,,,,,,,
,,,,,,,,,,,,,
,,,,,,,,,,,,,
,,,,,,,,,,,,,
,,,,,,,,,,,,,
,,,,,,,,,,,,,
,,,,,,,,,,,,,
,,,,,,,,,,,,,
,,,,,,,,,,,,,
,,,,,,,,,,,,,
,,,,,,,,,,,,,
,,,,,,,,,,,,,
,,,,,,,,,,,,,
,,,,,,,,,,,,,
,,,,,,,,,,,,,
,,,,,,,,,,,,,
,,,,,,,,,,,,,
,,,,,,,,,,,,,
,,,,,,,,,,,,,
,,,,,,,,,,,,,
,,,,,,,,,,,,,
,,,,,,,,,,,,,
,,,,,,,,,,,,,
,,,,,,,,,,,,,
,,,,,,,,,,,,,
,,,,,,,,,,,,,
,,,,,,,,,,,,,
,,,,,,,,,,,,,
,,,,,,,,,,,,,
,,,,,,,,,,,,,
,,,,,,,,,,,,,
,,,,,,,,,,,,,
,,,,,,,,,,,,,
,,,,,,,,,,,,,
,,,,,,,,,,,,,
,,,,,,,,,,,,,
,,,,,,,,,,,,,
,,,,,,,,,,,,,
,,,,,,,,,,,,,
,,,,,,,,,,,,,
,,,,,,,,,,,,,
,,,,,,,,,,,,,
,,,,,,,,,,,,,
,,,,,,,,,,,,,
,,,,,,,,,,,,,
,,,,,,,,,,,,,
,,,,,,,,,,,,,
,,,,,,,,,,,,,
,,,,,,,,,,,,,
,,,,,,,,,,,,,
,,,,,,,,,,,,,
,,,,,,,,,,,,,
,,,,,,,,,,,,,
,,,,,,,,,,,,,
,,,,,,,,,,,,,
,,,,,,,,,,,,,
,,,,,,,,,,,,,
,,,,,,,,,,,,,
,,,,,,,,,,,,,
,,,,,,,,,,,,,
,,,,,,,,,,,,,
,,,,,,,,,,,,,
,,,,,,,,,,,,,
,,,,,,,,,,,,,
,,,,,,,,,,,,,
,,,,,,,,,,,,,
,,,,,,,,,,,,,
,,,,,,,,,,,,,
,,,,,,,,,,,,,
,,,,,,,,,,,,,
,,,,,,,,,,,,,
,,,,,,,,,,,,,
,,,,,,,,,,,,,
,,,,,,,,,,,,,
,,,,,,,,,,,,,
,,,,,,,,,,,,,
,,,,,,,,,,,,,
,,,,,,,,,,,,,
,,,,,,,,,,,,,
,,,,,,,,,,,,,
,,,,,,,,,,,,,
,,,,,,,,,,,,,
,,,,,,,,,,,,,
,,,,,,,,,,,,,
,,,,,,,,,,,,,
,,,,,,,,,,,,,
,,,,,,,,,,,,,
,,,,,,,,,,,,,
,,,,,,,,,,,,,
,,,,,,,,,,,,,
,,,,,,,,,,,,,
,,,,,,,,,,,,,
,,,,,,,,,,,,,
,,,,,,,,,,,,,
,,,,,,,,,,,,,
,,,,,,,,,,,,,
,,,,,,,,,,,,,
,,,,,,,,,,,,,
,,,,,,,,,,,,,
,,,,,,,,,,,,,
,,,,,,,,,,,,,
,,,,,,,,,,,,,
,,,,,,,,,,,,,
,,,,,,,,,,,,,
,,,,,,,,,,,,,
,,,,,,,,,,,,,
,,,,,,,,,,,,,
,,,,,,,,,,,,,
,,,,,,,,,,,,,
,,,,,,,,,,,,,
,,,,,,,,,,,,,
,,,,,,,,,,,,,
,,,,,,,,,,,,,
,,,,,,,,,,,,,
,,,,,,,,,,,,,
,,,,,,,,,,,,,
,,,,,,,,,,,,,
,,,,,,,,,,,,,
,,,,,,,,,,,,,
,,,,,,,,,,,,,
,,,,,,,,,,,,,
,,,,,,,,,,,,,
,,,,,,,,,,,,,
,,,,,,,,,,,,,
,,,,,,,,,,,,,
,,,,,,,,,,,,,
,,,,,,,,,,,,,
,,,,,,,,,,,,,
,,,,,,,,,,,,,
,,,,,,,,,,,,,
,,,,,,,,,,,,,
,,,,,,,,,,,,,
,,,,,,,,,,,,,
,,,,,,,,,,,,,
,,,,,,,,,,,,,
,,,,,,,,,,,,,
,,,,,,,,,,,,,
,,,,,,,,,,,,,
,,,,,,,,,,,,,
,,,,,,,,,,,,,
,,,,,,,,,,,,,
,,,,,,,,,,,,,
,,,,,,,,,,,,,
,,,,,,,,,,,,,
,,,,,,,,,,,,,
,,,,,,,,,,,,,
,,,,,,,,,,,,,
,,,,,,,,,,,,,
,,,,,,,,,,,,,
,,,,,,,,,,,,,
,,,,,,,,,,,,,
,,,,,,,,,,,,,
,,,,,,,,,,,,,
,,,,,,,,,,,,,
,,,,,,,,,,,,,
,,,,,,,,,,,,,
,,,,,,,,,,,,,
,,,,,,,,,,,,,
,,,,,,,,,,,,,
,,,,,,,,,,,,,
,,,,,,,,,,,,,
,,,,,,,,,,,,,
,,,,,,,,,,,,,
,,,,,,,,,,,,,
,,,,,,,,,,,,,
,,,,,,,,,,,,,
,,,,,,,,,,,,,
,,,,,,,,,,,,,
,,,,,,,,,,,,,
,,,,,,,,,,,,,
,,,,,,,,,,,,,
,,,,,,,,,,,,,
,,,,,,,,,,,,,
,,,,,,,,,,,,,
,,,,,,,,,,,,,
,,,,,,,,,,,,,
,,,,,,,,,,,,,
,,,,,,,,,,,,,
,,,,,,,,,,,,,
,,,,,,,,,,,,,
,,,,,,,,,,,,,
,,,,,,,,,,,,,
,,,,,,,,,,,,,
,,,,,,,,,,,,,
,,,,,,,,,,,,,
,,,,,,,,,,,,,
,,,,,,,,,,,,,
,,,,,,,,,,,,,
,,,,,,,,,,,,,
,,,,,,,,,,,,,
,,,,,,,,,,,,,
,,,,,,,,,,,,,
,,,,,,,,,,,,,
,,,,,,,,,,,,,
,,,,,,,,,,,,,
,,,,,,,,,,,,,
,,,,,,,,,,,,,
,,,,,,,,,,,,,
,,,,,,,,,,,,,
,,,,,,,,,,,,,
,,,,,,,,,,,,,
,,,,,,,,,,,,,
,,,,,,,,,,,,,
,,,,,,,,,,,,,
,,,,,,,,,,,,,
,,,,,,,,,,,,,
,,,,,,,,,,,,,
,,,,,,,,,,,,,
,,,,,,,,,,,,,
,,,,,,,,,,,,,
,,,,,,,,,,,,,
,,,,,,,,,,,,,
,,,,,,,,,,,,,
,,,,,,,,,,,,,
,,,,,,,,,,,,,
,,,,,,,,,,,,,
,,,,,,,,,,,,,
,,,,,,,,,,,,,
,,,,,,,,,,,,,
,,,,,,,,,,,,,
,,,,,,,,,,,,,
,,,,,,,,,,,,,
,,,,,,,,,,,,,
,,,,,,,,,,,,,
,,,,,,,,,,,,,
,,,,,,,,,,,,,
,,,,,,,,,,,,,
,,,,,,,,,,,,,
,,,,,,,,,,,,,
,,,,,,,,,,,,,
,,,,,,,,,,,,,
,,,,,,,,,,,,,
,,,,,,,,,,,,,
,,,,,,,,,,,,,
,,,,,,,,,,,,,
,,,,,,,,,,,,,
,,,,,,,,,,,,,
,,,,,,,,,,,,,
,,,,,,,,,,,,,
,,,,,,,,,,,,,
,,,,,,,,,,,,,
,,,,,,,,,,,,,
,,,,,,,,,,,,,
,,,,,,,,,,,,,
,,,,,,,,,,,,,
,,,,,,,,,,,,,
,,,,,,,,,,,,,
,,,,,,,,,,,,,
,,,,,,,,,,,,,
,,,,,,,,,,,,,
,,,,,,,,,,,,,
,,,,,,,,,,,,,
,,,,,,,,,,,,,
,,,,,,,,,,,,,
,,,,,,,,,,,,,
,,,,,,,,,,,,,
,,,,,,,,,,,,,
,,,,,,,,,,,,,
,,,,,,,,,,,,,
,,,,,,,,,,,,,
,,,,,,,,,,,,,
,,,,,,,,,,,,,
,,,,,,,,,,,,,
,,,,,,,,,,,,,
,,,,,,,,,,,,,
,,,,,,,,,,,,,
,,,,,,,,,,,,,
,,,,,,,,,,,,,
,,,,,,,,,,,,,
,,,,,,,,,,,,,
,,,,,,,,,,,,,
,,,,,,,,,,,,,
,,,,,,,,,,,,,
,,,,,,,,,,,,,
,,,,,,,,,,,,,
,,,,,,,,,,,,,
,,,,,,,,,,,,,
,,,,,,,,,,,,,
,,,,,,,,,,,,,
,,,,,,,,,,,,,
,,,,,,,,,,,,,
,,,,,,,,,,,,,
,,,,,,,,,,,,,
,,,,,,,,,,,,,
,,,,,,,,,,,,,
,,,,,,,,,,,,,
,,,,,,,,,,,,,
,,,,,,,,,,,,,
,,,,,,,,,,,,,
,,,,,,,,,,,,,
,,,,,,,,,,,,,
,,,,,,,,,,,,,
,,,,,,,,,,,,,
,,,,,,,,,,,,,
,,,,,,,,,,,,,
,,,,,,,,,,,,,
,,,,,,,,,,,,,
,,,,,,,,,,,,,
,,,,,,,,,,,,,
,,,,,,,,,,,,,
,,,,,,,,,,,,,
,,,,,,,,,,,,,
,,,,,,,,,,,,,
,,,,,,,,,,,,,
,,,,,,,,,,,,,
,,,,,,,,,,,,,
,,,,,,,,,,,,,
,,,,,,,,,,,,,
,,,,,,,,,,,,,
,,,,,,,,,,,,,
,,,,,,,,,,,,,
,,,,,,,,,,,,,
,,,,,,,,,,,,,
,,,,,,,,,,,,,
,,,,,,,,,,,,,
,,,,,,,,,,,,,
,,,,,,,,,,,,,
,,,,,,,,,,,,,
,,,,,,,,,,,,,
,,,,,,,,,,,,,
,,,,,,,,,,,,,
,,,,,,,,,,,,,
,,,,,,,,,,,,,
,,,,,,,,,,,,,
,,,,,,,,,,,,,
,,,,,,,,,,,,,
,,,,,,,,,,,,,
,,,,,,,,,,,,,
,,,,,,,,,,,,,
,,,,,,,,,,,,,
,,,,,,,,,,,,,
,,,,,,,,,,,,,
,,,,,,,,,,,,,
,,,,,,,,,,,,,
,,,,,,,,,,,,,
,,,,,,,,,,,,,
,,,,,,,,,,,,,
,,,,,,,,,,,,,
,,,,,,,,,,,,,
,,,,,,,,,,,,,
,,,,,,,,,,,,,
,,,,,,,,,,,,,
,,,,,,,,,,,,,
,,,,,,,,,,,,,
,,,,,,,,,,,,,
,,,,,,,,,,,,,
,,,,,,,,,,,,,
,,,,,,,,,,,,,
,,,,,,,,,,,,,
,,,,,,,,,,,,,
,,,,,,,,,,,,,
,,,,,,,,,,,,,
,,,,,,,,,,,,,
,,,,,,,,,,,,,
,,,,,,,,,,,,,
,,,,,,,,,,,,,
,,,,,,,,,,,,,
,,,,,,,,,,,,,
,,,,,,,,,,,,,
,,,,,,,,,,,,,
,,,,,,,,,,,,,
,,,,,,,,,,,,,
,,,,,,,,,,,,,
,,,,,,,,,,,,,
,,,,,,,,,,,,,
,,,,,,,,,,,,,
,,,,,,,,,,,,,
,,,,,,,,,,,,,
,,,,,,,,,,,,,
,,,,,,,,,,,,,
,,,,,,,,,,,,,
,,,,,,,,,,,,,
,,,,,,,,,,,,,
,,,,,,,,,,,,,
,,,,,,,,,,,,,
,,,,,,,,,,,,,
,,,,,,,,,,,,,
,,,,,,,,,,,,,
,,,,,,,,,,,,,
,,,,,,,,,,,,,
,,,,,,,,,,,,,
,,,,,,,,,,,,,
,,,,,,,,,,,,,
,,,,,,,,,,,,,
,,,,,,,,,,,,,
,,,,,,,,,,,,,
,,,,,,,,,,,,,
,,,,,,,,,,,,,
,,,,,,,,,,,,,
,,,,,,,,,,,,,
,,,,,,,,,,,,,
,,,,,,,,,,,,,
,,,,,,,,,,,,,
,,,,,,,,,,,,,
,,,,,,,,,,,,,
,,,,,,,,,,,,,
,,,,,,,,,,,,,
,,,,,,,,,,,,,
,,,,,,,,,,,,,
,,,,,,,,,,,,,
,,,,,,,,,,,,,
,,,,,,,,,,,,,
,,,,,,,,,,,,,
,,,,,,,,,,,,,
,,,,,,,,,,,,,
,,,,,,,,,,,,,
,,,,,,,,,,,,,
,,,,,,,,,,,,,
,,,,,,,,,,,,,
,,,,,,,,,,,,,
,,,,,,,,,,,,,
,,,,,,,,,,,,,
,,,,,,,,,,,,,
,,,,,,,,,,,,,
,,,,,,,,,,,,,
,,,,,,,,,,,,,
,,,,,,,,,,,,,
,,,,,,,,,,,,,
,,,,,,,,,,,,,
,,,,,,,,,,,,,
,,,,,,,,,,,,,
,,,,,,,,,,,,,
,,,,,,,,,,,,,
,,,,,,,,,,,,,
,,,,,,,,,,,,,
,,,,,,,,,,,,,
,,,,,,,,,,,,,
,,,,,,,,,,,,,
,,,,,,,,,,,,,
,,,,,,,,,,,,,
,,,,,,,,,,,,,
,,,,,,,,,,,,,
,,,,,,,,,,,,,
,,,,,,,,,,,,,
,,,,,,,,,,,,,
,,,,,,,,,,,,,
,,,,,,,,,,,,,
,,,,,,,,,,,,,
,,,,,,,,,,,,,
,,,,,,,,,,,,,
,,,,,,,,,,,,,
,,,,,,,,,,,,,
,,,,,,,,,,,,,
,,,,,,,,,,,,,
,,,,,,,,,,,,,
,,,,,,,,,,,,,
,,,,,,,,,,,,,
,,,,,,,,,,,,,
,,,,,,,,,,,,,
,,,,,,,,,,,,,
,,,,,,,,,,,,,
,,,,,,,,,,,,,
,,,,,,,,,,,,,
,,,,,,,,,,,,,
,,,,,,,,,,,,,
,,,,,,,,,,,,,
,,,,,,,,,,,,,
,,,,,,,,,,,,,
,,,,,,,,,,,,,
,,,,,,,,,,,,,
,,,,,,,,,,,,,
,,,,,,,,,,,,,
,,,,,,,,,,,,,
,,,,,,,,,,,,,
,,,,,,,,,,,,,
,,,,,,,,,,,,,
,,,,,,,,,,,,,
,,,,,,,,,,,,,
,,,,,,,,,,,,,
,,,,,,,,,,,,,
,,,,,,,,,,,,,
,,,,,,,,,,,,,
,,,,,,,,,,,,,
,,,,,,,,,,,,,
,,,,,,,,,,,,,
,,,,,,,,,,,,,
,,,,,,,,,,,,,
,,,,,,,,,,,,,
,,,,,,,,,,,,,
,,,,,,,,,,,,,
,,,,,,,,,,,,,
,,,,,,,,,,,,,
,,,,,,,,,,,,,
,,,,,,,,,,,,,
,,,,,,,,,,,,,
,,,,,,,,,,,,,
,,,,,,,,,,,,,
,,,,,,,,,,,,,
,,,,,,,,,,,,,
,,,,,,,,,,,,,
,,,,,,,,,,,,,
,,,,,,,,,,,,,
,,,,,,,,,,,,,
,,,,,,,,,,,,,
,,,,,,,,,,,,,
,,,,,,,,,,,,,
,,,,,,,,,,,,,
,,,,,,,,,,,,,
,,,,,,,,,,,,,
,,,,,,,,,,,,,
,,,,,,,,,,,,,
,,,,,,,,,,,,,
,,,,,,,,,,,,,
,,,,,,,,,,,,,
,,,,,,,,,,,,,
,,,,,,,,,,,,,
,,,,,,,,,,,,,
,,,,,,,,,,,,,
,,,,,,,,,,,,,
,,,,,,,,,,,,,
,,,,,,,,,,,,,
,,,,,,,,,,,,,
,,,,,,,,,,,,,
,,,,,,,,,,,,,
,,,,,,,,,,,,,
,,,,,,,,,,,,,
,,,,,,,,,,,,,
,,,,,,,,,,,,,
,,,,,,,,,,,,,
,,,,,,,,,,,,,
,,,,,,,,,,,,,
,,,,,,,,,,,,,
,,,,,,,,,,,,,
,,,,,,,,,,,,,
,,,,,,,,,,,,,
,,,,,,,,,,,,,
,,,,,,,,,,,,,
,,,,,,,,,,,,,
,,,,,,,,,,,,,
,,,,,,,,,,,,,
,,,,,,,,,,,,,
,,,,,,,,,,,,,
,,,,,,,,,,,,,
,,,,,,,,,,,,,
,,,,,,,,,,,,,
,,,,,,,,,,,,,
,,,,,,,,,,,,,
,,,,,,,,,,,,,
,,,,,,,,,,,,,
,,,,,,,,,,,,,
,,,,,,,,,,,,,
,,,,,,,,,,,,,
,,,,,,,,,,,,,
,,,,,,,,,,,,,
,,,,,,,,,,,,,
,,,,,,,,,,,,,
,,,,,,,,,,,,,
,,,,,,,,,,,,,
,,,,,,,,,,,,,
,,,,,,,,,,,,,
,,,,,,,,,,,,,
,,,,,,,,,,,,,
,,,,,,,,,,,,,
,,,,,,,,,,,,,
,,,,,,,,,,,,,
,,,,,,,,,,,,,
,,,,,,,,,,,,,
,,,,,,,,,,,,,
,,,,,,,,,,,,,
,,,,,,,,,,,,,
,,,,,,,,,,,,,
,,,,,,,,,,,,,
,,,,,,,,,,,,,
,,,,,,,,,,,,,
,,,,,,,,,,,,,
,,,,,,,,,,,,,
,,,,,,,,,,,,,
,,,,,,,,,,,,,
,,,,,,,,,,,,,
,,,,,,,,,,,,,
,,,,,,,,,,,,,
,,,,,,,,,,,,,
,,,,,,,,,,,,,
,,,,,,,,,,,,,
,,,,,,,,,,,,,
,,,,,,,,,,,,,
,,,,,,,,,,,,,
,,,,,,,,,,,,,
,,,,,,,,,,,,,
,,,,,,,,,,,,,
,,,,,,,,,,,,,
,,,,,,,,,,,,,
,,,,,,,,,,,,,
,,,,,,,,,,,,,
,,,,,,,,,,,,,
,,,,,,,,,,,,,
,,,,,,,,,,,,,
,,,,,,,,,,,,,
,,,,,,,,,,,,,
,,,,,,,,,,,,,
,,,,,,,,,,,,,
,,,,,,,,,,,,,
,,,,,,,,,,,,,
,,,,,,,,,,,,,
,,,,,,,,,,,,,
,,,,,,,,,,,,,
,,,,,,,,,,,,,
,,,,,,,,,,,,,
,,,,,,,,,,,,,
,,,,,,,,,,,,,
,,,,,,,,,,,,,
,,,,,,,,,,,,,
,,,,,,,,,,,,,
,,,,,,,,,,,,,
,,,,,,,,,,,,,
,,,,,,,,,,,,,
,,,,,,,,,,,,,
,,,,,,,,,,,,,
,,,,,,,,,,,,,
,,,,,,,,,,,,,
,,,,,,,,,,,,,
,,,,,,,,,,,,,
,,,,,,,,,,,,,
,,,,,,,,,,,,,
,,,,,,,,,,,,,
,,,,,,,,,,,,,
,,,,,,,,,,,,,
,,,,,,,,,,,,,
,,,,,,,,,,,,,
,,,,,,,,,,,,,
,,,,,,,,,,,,,
,,,,,,,,,,,,,
,,,,,,,,,,,,,
,,,,,,,,,,,,,
,,,,,,,,,,,,,
,,,,,,,,,,,,,
,,,,,,,,,,,,,
,,,,,,,,,,,,,
,,,,,,,,,,,,,
,,,,,,,,,,,,,
,,,,,,,,,,,,,
,,,,,,,,,,,,,
,,,,,,,,,,,,,
,,,,,,,,,,,,,
,,,,,,,,,,,,,
,,,,,,,,,,,,,
,,,,,,,,,,,,,
,,,,,,,,,,,,,
,,,,,,,,,,,,,
,,,,,,,,,,,,,
,,,,,,,,,,,,,
,,,,,,,,,,,,,
,,,,,,,,,,,,,
,,,,,,,,,,,,,
,,,,,,,,,,,,,
,,,,,,,,,,,,,
,,,,,,,,,,,,,
,,,,,,,,,,,,,
,,,,,,,,,,,,,
,,,,,,,,,,,,,
,,,,,,,,,,,,,
,,,,,,,,,,,,,
,,,,,,,,,,,,,
,,,,,,,,,,,,,
,,,,,,,,,,,,,
,,,,,,,,,,,,,
,,,,,,,,,,,,,
,,,,,,,,,,,,,
,,,,,,,,,,,,,
,,,,,,,,,,,,,
,,,,,,,,,,,,,
,,,,,,,,,,,,,
,,,,,,,,,,,,,
,,,,,,,,,,,,,
,,,,,,,,,,,,,
,,,,,,,,,,,,,
,,,,,,,,,,,,,
,,,,,,,,,,,,,
,,,,,,,,,,,,,
,,,,,,,,,,,,,
,,,,,,,,,,,,,
,,,,,,,,,,,,,
,,,,,,,,,,,,,
,,,,,,,,,,,,,
,,,,,,,,,,,,,
,,,,,,,,,,,,,
,,,,,,,,,,,,,
,,,,,,,,,,,,,
,,,,,,,,,,,,,
,,,,,,,,,,,,,
,,,,,,,,,,,,,
,,,,,,,,,,,,,
,,,,,,,,,,,,,
,,,,,,,,,,,,,
,,,,,,,,,,,,,
,,,,,,,,,,,,,
,,,,,,,,,,,,,
,,,,,,,,,,,,,
,,,,,,,,,,,,,
,,,,,,,,,,,,,
,,,,,,,,,,,,,
,,,,,,,,,,,,,
,,,,,,,,,,,,,
,,,,,,,,,,,,,
,,,,,,,,,,,,,
,,,,,,,,,,,,,
,,,,,,,,,,,,,
,,,,,,,,,,,,,
,,,,,,,,,,,,,
,,,,,,,,,,,,,
,,,,,,,,,,,,,
,,,,,,,,,,,,,
,,,,,,,,,,,,,
,,,,,,,,,,,,,
,,,,,,,,,,,,,
,,,,,,,,,,,,,
,,,,,,,,,,,,,
,,,,,,,,,,,,,
,,,,,,,,,,,,,
,,,,,,,,,,,,,
,,,,,,,,,,,,,
,,,,,,,,,,,,,
,,,,,,,,,,,,,
,,,,,,,,,,,,,
,,,,,,,,,,,,,
,,,,,,,,,,,,,
,,,,,,,,,,,,,
,,,,,,,,,,,,,
,,,,,,,,,,,,,
,,,,,,,,,,,,,
,,,,,,,,,,,,,
,,,,,,,,,,,,,
,,,,,,,,,,,,,
,,,,,,,,,,,,,
,,,,,,,,,,,,,
,,,,,,,,,,,,,
,,,,,,,,,,,,,
,,,,,,,,,,,,,
,,,,,,,,,,,,,
,,,,,,,,,,,,,
,,,,,,,,,,,,,
,,,,,,,,,,,,,
,,,,,,,,,,,,,
,,,,,,,,,,,,,
,,,,,,,,,,,,,
,,,,,,,,,,,,,
,,,,,,,,,,,,,
,,,,,,,,,,,,,
,,,,,,,,,,,,,
,,,,,,,,,,,,,
,,,,,,,,,,,,,
,,,,,,,,,,,,,
,,,,,,,,,,,,,
,,,,,,,,,,,,,
,,,,,,,,,,,,,
,,,,,,,,,,,,,
,,,,,,,,,,,,,
,,,,,,,,,,,,,
,,,,,,,,,,,,,
,,,,,,,,,,,,,
,,,,,,,,,,,,,
,,,,,,,,,,,,,
,,,,,,,,,,,,,
,,,,,,,,,,,,,
,,,,,,,,,,,,,
,,,,,,,,,,,,,
,,,,,,,,,,,,,
,,,,,,,,,,,,,
,,,,,,,,,,,,,
,,,,,,,,,,,,,
,,,,,,,,,,,,,
,,,,,,,,,,,,,
,,,,,,,,,,,,,
,,,,,,,,,,,,,
,,,,,,,,,,,,,
,,,,,,,,,,,,,
,,,,,,,,,,,,,
,,,,,,,,,,,,,
,,,,,,,,,,,,,
,,,,,,,,,,,,,
,,,,,,,,,,,,,
,,,,,,,,,,,,,
,,,,,,,,,,,,,
,,,,,,,,,,,,,
,,,,,,,,,,,,,
,,,,,,,,,,,,,
,,,,,,,,,,,,,
,,,,,,,,,,,,,
,,,,,,,,,,,,,
,,,,,,,,,,,,,
,,,,,,,,,,,,,
,,,,,,,,,,,,,
,,,,,,,,,,,,,
,,,,,,,,,,,,,
,,,,,,,,,,,,,
,,,,,,,,,,,,,
,,,,,,,,,,,,,
,,,,,,,,,,,,,
,,,,,,,,,,,,,
,,,,,,,,,,,,,
,,,,,,,,,,,,,
,,,,,,,,,,,,,
,,,,,,,,,,,,,
,,,,,,,,,,,,,
,,,,,,,,,,,,,
,,,,,,,,,,,,,
,,,,,,,,,,,,,
,,,,,,,,,,,,,
,,,,,,,,,,,,,
,,,,,,,,,,,,,
,,,,,,,,,,,,,
,,,,,,,,,,,,,
,,,,,,,,,,,,,
,,,,,,,,,,,,,
,,,,,,,,,,,,,
,,,,,,,,,,,,,
,,,,,,,,,,,,,
,,,,,,,,,,,,,
,,,,,,,,,,,,,
,,,,,,,,,,,,,
,,,,,,,,,,,,,
,,,,,,,,,,,,,
,,,,,,,,,,,,,
,,,,,,,,,,,,,
,,,,,,,,,,,,,
,,,,,,,,,,,,,
,,,,,,,,,,,,,
,,,,,,,,,,,,,
,,,,,,,,,,,,,
,,,,,,,,,,,,,
,,,,,,,,,,,,,
,,,,,,,,,,,,,
,,,,,,,,,,,,,
,,,,,,,,,,,,,
,,,,,,,,,,,,,
,,,,,,,,,,,,,
,,,,,,,,,,,,,
,,,,,,,,,,,,,
,,,,,,,,,,,,,
,,,,,,,,,,,,,
,,,,,,,,,,,,,
,,,,,,,,,,,,,
,,,,,,,,,,,,,
,,,,,,,,,,,,,
,,,,,,,,,,,,,
,,,,,,,,,,,,,
,,,,,,,,,,,,,
,,,,,,,,,,,,,
,,,,,,,,,,,,,
,,,,,,,,,,,,,
,,,,,,,,,,,,,
,,,,,,,,,,,,,
,,,,,,,,,,,,,
,,,,,,,,,,,,,
,,,,,,,,,,,,,
,,,,,,,,,,,,,
,,,,,,,,,,,,,
,,,,,,,,,,,,,
,,,,,,,,,,,,,
,,,,,,,,,,,,,
,,,,,,,,,,,,,
,,,,,,,,,,,,,
,,,,,,,,,,,,,
,,,,,,,,,,,,,
,,,,,,,,,,,,,
,,,,,,,,,,,,,
,,,,,,,,,,,,,
,,,,,,,,,,,,,
,,,,,,,,,,,,,
,,,,,,,,,,,,,
,,,,,,,,,,,,,
,,,,,,,,,,,,,
,,,,,,,,,,,,,
,,,,,,,,,,,,,
,,,,,,,,,,,,,
,,,,,,,,,,,,,
,,,,,,,,,,,,,
,,,,,,,,,,,,,
,,,,,,,,,,,,,
,,,,,,,,,,,,,
,,,,,,,,,,,,,
,,,,,,,,,,,,,
,,,,,,,,,,,,,
,,,,,,,,,,,,,
,,,,,,,,,,,,,
,,,,,,,,,,,,,
,,,,,,,,,,,,,
,,,,,,,,,,,,,
,,,,,,,,,,,,,
,,,,,,,,,,,,,
,,,,,,,,,,,,,
,,,,,,,,,,,,,
,,,,,,,,,,,,,
,,,,,,,,,,,,,
,,,,,,,,,,,,,
,,,,,,,,,,,,,
,,,,,,,,,,,,,
,,,,,,,,,,,,,
,,,,,,,,,,,,,
,,,,,,,,,,,,,
,,,,,,,,,,,,,
,,,,,,,,,,,,,
,,,,,,,,,,,,,
,,,,,,,,,,,,,
,,,,,,,,,,,,,
,,,,,,,,,,,,,
,,,,,,,,,,,,,
,,,,,,,,,,,,,
,,,,,,,,,,,,,
,,,,,,,,,,,,,
,,,,,,,,,,,,,
,,,,,,,,,,,,,
,,,,,,,,,,,,,
,,,,,,,,,,,,,
,,,,,,,,,,,,,
,,,,,,,,,,,,,
,,,,,,,,,,,,,
,,,,,,,,,,,,,
,,,,,,,,,,,,,
,,,,,,,,,,,,,
,,,,,,,,,,,,,
,,,,,,,,,,,,,
,,,,,,,,,,,,,
,,,,,,,,,,,,,
,,,,,,,,,,,,,
,,,,,,,,,,,,,
,,,,,,,,,,,,,
,,,,,,,,,,,,,
,,,,,,,,,,,,,
,,,,,,,,,,,,,
,,,,,,,,,,,,,
,,,,,,,,,,,,,
,,,,,,,,,,,,,
,,,,,,,,,,,,,
,,,,,,,,,,,,,
,,,,,,,,,,,,,
,,,,,,,,,,,,,
,,,,,,,,,,,,,
,,,,,,,,,,,,,
,,,,,,,,,,,,,
,,,,,,,,,,,,,
,,,,,,,,,,,,,
,,,,,,,,,,,,,
,,,,,,,,,,,,,
,,,,,,,,,,,,,
,,,,,,,,,,,,,
,,,,,,,,,,,,,
,,,,,,,,,,,,,
,,,,,,,,,,,,,
,,,,,,,,,,,,,
,,,,,,,,,,,,,
,,,,,,,,,,,,,
,,,,,,,,,,,,,
,,,,,,,,,,,,,
,,,,,,,,,,,,,
,,,,,,,,,,,,,
,,,,,,,,,,,,,
,,,,,,,,,,,,,
,,,,,,,,,,,,,
,,,,,,,,,,,,,
,,,,,,,,,,,,,
,,,,,,,,,,,,,
,,,,,,,,,,,,,
,,,,,,,,,,,,,
,,,,,,,,,,,,,
,,,,,,,,,,,,,
,,,,,,,,,,,,,
,,,,,,,,,,,,,
,,,,,,,,,,,,,
,,,,,,,,,,,,,
,,,,,,,,,,,,,
,,,,,,,,,,,,,
,,,,,,,,,,,,,
,,,,,,,,,,,,,
,,,,,,,,,,,,,
,,,,,,,,,,,,,
,,,,,,,,,,,,,
,,,,,,,,,,,,,
,,,,,,,,,,,,,
,,,,,,,,,,,,,
,,,,,,,,,,,,,
,,,,,,,,,,,,,
,,,,,,,,,,,,,
,,,,,,,,,,,,,
,,,,,,,,,,,,,
,,,,,,,,,,,,,
,,,,,,,,,,,,,
,,,,,,,,,,,,,
,,,,,,,,,,,,,
,,,,,,,,,,,,,
,,,,,,,,,,,,,
,,,,,,,,,,,,,
,,,,,,,,,,,,,
,,,,,,,,,,,,,
,,,,,,,,,,,,,
,,,,,,,,,,,,,
,,,,,,,,,,,,,
,,,,,,,,,,,,,
,,,,,,,,,,,,,
,,,,,,,,,,,,,
,,,,,,,,,,,,,
,,,,,,,,,,,,,
,,,,,,,,,,,,,
,,,,,,,,,,,,,
,,,,,,,,,,,,,
,,,,,,,,,,,,,
,,,,,,,,,,,,,
,,,,,,,,,,,,,
,,,,,,,,,,,,,
,,,,,,,,,,,,,
,,,,,,,,,,,,,
,,,,,,,,,,,,,
,,,,,,,,,,,,,
,,,,,,,,,,,,,
,,,,,,,,,,,,,
,,,,,,,,,,,,,
,,,,,,,,,,,,,
,,,,,,,,,,,,,
,,,,,,,,,,,,,
,,,,,,,,,,,,,
,,,,,,,,,,,,,
,,,,,,,,,,,,,
,,,,,,,,,,,,,
,,,,,,,,,,,,,
,,,,,,,,,,,,,
,,,,,,,,,,,,,
,,,,,,,,,,,,,
,,,,,,,,,,,,,
,,,,,,,,,,,,,
,,,,,,,,,,,,,
,,,,,,,,,,,,,
,,,,,,,,,,,,,
,,,,,,,,,,,,,
,,,,,,,,,,,,,
,,,,,,,,,,,,,
,,,,,,,,,,,,,
,,,,,,,,,,,,,
,,,,,,,,,,,,,
,,,,,,,,,,,,,
,,,,,,,,,,,,,
,,,,,,,,,,,,,
,,,,,,,,,,,,,
,,,,,,,,,,,,,
,,,,,,,,,,,,,
,,,,,,,,,,,,,
,,,,,,,,,,,,,
,,,,,,,,,,,,,
,,,,,,,,,,,,,
,,,,,,,,,,,,,
,,,,,,,,,,,,,
,,,,,,,,,,,,,
,,,,,,,,,,,,,
,,,,,,,,,,,,,
,,,,,,,,,,,,,
,,,,,,,,,,,,,
,,,,,,,,,,,,,
,,,,,,,,,,,,,
,,,,,,,,,,,,,
,,,,,,,,,,,,,
,,,,,,,,,,,,,
,,,,,,,,,,,,,
,,,,,,,,,,,,,
,,,,,,,,,,,,,
,,,,,,,,,,,,,
,,,,,,,,,,,,,
,,,,,,,,,,,,,
,,,,,,,,,,,,,
,,,,,,,,,,,,,
,,,,,,,,,,,,,
,,,,,,,,,,,,,
,,,,,,,,,,,,,
,,,,,,,,,,,,,
,,,,,,,,,,,,,
,,,,,,,,,,,,,
,,,,,,,,,,,,,
,,,,,,,,,,,,,
,,,,,,,,,,,,,
,,,,,,,,,,,,,
,,,,,,,,,,,,,
,,,,,,,,,,,,,
,,,,,,,,,,,,,
,,,,,,,,,,,,,
,,,,,,,,,,,,,
,,,,,,,,,,,,,
,,,,,,,,,,,,,
,,,,,,,,,,,,,
,,,,,,,,,,,,,
,,,,,,,,,,,,,
,,,,,,,,,,,,,
,,,,,,,,,,,,,
,,,,,,,,,,,,,
,,,,,,,,,,,,,
,,,,,,,,,,,,,
,,,,,,,,,,,,,
,,,,,,,,,,,,,
,,,,,,,,,,,,,
,,,,,,,,,,,,,
,,,,,,,,,,,,,
,,,,,,,,,,,,,
,,,,,,,,,,,,,
,,,,,,,,,,,,,
,,,,,,,,,,,,,
,,,,,,,,,,,,,
,,,,,,,,,,,,,
,,,,,,,,,,,,,
,,,,,,,,,,,,,
,,,,,,,,,,,,,
,,,,,,,,,,,,,
,,,,,,,,,,,,,
,,,,,,,,,,,,,
,,,,,,,,,,,,,
,,,,,,,,,,,,,
,,,,,,,,,,,,,
,,,,,,,,,,,,,
,,,,,,,,,,,,,
,,,,,,,,,,,,,
,,,,,,,,,,,,,
,,,,,,,,,,,,,
,,,,,,,,,,,,,
,,,,,,,,,,,,,
,,,,,,,,,,,,,
,,,,,,,,,,,,,
,,,,,,,,,,,,,
,,,,,,,,,,,,,
,,,,,,,,,,,,,
,,,,,,,,,,,,,
,,,,,,,,,,,,,
,,,,,,,,,,,,,
,,,,,,,,,,,,,
,,,,,,,,,,,,,
,,,,,,,,,,,,,
,,,,,,,,,,,,,
,,,,,,,,,,,,,
,,,,,,,,,,,,,
,,,,,,,,,,,,,
,,,,,,,,,,,,,
,,,,,,,,,,,,,
,,,,,,,,,,,,,
,,,,,,,,,,,,,
,,,,,,,,,,,,,
,,,,,,,,,,,,,
,,,,,,,,,,,,,
,,,,,,,,,,,,,
,,,,,,,,,,,,,
,,,,,,,,,,,,,
,,,,,,,,,,,,,
,,,,,,,,,,,,,
,,,,,,,,,,,,,
,,,,,,,,,,,,,
,,,,,,,,,,,,,
,,,,,,,,,,,,,
,,,,,,,,,,,,,
,,,,,,,,,,,,,
,,,,,,,,,,,,,
,,,,,,,,,,,,,
,,,,,,,,,,,,,
,,,,,,,,,,,,,
,,,,,,,,,,,,,
,,,,,,,,,,,,,
,,,,,,,,,,,,,
,,,,,,,,,,,,,
,,,,,,,,,,,,,
,,,,,,,,,,,,,
,,,,,,,,,,,,,
,,,,,,,,,,,,,
,,,,,,,,,,,,,
,,,,,,,,,,,,,
,,,,,,,,,,,,,
,,,,,,,,,,,,,
,,,,,,,,,,,,,
,,,,,,,,,,,,,
,,,,,,,,,,,,,
,,,,,,,,,,,,,
,,,,,,,,,,,,,
,,,,,,,,,,,,,
,,,,,,,,,,,,,
,,,,,,,,,,,,,
,,,,,,,,,,,,,
,,,,,,,,,,,,,
,,,,,,,,,,,,,
,,,,,,,,,,,,,
,,,,,,,,,,,,,
,,,,,,,,,,,,,
,,,,,,,,,,,,,
,,,,,,,,,,,,,
,,,,,,,,,,,,,
,,,,,,,,,,,,,
,,,,,,,,,,,,,
,,,,,,,,,,,,,
,,,,,,,,,,,,,
,,,,,,,,,,,,,
,,,,,,,,,,,,,
,,,,,,,,,,,,,
,,,,,,,,,,,,,
,,,,,,,,,,,,,
,,,,,,,,,,,,,
,,,,,,,,,,,,,
,,,,,,,,,,,,,
,,,,,,,,,,,,,
,,,,,,,,,,,,,
,,,,,,,,,,,,,
,,,,,,,,,,,,,
,,,,,,,,,,,,,
,,,,,,,,,,,,,
,,,,,,,,,,,,,
,,,,,,,,,,,,,
,,,,,,,,,,,,,
,,,,,,,,,,,,,
,,,,,,,,,,,,,
,,,,,,,,,,,,,
,,,,,,,,,,,,,
,,,,,,,,,,,,,
,,,,,,,,,,,,,
,,,,,,,,,,,,,
,,,,,,,,,,,,,
,,,,,,,,,,,,,
,,,,,,,,,,,,,
,,,,,,,,,,,,,
,,,,,,,,,,,,,
,,,,,,,,,,,,,
,,,,,,,,,,,,,
,,,,,,,,,,,,,
,,,,,,,,,,,,,
,,,,,,,,,,,,,
,,,,,,,,,,,,,
,,,,,,,,,,,,,
,,,,,,,,,,,,,
,,,,,,,,,,,,,
,,,,,,,,,,,,,
,,,,,,,,,,,,,
,,,,,,,,,,,,,
,,,,,,,,,,,,,
,,,,,,,,,,,,,
,,,,,,,,,,,,,
,,,,,,,,,,,,,
,,,,,,,,,,,,,
,,,,,,,,,,,,,
,,,,,,,,,,,,,
,,,,,,,,,,,,,
,,,,,,,,,,,,,
,,,,,,,,,,,,,
,,,,,,,,,,,,,
,,,,,,,,,,,,,
,,,,,,,,,,,,,
,,,,,,,,,,,,,
,,,,,,,,,,,,,
,,,,,,,,,,,,,
,,,,,,,,,,,,,
,,,,,,,,,,,,,
,,,,,,,,,,,,,
,,,,,,,,,,,,,
,,,,,,,,,,,,,
,,,,,,,,,,,,,
,,,,,,,,,,,,,
,,,,,,,,,,,,,
,,,,,,,,,,,,,
,,,,,,,,,,,,,
,,,,,,,,,,,,,
,,,,,,,,,,,,,
,,,,,,,,,,,,,
,,,,,,,,,,,,,
,,,,,,,,,,,,,
,,,,,,,,,,,,,
,,,,,,,,,,,,,
,,,,,,,,,,,,,
,,,,,,,,,,,,,
,,,,,,,,,,,,,
,,,,,,,,,,,,,
,,,,,,,,,,,,,
,,,,,,,,,,,,,
,,,,,,,,,,,,,
,,,,,,,,,,,,,
,,,,,,,,,,,,,
,,,,,,,,,,,,,
,,,,,,,,,,,,,
,,,,,,,,,,,,,
,,,,,,,,,,,,,
,,,,,,,,,,,,,
,,,,,,,,,,,,,
,,,,,,,,,,,,,
,,,,,,,,,,,,,
,,,,,,,,,,,,,
,,,,,,,,,,,,,
,,,,,,,,,,,,,
,,,,,,,,,,,,,
,,,,,,,,,,,,,
,,,,,,,,,,,,,
,,,,,,,,,,,,,
,,,,,,,,,,,,,
,,,,,,,,,,,,,
,,,,,,,,,,,,,
,,,,,,,,,,,,,
,,,,,,,,,,,,,
,,,,,,,,,,,,,
,,,,,,,,,,,,,
,,,,,,,,,,,,,
,,,,,,,,,,,,,
,,,,,,,,,,,,,
,,,,,,,,,,,,,
,,,,,,,,,,,,,
,,,,,,,,,,,,,
,,,,,,,,,,,,,
,,,,,,,,,,,,,
,,,,,,,,,,,,,
,,,,,,,,,,,,,
,,,,,,,,,,,,,
,,,,,,,,,,,,,
,,,,,,,,,,,,,
,,,,,,,,,,,,,
,,,,,,,,,,,,,
,,,,,,,,,,,,,
,,,,,,,,,,,,,
,,,,,,,,,,,,,
,,,,,,,,,,,,,
,,,,,,,,,,,,,
,,,,,,,,,,,,,
,,,,,,,,,,,,,
,,,,,,,,,,,,,
,,,,,,,,,,,,,
,,,,,,,,,,,,,
,,,,,,,,,,,,,
,,,,,,,,,,,,,
,,,,,,,,,,,,,
,,,,,,,,,,,,,
,,,,,,,,,,,,,
,,,,,,,,,,,,,
,,,,,,,,,,,,,
,,,,,,,,,,,,,
,,,,,,,,,,,,,
,,,,,,,,,,,,,
,,,,,,,,,,,,,
,,,,,,,,,,,,,
,,,,,,,,,,,,,
,,,,,,,,,,,,,
,,,,,,,,,,,,,
,,,,,,,,,,,,,
,,,,,,,,,,,,,
,,,,,,,,,,,,,
,,,,,,,,,,,,,
,,,,,,,,,,,,,
,,,,,,,,,,,,,
,,,,,,,,,,,,,
,,,,,,,,,,,,,
,,,,,,,,,,,,,
,,,,,,,,,,,,,
,,,,,,,,,,,,,
,,,,,,,,,,,,,
,,,,,,,,,,,,,
,,,,,,,,,,,,,
,,,,,,,,,,,,,
,,,,,,,,,,,,,
,,,,,,,,,,,,,
,,,,,,,,,,,,,
,,,,,,,,,,,,,
,,,,,,,,,,,,,
,,,,,,,,,,,,,
,,,,,,,,,,,,,
,,,,,,,,,,,,,
,,,,,,,,,,,,,
,,,,,,,,,,,,,
,,,,,,,,,,,,,
,,,,,,,,,,,,,
,,,,,,,,,,,,,
,,,,,,,,,,,,,
,,,,,,,,,,,,,
,,,,,,,,,,,,,
,,,,,,,,,,,,,
,,,,,,,,,,,,,
,,,,,,,,,,,,,
,,,,,,,,,,,,,
,,,,,,,,,,,,,
,,,,,,,,,,,,,
,,,,,,,,,,,,,
,,,,,,,,,,,,,
,,,,,,,,,,,,,
,,,,,,,,,,,,,
,,,,,,,,,,,,,
,,,,,,,,,,,,,
,,,,,,,,,,,,,
,,,,,,,,,,,,,
,,,,,,,,,,,,,
,,,,,,,,,,,,,
,,,,,,,,,,,,,
,,,,,,,,,,,,,
,,,,,,,,,,,,,
,,,,,,,,,,,,,
,,,,,,,,,,,,,
,,,,,,,,,,,,,
,,,,,,,,,,,,,
,,,,,,,,,,,,,
,,,,,,,,,,,,,
,,,,,,,,,,,,,
,,,,,,,,,,,,,
,,,,,,,,,,,,,
,,,,,,,,,,,,,
,,,,,,,,,,,,,
,,,,,,,,,,,,,
,,,,,,,,,,,,,
,,,,,,,,,,,,,
,,,,,,,,,,,,,
,,,,,,,,,,,,,
,,,,,,,,,,,,,
,,,,,,,,,,,,,
,,,,,,,,,,,,,
,,,,,,,,,,,,,
,,,,,,,,,,,,,
,,,,,,,,,,,,,
,,,,,,,,,,,,,
,,,,,,,,,,,,,
,,,,,,,,,,,,,
,,,,,,,,,,,,,
,,,,,,,,,,,,,
,,,,,,,,,,,,,
,,,,,,,,,,,,,
,,,,,,,,,,,,,
,,,,,,,,,,,,,
,,,,,,,,,,,,,
,,,,,,,,,,,,,
,,,,,,,,,,,,,
,,,,,,,,,,,,,
,,,,,,,,,,,,,
,,,,,,,,,,,,,
,,,,,,,,,,,,,
,,,,,,,,,,,,,
,,,,,,,,,,,,,
,,,,,,,,,,,,,
,,,,,,,,,,,,,
,,,,,,,,,,,,,
,,,,,,,,,,,,,
,,,,,,,,,,,,,
,,,,,,,,,,,,,
,,,,,,,,,,,,,
,,,,,,,,,,,,,
,,,,,,,,,,,,,
,,,,,,,,,,,,,
,,,,,,,,,,,,,
,,,,,,,,,,,,,
,,,,,,,,,,,,,
,,,,,,,,,,,,,
,,,,,,,,,,,,,
,,,,,,,,,,,,,
,,,,,,,,,,,,,
,,,,,,,,,,,,,
,,,,,,,,,,,,,
,,,,,,,,,,,,,
,,,,,,,,,,,,,
,,,,,,,,,,,,,
,,,,,,,,,,,,,
,,,,,,,,,,,,,
,,,,,,,,,,,,,
,,,,,,,,,,,,,
,,,,,,,,,,,,,
,,,,,,,,,,,,,
,,,,,,,,,,,,,
,,,,,,,,,,,,,
,,,,,,,,,,,,,
,,,,,,,,,,,,,
,,,,,,,,,,,,,
,,,,,,,,,,,,,
,,,,,,,,,,,,,
,,,,,,,,,,,,,
,,,,,,,,,,,,,
,,,,,,,,,,,,,
,,,,,,,,,,,,,
,,,,,,,,,,,,,
,,,,,,,,,,,,,
,,,,,,,,,,,,,
,,,,,,,,,,,,,
,,,,,,,,,,,,,
,,,,,,,,,,,,,
,,,,,,,,,,,,,
,,,,,,,,,,,,,
,,,,,,,,,,,,,
,,,,,,,,,,,,,
,,,,,,,,,,,,,
,,,,,,,,,,,,,
,,,,,,,,,,,,,
,,,,,,,,,,,,,
,,,,,,,,,,,,,
,,,,,,,,,,,,,
,,,,,,,,,,,,,
,,,,,,,,,,,,,
,,,,,,,,,,,,,
,,,,,,,,,,,,,
,,,,,,,,,,,,,
,,,,,,,,,,,,,
,,,,,,,,,,,,,
,,,,,,,,,,,,,
,,,,,,,,,,,,,
,,,,,,,,,,,,,
,,,,,,,,,,,,,
,,,,,,,,,,,,,
,,,,,,,,,,,,,
,,,,,,,,,,,,,
,,,,,,,,,,,,,
,,,,,,,,,,,,,
,,,,,,,,,,,,,
,,,,,,,,,,,,,
,,,,,,,,,,,,,
,,,,,,,,,,,,,
,,,,,,,,,,,,,
,,,,,,,,,,,,,
,,,,,,,,,,,,,
,,,,,,,,,,,,,
,,,,,,,,,,,,,
,,,,,,,,,,,,,
,,,,,,,,,,,,,
,,,,,,,,,,,,,
,,,,,,,,,,,,,
,,,,,,,,,,,,,
,,,,,,,,,,,,,
,,,,,,,,,,,,,
,,,,,,,,,,,,,
,,,,,,,,,,,,,
,,,,,,,,,,,,,
,,,,,,,,,,,,,
,,,,,,,,,,,,,
,,,,,,,,,,,,,
,,,,,,,,,,,,,
,,,,,,,,,,,,,
,,,,,,,,,,,,,
,,,,,,,,,,,,,
,,,,,,,,,,,,,
,,,,,,,,,,,,,
,,,,,,,,,,,,,
,,,,,,,,,,,,,
,,,,,,,,,,,,,
,,,,,,,,,,,,,
,,,,,,,,,,,,,
,,,,,,,,,,,,,
,,,,,,,,,,,,,
,,,,,,,,,,,,,
,,,,,,,,,,,,,
,,,,,,,,,,,,,
,,,,,,,,,,,,,
,,,,,,,,,,,,,
,,,,,,,,,,,,,
,,,,,,,,,,,,,
,,,,,,,,,,,,,
,,,,,,,,,,,,,
,,,,,,,,,,,,,
,,,,,,,,,,,,,
,,,,,,,,,,,,,
,,,,,,,,,,,,,
,,,,,,,,,,,,,
,,,,,,,,,,,,,
,,,,,,,,,,,,,
,,,,,,,,,,,,,
,,,,,,,,,,,,,
,,,,,,,,,,,,,
,,,,,,,,,,,,,
,,,,,,,,,,,,,
,,,,,,,,,,,,,
,,,,,,,,,,,,,
,,,,,,,,,,,,,
,,,,,,,,,,,,,
,,,,,,,,,,,,,
,,,,,,,,,,,,,
,,,,,,,,,,,,,
,,,,,,,,,,,,,
,,,,,,,,,,,,,
,,,,,,,,,,,,,
,,,,,,,,,,,,,
,,,,,,,,,,,,,
,,,,,,,,,,,,,
,,,,,,,,,,,,,
,,,,,,,,,,,,,
,,,,,,,,,,,,,
,,,,,,,,,,,,,
,,,,,,,,,,,,,
,,,,,,,,,,,,,
,,,,,,,,,,,,,
,,,,,,,,,,,,,
,,,,,,,,,,,,,
,,,,,,,,,,,,,
,,,,,,,,,,,,,
,,,,,,,,,,,,,
,,,,,,,,,,,,,
,,,,,,,,,,,,,
,,,,,,,,,,,,,
,,,,,,,,,,,,,
,,,,,,,,,,,,,
,,,,,,,,,,,,,
,,,,,,,,,,,,,
,,,,,,,,,,,,,
,,,,,,,,,,,,,
,,,,,,,,,,,,,
,,,,,,,,,,,,,
,,,,,,,,,,,,,
,,,,,,,,,,,,,
,,,,,,,,,,,,,
,,,,,,,,,,,,,
,,,,,,,,,,,,,
,,,,,,,,,,,,,
,,,,,,,,,,,,,
,,,,,,,,,,,,,
,,,,,,,,,,,,,
,,,,,,,,,,,,,
,,,,,,,,,,,,,
,,,,,,,,,,,,,
,,,,,,,,,,,,,
,,,,,,,,,,,,,
,,,,,,,,,,,,,
,,,,,,,,,,,,,
,,,,,,,,,,,,,
,,,,,,,,,,,,,
,,,,,,,,,,,,,
,,,,,,,,,,,,,
,,,,,,,,,,,,,
,,,,,,,,,,,,,
,,,,,,,,,,,,,
,,,,,,,,,,,,,
,,,,,,,,,,,,,
,,,,,,,,,,,,,
,,,,,,,,,,,,,
,,,,,,,,,,,,,
,,,,,,,,,,,,,
,,,,,,,,,,,,,
,,,,,,,,,,,,,
,,,,,,,,,,,,,
,,,,,,,,,,,,,
,,,,,,,,,,,,,
,,,,,,,,,,,,,
,,,,,,,,,,,,,
,,,,,,,,,,,,,
,,,,,,,,,,,,,
,,,,,,,,,,,,,
,,,,,,,,,,,,,
,,,,,,,,,,,,,
,,,,,,,,,,,,,
,,,,,,,,,,,,,
,,,,,,,,,,,,,
,,,,,,,,,,,,,
,,,,,,,,,,,,,
,,,,,,,,,,,,,
,,,,,,,,,,,,,
,,,,,,,,,,,,,
,,,,,,,,,,,,,
,,,,,,,,,,,,,
,,,,,,,,,,,,,
,,,,,,,,,,,,,
,,,,,,,,,,,,,
,,,,,,,,,,,,,
,,,,,,,,,,,,,
,,,,,,,,,,,,,
,,,,,,,,,,,,,
,,,,,,,,,,,,,
,,,,,,,,,,,,,
,,,,,,,,,,,,,
,,,,,,,,,,,,,
,,,,,,,,,,,,,
,,,,,,,,,,,,,
,,,,,,,,,,,,,
,,,,,,,,,,,,,
,,,,,,,,,,,,,
,,,,,,,,,,,,,
,,,,,,,,,,,,,
,,,,,,,,,,,,,
,,,,,,,,,,,,,
,,,,,,,,,,,,,
,,,,,,,,,,,,,
,,,,,,,,,,,,,
,,,,,,,,,,,,,
,,,,,,,,,,,,,
,,,,,,,,,,,,,
,,,,,,,,,,,,,
,,,,,,,,,,,,,
,,,,,,,,,,,,,
,,,,,,,,,,,,,
,,,,,,,,,,,,,
,,,,,,,,,,,,,
,,,,,,,,,,,,,
,,,,,,,,,,,,,
,,,,,,,,,,,,,
,,,,,,,,,,,,,
,,,,,,,,,,,,,
,,,,,,,,,,,,,
,,,,,,,,,,,,,
,,,,,,,,,,,,,
,,,,,,,,,,,,,
,,,,,,,,,,,,,
,,,,,,,,,,,,,
,,,,,,,,,,,,,
,,,,,,,,,,,,,
,,,,,,,,,,,,,
,,,,,,,,,,,,,
,,,,,,,,,,,,,
,,,,,,,,,,,,,
,,,,,,,,,,,,,
,,,,,,,,,,,,,
,,,,,,,,,,,,,
,,,,,,,,,,,,,
,,,,,,,,,,,,,
,,,,,,,,,,,,,
,,,,,,,,,,,,,
,,,,,,,,,,,,,
,,,,,,,,,,,,,
,,,,,,,,,,,,,
,,,,,,,,,,,,,
,,,,,,,,,,,,,
,,,,,,,,,,,,,
,,,,,,,,,,,,,
,,,,,,,,,,,,,
,,,,,,,,,,,,,
,,,,,,,,,,,,,
,,,,,,,,,,,,,
,,,,,,,,,,,,,
,,,,,,,,,,,,,
,,,,,,,,,,,,,
,,,,,,,,,,,,,
,,,,,,,,,,,,,
,,,,,,,,,,,,,
,,,,,,,,,,,,,
,,,,,,,,,,,,,
,,,,,,,,,,,,,
,,,,,,,,,,,,,
,,,,,,,,,,,,,
,,,,,,,,,,,,,
,,,,,,,,,,,,,
,,,,,,,,,,,,,
,,,,,,,,,,,,,
,,,,,,,,,,,,,
,,,,,,,,,,,,,
,,,,,,,,,,,,,
,,,,,,,,,,,,,
,,,,,,,,,,,,,
,,,,,,,,,,,,,
,,,,,,,,,,,,,
,,,,,,,,,,,,,
,,,,,,,,,,,,,
,,,,,,,,,,,,,
,,,,,,,,,,,,,
,,,,,,,,,,,,,
,,,,,,,,,,,,,
,,,,,,,,,,,,,
,,,,,,,,,,,,,
,,,,,,,,,,,,,
,,,,,,,,,,,,,
,,,,,,,,,,,,,
,,,,,,,,,,,,,
,,,,,,,,,,,,,
,,,,,,,,,,,,,
,,,,,,,,,,,,,
,,,,,,,,,,,,,
,,,,,,,,,,,,,
,,,,,,,,,,,,,
,,,,,,,,,,,,,
,,,,,,,,,,,,,
,,,,,,,,,,,,,
,,,,,,,,,,,,,
,,,,,,,,,,,,,
,,,,,,,,,,,,,
,,,,,,,,,,,,,
,,,,,,,,,,,,,
,,,,,,,,,,,,,
,,,,,,,,,,,,,
,,,,,,,,,,,,,
,,,,,,,,,,,,,
,,,,,,,,,,,,,
,,,,,,,,,,,,,
,,,,,,,,,,,,,
,,,,,,,,,,,,,
,,,,,,,,,,,,,
,,,,,,,,,,,,,
,,,,,,,,,,,,,
,,,,,,,,,,,,,
,,,,,,,,,,,,,
,,,,,,,,,,,,,
,,,,,,,,,,,,,
,,,,,,,,,,,,,
,,,,,,,,,,,,,
,,,,,,,,,,,,,
,,,,,,,,,,,,,
,,,,,,,,,,,,,
,,,,,,,,,,,,,
,,,,,,,,,,,,,
,,,,,,,,,,,,,
,,,,,,,,,,,,,
,,,,,,,,,,,,,
,,,,,,,,,,,,,
,,,,,,,,,,,,,
,,,,,,,,,,,,,
,,,,,,,,,,,,,
,,,,,,,,,,,,,
,,,,,,,,,,,,,
,,,,,,,,,,,,,
,,,,,,,,,,,,,
,,,,,,,,,,,,,
,,,,,,,,,,,,,
,,,,,,,,,,,,,
,,,,,,,,,,,,,
,,,,,,,,,,,,,
,,,,,,,,,,,,,
,,,,,,,,,,,,,
,,,,,,,,,,,,,
,,,,,,,,,,,,,
,,,,,,,,,,,,,
,,,,,,,,,,,,,
,,,,,,,,,,,,,
,,,,,,,,,,,,,
,,,,,,,,,,,,,
,,,,,,,,,,,,,
,,,,,,,,,,,,,
,,,,,,,,,,,,,
,,,,,,,,,,,,,
,,,,,,,,,,,,,
,,,,,,,,,,,,,
,,,,,,,,,,,,,
,,,,,,,,,,,,,
,,,,,,,,,,,,,
,,,,,,,,,,,,,
,,,,,,,,,,,,,
,,,,,,,,,,,,,
,,,,,,,,,,,,,
,,,,,,,,,,,,,
,,,,,,,,,,,,,
,,,,,,,,,,,,,
,,,,,,,,,,,,,
,,,,,,,,,,,,,
,,,,,,,,,,,,,
,,,,,,,,,,,,,
,,,,,,,,,,,,,
,,,,,,,,,,,,,
,,,,,,,,,,,,,
,,,,,,,,,,,,,
,,,,,,,,,,,,,
,,,,,,,,,,,,,
,,,,,,,,,,,,,
,,,,,,,,,,,,,
,,,,,,,,,,,,,
,,,,,,,,,,,,,
,,,,,,,,,,,,,
,,,,,,,,,,,,,
,,,,,,,,,,,,,
,,,,,,,,,,,,,
,,,,,,,,,,,,,
,,,,,,,,,,,,,
,,,,,,,,,,,,,
,,,,,,,,,,,,,
,,,,,,,,,,,,,
,,,,,,,,,,,,,
,,,,,,,,,,,,,
,,,,,,,,,,,,,
,,,,,,,,,,,,,
,,,,,,,,,,,,,
,,,,,,,,,,,,,
,,,,,,,,,,,,,
,,,,,,,,,,,,,
,,,,,,,,,,,,,
,,,,,,,,,,,,,
,,,,,,,,,,,,,
,,,,,,,,,,,,,
,,,,,,,,,,,,,
,,,,,,,,,,,,,
,,,,,,,,,,,,,
,,,,,,,,,,,,,
,,,,,,,,,,,,,
,,,,,,,,,,,,,
,,,,,,,,,,,,,
,,,,,,,,,,,,,
,,,,,,,,,,,,,
,,,,,,,,,,,,,
,,,,,,,,,,,,,
,,,,,,,,,,,,,
,,,,,,,,,,,,,
,,,,,,,,,,,,,
,,,,,,,,,,,,,
,,,,,,,,,,,,,
,,,,,,,,,,,,,
,,,,,,,,,,,,,
,,,,,,,,,,,,,
,,,,,,,,,,,,,
,,,,,,,,,,,,,
,,,,,,,,,,,,,
,,,,,,,,,,,,,
,,,,,,,,,,,,,
,,,,,,,,,,,,,
,,,,,,,,,,,,,
,,,,,,,,,,,,,
,,,,,,,,,,,,,
,,,,,,,,,,,,,
,,,,,,,,,,,,,
,,,,,,,,,,,,,
,,,,,,,,,,,,,
,,,,,,,,,,,,,
,,,,,,,,,,,,,
,,,,,,,,,,,,,
,,,,,,,,,,,,,
,,,,,,,,,,,,,
,,,,,,,,,,,,,
,,,,,,,,,,,,,
,,,,,,,,,,,,,
,,,,,,,,,,,,,
,,,,,,,,,,,,,
,,,,,,,,,,,,,
,,,,,,,,,,,,,
,,,,,,,,,,,,,
,,,,,,,,,,,,,
,,,,,,,,,,,,,
,,,,,,,,,,,,,
,,,,,,,,,,,,,
,,,,,,,,,,,,,
,,,,,,,,,,,,,
,,,,,,,,,,,,,
,,,,,,,,,,,,,
,,,,,,,,,,,,,
,,,,,,,,,,,,,
,,,,,,,,,,,,,
,,,,,,,,,,,,,
,,,,,,,,,,,,,
,,,,,,,,,,,,,
,,,,,,,,,,,,,
,,,,,,,,,,,,,
,,,,,,,,,,,,,
,,,,,,,,,,,,,
,,,,,,,,,,,,,
,,,,,,,,,,,,,
,,,,,,,,,,,,,
,,,,,,,,,,,,,
,,,,,,,,,,,,,
,,,,,,,,,,,,,
,,,,,,,,,,,,,
,,,,,,,,,,,,,
,,,,,,,,,,,,,
,,,,,,,,,,,,,
,,,,,,,,,,,,,
,,,,,,,,,,,,,
,,,,,,,,,,,,,
,,,,,,,,,,,,,
,,,,,,,,,,,,,
,,,,,,,,,,,,,
,,,,,,,,,,,,,
,,,,,,,,,,,,,
,,,,,,,,,,,,,
,,,,,,,,,,,,,
,,,,,,,,,,,,,
,,,,,,,,,,,,,
,,,,,,,,,,,,,
,,,,,,,,,,,,,
,,,,,,,,,,,,,
,,,,,,,,,,,,,
,,,,,,,,,,,,,
,,,,,,,,,,,,,
,,,,,,,,,,,,,
,,,,,,,,,,,,,
,,,,,,,,,,,,,
,,,,,,,,,,,,,
,,,,,,,,,,,,,
,,,,,,,,,,,,,
,,,,,,,,,,,,,
,,,,,,,,,,,,,
,,,,,,,,,,,,,
,,,,,,,,,,,,,
,,,,,,,,,,,,,
,,,,,,,,,,,,,
,,,,,,,,,,,,,
,,,,,,,,,,,,,
,,,,,,,,,,,,,
,,,,,,,,,,,,,
,,,,,,,,,,,,,
,,,,,,,,,,,,,
,,,,,,,,,,,,,
,,,,,,,,,,,,,
,,,,,,,,,,,,,
,,,,,,,,,,,,,
,,,,,,,,,,,,,
,,,,,,,,,,,,,
,,,,,,,,,,,,,
,,,,,,,,,,,,,
,,,,,,,,,,,,,
,,,,,,,,,,,,,
,,,,,,,,,,,,,
,,,,,,,,,,,,,
,,,,,,,,,,,,,
,,,,,,,,,,,,,
,,,,,,,,,,,,,
,,,,,,,,,,,,,
,,,,,,,,,,,,,
,,,,,,,,,,,,,
,,,,,,,,,,,,,
,,,,,,,,,,,,,
,,,,,,,,,,,,,
,,,,,,,,,,,,,
,,,,,,,,,,,,,
,,,,,,,,,,,,,
,,,,,,,,,,,,,
,,,,,,,,,,,,,
,,,,,,,,,,,,,
,,,,,,,,,,,,,
,,,,,,,,,,,,,
,,,,,,,,,,,,,
,,,,,,,,,,,,,
,,,,,,,,,,,,,
,,,,,,,,,,,,,
,,,,,,,,,,,,,
,,,,,,,,,,,,,
,,,,,,,,,,,,,
,,,,,,,,,,,,,
,,,,,,,,,,,,,
,,,,,,,,,,,,,
,,,,,,,,,,,,,
,,,,,,,,,,,,,
,,,,,,,,,,,,,
,,,,,,,,,,,,,
,,,,,,,,,,,,,
,,,,,,,,,,,,,
,,,,,,,,,,,,,
,,,,,,,,,,,,,
,,,,,,,,,,,,,
,,,,,,,,,,,,,
,,,,,,,,,,,,,
,,,,,,,,,,,,,
,,,,,,,,,,,,,
,,,,,,,,,,,,,
,,,,,,,,,,,,,
,,,,,,,,,,,,,
,,,,,,,,,,,,,
,,,,,,,,,,,,,
,,,,,,,,,,,,,
,,,,,,,,,,,,,
,,,,,,,,,,,,,
,,,,,,,,,,,,,
,,,,,,,,,,,,,
,,,,,,,,,,,,,
,,,,,,,,,,,,,
,,,,,,,,,,,,,
,,,,,,,,,,,,,
,,,,,,,,,,,,,
,,,,,,,,,,,,,
,,,,,,,,,,,,,
,,,,,,,,,,,,,
,,,,,,,,,,,,,
,,,,,,,,,,,,,
,,,,,,,,,,,,,
,,,,,,,,,,,,,
,,,,,,,,,,,,,
,,,,,,,,,,,,,
,,,,,,,,,,,,,
,,,,,,,,,,,,,
,,,,,,,,,,,,,
,,,,,,,,,,,,,
,,,,,,,,,,,,,
,,,,,,,,,,,,,
,,,,,,,,,,,,,
,,,,,,,,,,,,,
,,,,,,,,,,,,,
,,,,,,,,,,,,,
,,,,,,,,,,,,,
,,,,,,,,,,,,,
,,,,,,,,,,,,,
,,,,,,,,,,,,,
,,,,,,,,,,,,,
,,,,,,,,,,,,,
,,,,,,,,,,,,,
,,,,,,,,,,,,,
,,,,,,,,,,,,,
,,,,,,,,,,,,,
,,,,,,,,,,,,,
,,,,,,,,,,,,,
,,,,,,,,,,,,,
,,,,,,,,,,,,,
,,,,,,,,,,,,,
,,,,,,,,,,,,,
,,,,,,,,,,,,,
,,,,,,,,,,,,,
,,,,,,,,,,,,,
,,,,,,,,,,,,,
,,,,,,,,,,,,,
,,,,,,,,,,,,,
,,,,,,,,,,,,,
,,,,,,,,,,,,,
,,,,,,,,,,,,,
,,,,,,,,,,,,,
,,,,,,,,,,,,,
,,,,,,,,,,,,,
,,,,,,,,,,,,,
,,,,,,,,,,,,,
,,,,,,,,,,,,,
,,,,,,,,,,,,,
,,,,,,,,,,,,,
,,,,,,,,,,,,,
,,,,,,,,,,,,,
,,,,,,,,,,,,,
,,,,,,,,,,,,,
,,,,,,,,,,,,,
,,,,,,,,,,,,,
,,,,,,,,,,,,,
,,,,,,,,,,,,,
,,,,,,,,,,,,,
,,,,,,,,,,,,,
,,,,,,,,,,,,,
,,,,,,,,,,,,,
,,,,,,,,,,,,,
,,,,,,,,,,,,,
,,,,,,,,,,,,,
,,,,,,,,,,,,,
,,,,,,,,,,,,,
,,,,,,,,,,,,,
,,,,,,,,,,,,,
,,,,,,,,,,,,,
,,,,,,,,,,,,,
,,,,,,,,,,,,,
,,,,,,,,,,,,,
,,,,,,,,,,,,,
,,,,,,,,,,,,,
,,,,,,,,,,,,,
,,,,,,,,,,,,,
,,,,,,,,,,,,,
,,,,,,,,,,,,,
,,,,,,,,,,,,,
,,,,,,,,,,,,,
,,,,,,,,,,,,,
,,,,,,,,,,,,,
,,,,,,,,,,,,,
,,,,,,,,,,,,,
,,,,,,,,,,,,,
,,,,,,,,,,,,,
,,,,,,,,,,,,,
,,,,,,,,,,,,,
,,,,,,,,,,,,,
,,,,,,,,,,,,,
,,,,,,,,,,,,,
,,,,,,,,,,,,,
,,,,,,,,,,,,,
,,,,,,,,,,,,,
,,,,,,,,,,,,,
,,,,,,,,,,,,,
,,,,,,,,,,,,,
,,,,,,,,,,,,,
,,,,,,,,,,,,,
,,,,,,,,,,,,,
,,,,,,,,,,,,,
,,,,,,,,,,,,,
,,,,,,,,,,,,,
,,,,,,,,,,,,,
,,,,,,,,,,,,,
,,,,,,,,,,,,,
,,,,,,,,,,,,,
,,,,,,,,,,,,,
,,,,,,,,,,,,,
,,,,,,,,,,,,,
,,,,,,,,,,,,,
,,,,,,,,,,,,,
,,,,,,,,,,,,,
,,,,,,,,,,,,,
,,,,,,,,,,,,,
,,,,,,,,,,,,,
,,,,,,,,,,,,,
,,,,,,,,,,,,,
,,,,,,,,,,,,,
,,,,,,,,,,,,,
,,,,,,,,,,,,,
,,,,,,,,,,,,,
,,,,,,,,,,,,,
,,,,,,,,,,,,,
,,,,,,,,,,,,,
,,,,,,,,,,,,,
,,,,,,,,,,,,,
,,,,,,,,,,,,,
,,,,,,,,,,,,,
,,,,,,,,,,,,,
,,,,,,,,,,,,,
,,,,,,,,,,,,,
,,,,,,,,,,,,,
,,,,,,,,,,,,,
,,,,,,,,,,,,,
,,,,,,,,,,,,,
,,,,,,,,,,,,,
,,,,,,,,,,,,,
,,,,,,,,,,,,,
,,,,,,,,,,,,,
,,,,,,,,,,,,,
,,,,,,,,,,,,,
,,,,,,,,,,,,,
,,,,,,,,,,,,,
,,,,,,,,,,,,,
,,,,,,,,,,,,,
,,,,,,,,,,,,,
,,,,,,,,,,,,,
,,,,,,,,,,,,,
,,,,,,,,,,,,,
,,,,,,,,,,,,,
,,,,,,,,,,,,,
,,,,,,,,,,,,,
,,,,,,,,,,,,,
,,,,,,,,,,,,,
,,,,,,,,,,,,,
,,,,,,,,,,,,,
,,,,,,,,,,,,,
,,,,,,,,,,,,,
,,,,,,,,,,,,,
,,,,,,,,,,,,,
,,,,,,,,,,,,,
,,,,,,,,,,,,,
,,,,,,,,,,,,,
,,,,,,,,,,,,,
,,,,,,,,,,,,,
,,,,,,,,,,,,,
,,,,,,,,,,,,,
,,,,,,,,,,,,,
,,,,,,,,,,,,,
,,,,,,,,,,,,,
,,,,,,,,,,,,,
,,,,,,,,,,,,,
,,,,,,,,,,,,,
,,,,,,,,,,,,,
,,,,,,,,,,,,,
,,,,,,,,,,,,,
,,,,,,,,,,,,,
,,,,,,,,,,,,,
,,,,,,,,,,,,,
,,,,,,,,,,,,,
,,,,,,,,,,,,,
,,,,,,,,,,,,,
,,,,,,,,,,,,,
,,,,,,,,,,,,,
,,,,,,,,,,,,,
,,,,,,,,,,,,,
,,,,,,,,,,,,,
,,,,,,,,,,,,,
,,,,,,,,,,,,,
,,,,,,,,,,,,,
,,,,,,,,,,,,,
,,,,,,,,,,,,,
,,,,,,,,,,,,,
,,,,,,,,,,,,,
,,,,,,,,,,,,,
,,,,,,,,,,,,,
,,,,,,,,,,,,,
,,,,,,,,,,,,,
,,,,,,,,,,,,,
,,,,,,,,,,,,,
,,,,,,,,,,,,,
,,,,,,,,,,,,,
,,,,,,,,,,,,,
,,,,,,,,,,,,,
,,,,,,,,,,,,,
,,,,,,,,,,,,,
,,,,,,,,,,,,,
,,,,,,,,,,,,,
,,,,,,,,,,,,,
,,,,,,,,,,,,,
,,,,,,,,,,,,,
,,,,,,,,,,,,,
,,,,,,,,,,,,,
,,,,,,,,,,,,,
,,,,,,,,,,,,,
,,,,,,,,,,,,,
,,,,,,,,,,,,,
,,,,,,,,,,,,,
,,,,,,,,,,,,,
,,,,,,,,,,,,,
,,,,,,,,,,,,,
,,,,,,,,,,,,,
,,,,,,,,,,,,,
,,,,,,,,,,,,,
,,,,,,,,,,,,,
,,,,,,,,,,,,,
,,,,,,,,,,,,,
,,,,,,,,,,,,,
,,,,,,,,,,,,,
,,,,,,,,,,,,,
,,,,,,,,,,,,,
,,,,,,,,,,,,,
,,,,,,,,,,,,,
,,,,,,,,,,,,,
,,,,,,,,,,,,,
,,,,,,,,,,,,,
,,,,,,,,,,,,,
,,,,,,,,,,,,,
,,,,,,,,,,,,,
,,,,,,,,,,,,,
,,,,,,,,,,,,,
,,,,,,,,,,,,,
,,,,,,,,,,,,,
,,,,,,,,,,,,,
,,,,,,,,,,,,,
,,,,,,,,,,,,,
,,,,,,,,,,,,,
,,,,,,,,,,,,,
,,,,,,,,,,,,,
,,,,,,,,,,,,,
,,,,,,,,,,,,,
,,,,,,,,,,,,,
,,,,,,,,,,,,,
,,,,,,,,,,,,,
,,,,,,,,,,,,,
,,,,,,,,,,,,,
,,,,,,,,,,,,,
,,,,,,,,,,,,,
,,,,,,,,,,,,,
,,,,,,,,,,,,,
,,,,,,,,,,,,,
,,,,,,,,,,,,,
,,,,,,,,,,,,,
,,,,,,,,,,,,,
,,,,,,,,,,,,,
,,,,,,,,,,,,,
,,,,,,,,,,,,,
,,,,,,,,,,,,,
,,,,,,,,,,,,,
,,,,,,,,,,,,,
,,,,,,,,,,,,,
,,,,,,,,,,,,,
,,,,,,,,,,,,,
,,,,,,,,,,,,,
,,,,,,,,,,,,,
,,,,,,,,,,,,,
,,,,,,,,,,,,,
,,,,,,,,,,,,,
,,,,,,,,,,,,,
,,,,,,,,,,,,,
,,,,,,,,,,,,,
,,,,,,,,,,,,,
,,,,,,,,,,,,,
,,,,,,,,,,,,,
,,,,,,,,,,,,,
,,,,,,,,,,,,,
,,,,,,,,,,,,,
,,,,,,,,,,,,,
,,,,,,,,,,,,,
,,,,,,,,,,,,,
,,,,,,,,,,,,,
,,,,,,,,,,,,,
,,,,,,,,,,,,,
,,,,,,,,,,,,,
,,,,,,,,,,,,,
,,,,,,,,,,,,,
,,,,,,,,,,,,,
,,,,,,,,,,,,,
,,,,,,,,,,,,,
,,,,,,,,,,,,,
,,,,,,,,,,,,,
,,,,,,,,,,,,,
,,,,,,,,,,,,,
,,,,,,,,,,,,,
,,,,,,,,,,,,,
,,,,,,,,,,,,,
,,,,,,,,,,,,,
,,,,,,,,,,,,,
,,,,,,,,,,,,,
,,,,,,,,,,,,,
,,,,,,,,,,,,,
,,,,,,,,,,,,,
,,,,,,,,,,,,,
,,,,,,,,,,,,,
,,,,,,,,,,,,,
,,,,,,,,,,,,,
,,,,,,,,,,,,,
,,,,,,,,,,,,,
,,,,,,,,,,,,,
,,,,,,,,,,,,,
,,,,,,,,,,,,,
,,,,,,,,,,,,,
,,,,,,,,,,,,,
,,,,,,,,,,,,,
,,,,,,,,,,,,,
,,,,,,,,,,,,,
,,,,,,,,,,,,,
,,,,,,,,,,,,,
,,,,,,,,,,,,,
,,,,,,,,,,,,,
,,,,,,,,,,,,,
,,,,,,,,,,,,,
,,,,,,,,,,,,,
,,,,,,,,,,,,,
,,,,,,,,,,,,,
,,,,,,,,,,,,,
,,,,,,,,,,,,,
,,,,,,,,,,,,,
,,,,,,,,,,,,,
,,,,,,,,,,,,,
,,,,,,,,,,,,,
,,,,,,,,,,,,,
,,,,,,,,,,,,,
,,,,,,,,,,,,,
,,,,,,,,,,,,,
,,,,,,,,,,,,,
,,,,,,,,,,,,,
,,,,,,,,,,,,,
,,,,,,,,,,,,,
,,,,,,,,,,,,,
,,,,,,,,,,,,,
,,,,,,,,,,,,,
,,,,,,,,,,,,,
,,,,,,,,,,,,,
,,,,,,,,,,,,,
,,,,,,,,,,,,,
,,,,,,,,,,,,,
,,,,,,,,,,,,,
,,,,,,,,,,,,,
,,,,,,,,,,,,,
,,,,,,,,,,,,,
,,,,,,,,,,,,,
,,,,,,,,,,,,,
,,,,,,,,,,,,,
,,,,,,,,,,,,,
,,,,,,,,,,,,,
,,,,,,,,,,,,,
,,,,,,,,,,,,,
,,,,,,,,,,,,,
,,,,,,,,,,,,,
,,,,,,,,,,,,,
,,,,,,,,,,,,,
,,,,,,,,,,,,,
,,,,,,,,,,,,,
,,,,,,,,,,,,,
,,,,,,,,,,,,,
,,,,,,,,,,,,,
,,,,,,,,,,,,,
,,,,,,,,,,,,,
,,,,,,,,,,,,,
,,,,,,,,,,,,,
,,,,,,,,,,,,,
,,,,,,,,,,,,,
,,,,,,,,,,,,,
,,,,,,,,,,,,,
,,,,,,,,,,,,,
,,,,,,,,,,,,,
,,,,,,,,,,,,,
,,,,,,,,,,,,,
,,,,,,,,,,,,,
,,,,,,,,,,,,,
,,,,,,,,,,,,,
,,,,,,,,,,,,,
,,,,,,,,,,,,,
,,,,,,,,,,,,,
,,,,,,,,,,,,,
,,,,,,,,,,,,,
,,,,,,,,,,,,,
,,,,,,,,,,,,,
,,,,,,,,,,,,,
,,,,,,,,,,,,,
,,,,,,,,,,,,,
,,,,,,,,,,,,,
,,,,,,,,,,,,,
,,,,,,,,,,,,,
,,,,,,,,,,,,,
,,,,,,,,,,,,,
,,,,,,,,,,,,,
,,,,,,,,,,,,,
,,,,,,,,,,,,,
,,,,,,,,,,,,,
,,,,,,,,,,,,,
,,,,,,,,,,,,,
,,,,,,,,,,,,,
,,,,,,,,,,,,,
,,,,,,,,,,,,,
,,,,,,,,,,,,,
,,,,,,,,,,,,,
,,,,,,,,,,,,,
,,,,,,,,,,,,,
,,,,,,,,,,,,,
,,,,,,,,,,,,,
,,,,,,,,,,,,,
,,,,,,,,,,,,,
,,,,,,,,,,,,,
,,,,,,,,,,,,,
,,,,,,,,,,,,,
,,,,,,,,,,,,,
,,,,,,,,,,,,,
,,,,,,,,,,,,,
,,,,,,,,,,,,,
,,,,,,,,,,,,,
,,,,,,,,,,,,,
,,,,,,,,,,,,,
,,,,,,,,,,,,,
,,,,,,,,,,,,,
,,,,,,,,,,,,,
,,,,,,,,,,,,,
,,,,,,,,,,,,,
,,,,,,,,,,,,,
,,,,,,,,,,,,,
,,,,,,,,,,,,,
,,,,,,,,,,,,,
,,,,,,,,,,,,,
,,,,,,,,,,,,,
,,,,,,,,,,,,,
,,,,,,,,,,,,,
,,,,,,,,,,,,,
,,,,,,,,,,,,,
,,,,,,,,,,,,,
,,,,,,,,,,,,,
,,,,,,,,,,,,,
,,,,,,,,,,,,,
,,,,,,,,,,,,,
,,,,,,,,,,,,,
,,,,,,,,,,,,,
,,,,,,,,,,,,,
,,,,,,,,,,,,,
,,,,,,,,,,,,,
,,,,,,,,,,,,,
,,,,,,,,,,,,,
,,,,,,,,,,,,,
,,,,,,,,,,,,,
,,,,,,,,,,,,,
,,,,,,,,,,,,,
,,,,,,,,,,,,,
,,,,,,,,,,,,,
,,,,,,,,,,,,,
,,,,,,,,,,,,,
,,,,,,,,,,,,,
,,,,,,,,,,,,,
,,,,,,,,,,,,,
,,,,,,,,,,,,,
,,,,,,,,,,,,,
,,,,,,,,,,,,,
,,,,,,,,,,,,,
,,,,,,,,,,,,,
,,,,,,,,,,,,,
,,,,,,,,,,,,,
,,,,,,,,,,,,,
,,,,,,,,,,,,,
,,,,,,,,,,,,,
,,,,,,,,,,,,,
,,,,,,,,,,,,,
,,,,,,,,,,,,,
,,,,,,,,,,,,,
,,,,,,,,,,,,,
,,,,,,,,,,,,,
,,,,,,,,,,,,,
,,,,,,,,,,,,,
,,,,,,,,,,,,,
,,,,,,,,,,,,,
,,,,,,,,,,,,,
,,,,,,,,,,,,,
,,,,,,,,,,,,,
,,,,,,,,,,,,,
,,,,,,,,,,,,,
,,,,,,,,,,,,,
,,,,,,,,,,,,,
,,,,,,,,,,,,,
,,,,,,,,,,,,,
,,,,,,,,,,,,,
,,,,,,,,,,,,,
,,,,,,,,,,,,,
,,,,,,,,,,,,,
,,,,,,,,,,,,,
,,,,,,,,,,,,,
,,,,,,,,,,,,,
,,,,,,,,,,,,,
,,,,,,,,,,,,,
,,,,,,,,,,,,,
,,,,,,,,,,,,,
,,,,,,,,,,,,,
,,,,,,,,,,,,,
,,,,,,,,,,,,,
,,,,,,,,,,,,,
,,,,,,,,,,,,,
,,,,,,,,,,,,,
,,,,,,,,,,,,,
,,,,,,,,,,,,,
,,,,,,,,,,,,,
,,,,,,,,,,,,,
,,,,,,,,,,,,,
,,,,,,,,,,,,,
,,,,,,,,,,,,,
,,,,,,,,,,,,,
,,,,,,,,,,,,,
,,,,,,,,,,,,,
,,,,,,,,,,,,,
,,,,,,,,,,,,,
,,,,,,,,,,,,,
,,,,,,,,,,,,,
,,,,,,,,,,,,,
,,,,,,,,,,,,,
,,,,,,,,,,,,,
,,,,,,,,,,,,,
,,,,,,,,,,,,,
,,,,,,,,,,,,,
,,,,,,,,,,,,,
,,,,,,,,,,,,,
,,,,,,,,,,,,,
,,,,,,,,,,,,,
,,,,,,,,,,,,,
,,,,,,,,,,,,,
,,,,,,,,,,,,,
,,,,,,,,,,,,,
,,,,,,,,,,,,,
,,,,,,,,,,,,,
,,,,,,,,,,,,,
,,,,,,,,,,,,,
,,,,,,,,,,,,,
,,,,,,,,,,,,,
,,,,,,,,,,,,,
,,,,,,,,,,,,,
,,,,,,,,,,,,,
,,,,,,,,,,,,,
,,,,,,,,,,,,,
,,,,,,,,,,,,,
,,,,,,,,,,,,,
,,,,,,,,,,,,,
,,,,,,,,,,,,,
,,,,,,,,,,,,,
,,,,,,,,,,,,,
,,,,,,,,,,,,,
,,,,,,,,,,,,,
,,,,,,,,,,,,,
,,,,,,,,,,,,,
,,,,,,,,,,,,,
,,,,,,,,,,,,,
,,,,,,,,,,,,,
,,,,,,,,,,,,,
,,,,,,,,,,,,,
,,,,,,,,,,,,,
,,,,,,,,,,,,,
,,,,,,,,,,,,,
,,,,,,,,,,,,,
,,,,,,,,,,,,,
,,,,,,,,,,,,,
,,,,,,,,,,,,,
,,,,,,,,,,,,,
,,,,,,,,,,,,,
,,,,,,,,,,,,,
,,,,,,,,,,,,,
,,,,,,,,,,,,,
,,,,,,,,,,,,,
,,,,,,,,,,,,,
,,,,,,,,,,,,,
,,,,,,,,,,,,,
,,,,,,,,,,,,,
,,,,,,,,,,,,,
,,,,,,,,,,,,,
,,,,,,,,,,,,,
,,,,,,,,,,,,,
,,,,,,,,,,,,,
,,,,,,,,,,,,,
,,,,,,,,,,,,,
,,,,,,,,,,,,,
,,,,,,,,,,,,,
,,,,,,,,,,,,,
,,,,,,,,,,,,,
,,,,,,,,,,,,,
,,,,,,,,,,,,,
,,,,,,,,,,,,,
,,,,,,,,,,,,,
,,,,,,,,,,,,,
,,,,,,,,,,,,,
,,,,,,,,,,,,,
,,,,,,,,,,,,,
,,,,,,,,,,,,,
,,,,,,,,,,,,,
,,,,,,,,,,,,,
,,,,,,,,,,,,,
,,,,,,,,,,,,,
,,,,,,,,,,,,,
,,,,,,,,,,,,,
,,,,,,,,,,,,,
,,,,,,,,,,,,,
,,,,,,,,,,,,,
,,,,,,,,,,,,,
,,,,,,,,,,,,,
,,,,,,,,,,,,,
,,,,,,,,,,,,,
,,,,,,,,,,,,,
,,,,,,,,,,,,,
,,,,,,,,,,,,,
,,,,,,,,,,,,,
,,,,,,,,,,,,,
,,,,,,,,,,,,,
,,,,,,,,,,,,,
,,,,,,,,,,,,,
,,,,,,,,,,,,,
,,,,,,,,,,,,,
,,,,,,,,,,,,,
,,,,,,,,,,,,,
,,,,,,,,,,,,,
,,,,,,,,,,,,,
,,,,,,,,,,,,,
,,,,,,,,,,,,,
,,,,,,,,,,,,,
,,,,,,,,,,,,,
,,,,,,,,,,,,,
,,,,,,,,,,,,,
,,,,,,,,,,,,,
,,,,,,,,,,,,,
,,,,,,,,,,,,,
,,,,,,,,,,,,,
,,,,,,,,,,,,,
,,,,,,,,,,,,,
,,,,,,,,,,,,,
,,,,,,,,,,,,,
,,,,,,,,,,,,,
,,,,,,,,,,,,,
,,,,,,,,,,,,,
,,,,,,,,,,,,,
,,,,,,,,,,,,,
,,,,,,,,,,,,,
,,,,,,,,,,,,,
,,,,,,,,,,,,,
,,,,,,,,,,,,,
,,,,,,,,,,,,,
,,,,,,,,,,,,,
,,,,,,,,,,,,,
,,,,,,,,,,,,,
,,,,,,,,,,,,,
,,,,,,,,,,,,,
,,,,,,,,,,,,,
,,,,,,,,,,,,,
,,,,,,,,,,,,,
,,,,,,,,,,,,,
,,,,,,,,,,,,,
,,,,,,,,,,,,,
,,,,,,,,,,,,,
,,,,,,,,,,,,,
,,,,,,,,,,,,,
,,,,,,,,,,,,,
,,,,,,,,,,,,,
,,,,,,,,,,,,,
,,,,,,,,,,,,,
,,,,,,,,,,,,,
,,,,,,,,,,,,,
,,,,,,,,,,,,,
,,,,,,,,,,,,,
,,,,,,,,,,,,,
,,,,,,,,,,,,,
,,,,,,,,,,,,,
,,,,,,,,,,,,,
,,,,,,,,,,,,,
,,,,,,,,,,,,,
,,,,,,,,,,,,,
,,,,,,,,,,,,,
,,,,,,,,,,,,,
,,,,,,,,,,,,,
,,,,,,,,,,,,,
,,,,,,,,,,,,,
,,,,,,,,,,,,,
,,,,,,,,,,,,,
,,,,,,,,,,,,,
,,,,,,,,,,,,,
,,,,,,,,,,,,,
,,,,,,,,,,,,,
,,,,,,,,,,,,,
,,,,,,,,,,,,,
,,,,,,,,,,,,,
,,,,,,,,,,,,,
,,,,,,,,,,,,,
,,,,,,,,,,,,,
,,,,,,,,,,,,,
,,,,,,,,,,,,,
,,,,,,,,,,,,,
,,,,,,,,,,,,,
,,,,,,,,,,,,,
,,,,,,,,,,,,,
,,,,,,,,,,,,,
,,,,,,,,,,,,,
,,,,,,,,,,,,,
,,,,,,,,,,,,,
,,,,,,,,,,,,,
,,,,,,,,,,,,,
,,,,,,,,,,,,,
,,,,,,,,,,,,,
,,,,,,,,,,,,,
,,,,,,,,,,,,,
,,,,,,,,,,,,,
,,,,,,,,,,,,,
,,,,,,,,,,,,,
,,,,,,,,,,,,,
,,,,,,,,,,,,,
,,,,,,,,,,,,,
,,,,,,,,,,,,,
,,,,,,,,,,,,,
,,,,,,,,,,,,,
,,,,,,,,,,,,,
,,,,,,,,,,,,,
,,,,,,,,,,,,,
,,,,,,,,,,,,,
,,,,,,,,,,,,,
,,,,,,,,,,,,,
,,,,,,,,,,,,,
,,,,,,,,,,,,,
,,,,,,,,,,,,,
,,,,,,,,,,,,,
,,,,,,,,,,,,,
,,,,,,,,,,,,,
,,,,,,,,,,,,,
,,,,,,,,,,,,,
,,,,,,,,,,,,,
,,,,,,,,,,,,,
,,,,,,,,,,,,,
,,,,,,,,,,,,,
,,,,,,,,,,,,,
,,,,,,,,,,,,,
,,,,,,,,,,,,,
,,,,,,,,,,,,,
,,,,,,,,,,,,,
,,,,,,,,,,,,,
,,,,,,,,,,,,,
,,,,,,,,,,,,,
,,,,,,,,,,,,,
,,,,,,,,,,,,,
,,,,,,,,,,,,,
,,,,,,,,,,,,,
,,,,,,,,,,,,,
,,,,,,,,,,,,,
,,,,,,,,,,,,,
,,,,,,,,,,,,,
,,,,,,,,,,,,,
,,,,,,,,,,,,,
,,,,,,,,,,,,,
,,,,,,,,,,,,,
,,,,,,,,,,,,,
,,,,,,,,,,,,,
,,,,,,,,,,,,,
,,,,,,,,,,,,,
,,,,,,,,,,,,,
,,,,,,,,,,,,,
,,,,,,,,,,,,,
,,,,,,,,,,,,,
,,,,,,,,,,,,,
,,,,,,,,,,,,,
,,,,,,,,,,,,,
,,,,,,,,,,,,,
,,,,,,,,,,,,,
,,,,,,,,,,,,,
,,,,,,,,,,,,,
,,,,,,,,,,,,,
,,,,,,,,,,,,,
,,,,,,,,,,,,,
,,,,,,,,,,,,,
,,,,,,,,,,,,,
,,,,,,,,,,,,,
,,,,,,,,,,,,,
,,,,,,,,,,,,,
,,,,,,,,,,,,,
,,,,,,,,,,,,,
,,,,,,,,,,,,,
,,,,,,,,,,,,,
,,,,,,,,,,,,,
,,,,,,,,,,,,,
,,,,,,,,,,,,,
,,,,,,,,,,,,,
,,,,,,,,,,,,,
,,,,,,,,,,,,,
,,,,,,,,,,,,,
,,,,,,,,,,,,,
,,,,,,,,,,,,,
,,,,,,,,,,,,,
,,,,,,,,,,,,,
,,,,,,,,,,,,,
,,,,,,,,,,,,,
,,,,,,,,,,,,,
,,,,,,,,,,,,,
,,,,,,,,,,,,,
,,,,,,,,,,,,,
,,,,,,,,,,,,,
,,,,,,,,,,,,,
,,,,,,,,,,,,,
,,,,,,,,,,,,,
,,,,,,,,,,,,,
,,,,,,,,,,,,,
,,,,,,,,,,,,,
,,,,,,,,,,,,,
,,,,,,,,,,,,,
,,,,,,,,,,,,,
,,,,,,,,,,,,,
,,,,,,,,,,,,,
,,,,,,,,,,,,,
,,,,,,,,,,,,,
,,,,,,,,,,,,,
,,,,,,,,,,,,,
,,,,,,,,,,,,,
,,,,,,,,,,,,,
,,,,,,,,,,,,,
,,,,,,,,,,,,,
,,,,,,,,,,,,,
,,,,,,,,,,,,,
,,,,,,,,,,,,,
,,,,,,,,,,,,,
,,,,,,,,,,,,,
,,,,,,,,,,,,,
,,,,,,,,,,,,,
,,,,,,,,,,,,,
,,,,,,,,,,,,,
,,,,,,,,,,,,,
,,,,,,,,,,,,,
,,,,,,,,,,,,,
,,,,,,,,,,,,,
,,,,,,,,,,,,,
,,,,,,,,,,,,,
,,,,,,,,,,,,,
,,,,,,,,,,,,,
,,,,,,,,,,,,,
,,,,,,,,,,,,,
,,,,,,,,,,,,,
,,,,,,,,,,,,,
,,,,,,,,,,,,,
,,,,,,,,,,,,,
,,,,,,,,,,,,,
,,,,,,,,,,,,,
,,,,,,,,,,,,,
,,,,,,,,,,,,,
,,,,,,,,,,,,,
,,,,,,,,,,,,,
,,,,,,,,,,,,,
,,,,,,,,,,,,,
,,,,,,,,,,,,,
,,,,,,,,,,,,,
,,,,,,,,,,,,,
,,,,,,,,,,,,,
,,,,,,,,,,,,,
,,,,,,,,,,,,,
,,,,,,,,,,,,,
,,,,,,,,,,,,,
,,,,,,,,,,,,,
,,,,,,,,,,,,,
,,,,,,,,,,,,,
,,,,,,,,,,,,,
,,,,,,,,,,,,,
,,,,,,,,,,,,,
,,,,,,,,,,,,,
,,,,,,,,,,,,,
,,,,,,,,,,,,,
,,,,,,,,,,,,,
,,,,,,,,,,,,,
,,,,,,,,,,,,,
,,,,,,,,,,,,,
,,,,,,,,,,,,,
,,,,,,,,,,,,,
,,,,,,,,,,,,,
,,,,,,,,,,,,,
,,,,,,,,,,,,,
,,,,,,,,,,,,,
,,,,,,,,,,,,,
,,,,,,,,,,,,,
,,,,,,,,,,,,,
,,,,,,,,,,,,,
,,,,,,,,,,,,,
,,,,,,,,,,,,,
,,,,,,,,,,,,,
,,,,,,,,,,,,,
,,,,,,,,,,,,,
,,,,,,,,,,,,,
,,,,,,,,,,,,,
,,,,,,,,,,,,,
,,,,,,,,,,,,,
,,,,,,,,,,,,,
,,,,,,,,,,,,,
,,,,,,,,,,,,,
,,,,,,,,,,,,,
,,,,,,,,,,,,,
,,,,,,,,,,,,,
,,,,,,,,,,,,,
,,,,,,,,,,,,,
,,,,,,,,,,,,,
,,,,,,,,,,,,,
,,,,,,,,,,,,,
,,,,,,,,,,,,,
,,,,,,,,,,,,,
,,,,,,,,,,,,,
,,,,,,,,,,,,,
,,,,,,,,,,,,,
,,,,,,,,,,,,,
,,,,,,,,,,,,,
,,,,,,,,,,,,,
,,,,,,,,,,,,,
,,,,,,,,,,,,,
,,,,,,,,,,,,,
,,,,,,,,,,,,,
,,,,,,,,,,,,,
,,,,,,,,,,,,,
,,,,,,,,,,,,,
,,,,,,,,,,,,,
,,,,,,,,,,,,,
,,,,,,,,,,,,,
,,,,,,,,,,,,,
,,,,,,,,,,,,,
,,,,,,,,,,,,,
,,,,,,,,,,,,,
,,,,,,,,,,,,,
,,,,,,,,,,,,,
,,,,,,,,,,,,,
,,,,,,,,,,,,,
,,,,,,,,,,,,,
,,,,,,,,,,,,,
,,,,,,,,,,,,,
,,,,,,,,,,,,,
,,,,,,,,,,,,,
,,,,,,,,,,,,,
,,,,,,,,,,,,,
,,,,,,,,,,,,,
,,,,,,,,,,,,,
,,,,,,,,,,,,,
,,,,,,,,,,,,,
,,,,,,,,,,,,,
,,,,,,,,,,,,,
,,,,,,,,,,,,,
,,,,,,,,,,,,,
,,,,,,,,,,,,,
,,,,,,,,,,,,,
,,,,,,,,,,,,,
,,,,,,,,,,,,,
,,,,,,,,,,,,,
,,,,,,,,,,,,,
,,,,,,,,,,,,,
,,,,,,,,,,,,,
,,,,,,,,,,,,,
,,,,,,,,,,,,,
,,,,,,,,,,,,,
,,,,,,,,,,,,,
,,,,,,,,,,,,,
,,,,,,,,,,,,,
,,,,,,,,,,,,,
,,,,,,,,,,,,,
,,,,,,,,,,,,,
,,,,,,,,,,,,,
,,,,,,,,,,,,,
,,,,,,,,,,,,,
,,,,,,,,,,,,,
,,,,,,,,,,,,,
,,,,,,,,,,,,,
,,,,,,,,,,,,,
,,,,,,,,,,,,,
,,,,,,,,,,,,,
,,,,,,,,,,,,,
,,,,,,,,,,,,,
,,,,,,,,,,,,,
,,,,,,,,,,,,,
,,,,,,,,,,,,,
,,,,,,,,,,,,,
,,,,,,,,,,,,,
,,,,,,,,,,,,,
,,,,,,,,,,,,,
,,,,,,,,,,,,,
,,,,,,,,,,,,,
,,,,,,,,,,,,,
,,,,,,,,,,,,,
,,,,,,,,,,,,,
,,,,,,,,,,,,,
,,,,,,,,,,,,,
,,,,,,,,,,,,,
,,,,,,,,,,,,,
,,,,,,,,,,,,,
,,,,,,,,,,,,,
,,,,,,,,,,,,,
,,,,,,,,,,,,,
,,,,,,,,,,,,,
,,,,,,,,,,,,,
,,,,,,,,,,,,,
,,,,,,,,,,,,,
,,,,,,,,,,,,,
,,,,,,,,,,,,,
,,,,,,,,,,,,,
,,,,,,,,,,,,,
,,,,,,,,,,,,,
,,,,,,,,,,,,,
,,,,,,,,,,,,,
,,,,,,,,,,,,,
,,,,,,,,,,,,,
,,,,,,,,,,,,,
,,,,,,,,,,,,,
,,,,,,,,,,,,,
,,,,,,,,,,,,,
,,,,,,,,,,,,,
,,,,,,,,,,,,,
,,,,,,,,,,,,,
,,,,,,,,,,,,,
,,,,,,,,,,,,,
,,,,,,,,,,,,,
,,,,,,,,,,,,,
,,,,,,,,,,,,,
,,,,,,,,,,,,,
,,,,,,,,,,,,,
,,,,,,,,,,,,,
,,,,,,,,,,,,,
,,,,,,,,,,,,,
,,,,,,,,,,,,,
,,,,,,,,,,,,,
,,,,,,,,,,,,,
,,,,,,,,,,,,,
,,,,,,,,,,,,,
,,,,,,,,,,,,,
,,,,,,,,,,,,,
,,,,,,,,,,,,,
,,,,,,,,,,,,,
,,,,,,,,,,,,,
,,,,,,,,,,,,,
,,,,,,,,,,,,,
,,,,,,,,,,,,,
,,,,,,,,,,,,,
,,,,,,,,,,,,,
,,,,,,,,,,,,,
,,,,,,,,,,,,,
,,,,,,,,,,,,,
,,,,,,,,,,,,,
,,,,,,,,,,,,,
,,,,,,,,,,,,,
,,,,,,,,,,,,,
,,,,,,,,,,,,,
,,,,,,,,,,,,,
,,,,,,,,,,,,,
,,,,,,,,,,,,,
,,,,,,,,,,,,,
,,,,,,,,,,,,,
,,,,,,,,,,,,,
,,,,,,,,,,,,,
,,,,,,,,,,,,,
,,,,,,,,,,,,,
,,,,,,,,,,,,,
,,,,,,,,,,,,,
,,,,,,,,,,,,,
,,,,,,,,,,,,,
,,,,,,,,,,,,,
,,,,,,,,,,,,,
,,,,,,,,,,,,,
,,,,,,,,,,,,,
,,,,,,,,,,,,,
,,,,,,,,,,,,,
,,,,,,,,,,,,,
,,,,,,,,,,,,,
,,,,,,,,,,,,,
,,,,,,,,,,,,,
,,,,,,,,,,,,,
,,,,,,,,,,,,,
,,,,,,,,,,,,,
,,,,,,,,,,,,,
,,,,,,,,,,,,,
,,,,,,,,,,,,,
,,,,,,,,,,,,,
,,,,,,,,,,,,,
,,,,,,,,,,,,,
,,,,,,,,,,,,,
,,,,,,,,,,,,,
,,,,,,,,,,,,,
,,,,,,,,,,,,,
,,,,,,,,,,,,,
,,,,,,,,,,,,,
,,,,,,,,,,,,,
,,,,,,,,,,,,,
,,,,,,,,,,,,,
,,,,,,,,,,,,,
,,,,,,,,,,,,,
,,,,,,,,,,,,,
,,,,,,,,,,,,,
,,,,,,,,,,,,,
,,,,,,,,,,,,,
,,,,,,,,,,,,,
,,,,,,,,,,,,,
,,,,,,,,,,,,,
,,,,,,,,,,,,,
,,,,,,,,,,,,,
,,,,,,,,,,,,,
,,,,,,,,,,,,,
,,,,,,,,,,,,,
,,,,,,,,,,,,,
,,,,,,,,,,,,,
,,,,,,,,,,,,,
,,,,,,,,,,,,,
,,,,,,,,,,,,,
,,,,,,,,,,,,,
,,,,,,,,,,,,,
,,,,,,,,,,,,,
,,,,,,,,,,,,,
,,,,,,,,,,,,,
,,,,,,,,,,,,,
,,,,,,,,,,,,,
,,,,,,,,,,,,,
,,,,,,,,,,,,,
,,,,,,,,,,,,,
,,,,,,,,,,,,,
,,,,,,,,,,,,,
,,,,,,,,,,,,,
,,,,,,,,,,,,,
,,,,,,,,,,,,,
,,,,,,,,,,,,,
,,,,,,,,,,,,,
,,,,,,,,,,,,,
,,,,,,,,,,,,,
,,,,,,,,,,,,,
,,,,,,,,,,,,,
,,,,,,,,,,,,,
,,,,,,,,,,,,,
,,,,,,,,,,,,,
,,,,,,,,,,,,,
,,,,,,,,,,,,,
,,,,,,,,,,,,,
,,,,,,,,,,,,,
,,,,,,,,,,,,,
,,,,,,,,,,,,,
,,,,,,,,,,,,,
,,,,,,,,,,,,,
,,,,,,,,,,,,,
,,,,,,,,,,,,,
,,,,,,,,,,,,,
,,,,,,,,,,,,,
,,,,,,,,,,,,,
,,,,,,,,,,,,,
,,,,,,,,,,,,,
,,,,,,,,,,,,,
,,,,,,,,,,,,,
,,,,,,,,,,,,,
,,,,,,,,,,,,,
,,,,,,,,,,,,,
,,,,,,,,,,,,,
,,,,,,,,,,,,,
,,,,,,,,,,,,,
,,,,,,,,,,,,,
,,,,,,,,,,,,,
,,,,,,,,,,,,,
,,,,,,,,,,,,,
,,,,,,,,,,,,,
,,,,,,,,,,,,,
,,,,,,,,,,,,,
,,,,,,,,,,,,,
,,,,,,,,,,,,,
,,,,,,,,,,,,,
,,,,,,,,,,,,,
,,,,,,,,,,,,,
,,,,,,,,,,,,,
,,,,,,,,,,,,,
,,,,,,,,,,,,,
,,,,,,,,,,,,,
,,,,,,,,,,,,,
,,,,,,,,,,,,,
,,,,,,,,,,,,,
,,,,,,,,,,,,,
,,,,,,,,,,,,,
,,,,,,,,,,,,,
,,,,,,,,,,,,,
,,,,,,,,,,,,,
,,,,,,,,,,,,,
,,,,,,,,,,,,,
,,,,,,,,,,,,,
,,,,,,,,,,,,,
,,,,,,,,,,,,,
,,,,,,,,,,,,,
,,,,,,,,,,,,,
,,,,,,,,,,,,,
,,,,,,,,,,,,,
,,,,,,,,,,,,,
,,,,,,,,,,,,,
,,,,,,,,,,,,,
,,,,,,,,,,,,,
,,,,,,,,,,,,,
,,,,,,,,,,,,,
,,,,,,,,,,,,,
,,,,,,,,,,,,,
,,,,,,,,,,,,,
,,,,,,,,,,,,,
,,,,,,,,,,,,,
,,,,,,,,,,,,,
,,,,,,,,,,,,,
,,,,,,,,,,,,,
,,,,,,,,,,,,,
,,,,,,,,,,,,,
,,,,,,,,,,,,,
,,,,,,,,,,,,,
,,,,,,,,,,,,,
,,,,,,,,,,,,,
,,,,,,,,,,,,,
,,,,,,,,,,,,,
,,,,,,,,,,,,,
,,,,,,,,,,,,,
,,,,,,,,,,,,,
,,,,,,,,,,,,,
,,,,,,,,,,,,,
,,,,,,,,,,,,,
,,,,,,,,,,,,,
,,,,,,,,,,,,,
,,,,,,,,,,,,,
,,,,,,,,,,,,,
,,,,,,,,,,,,,
,,,,,,,,,,,,,
,,,,,,,,,,,,,
,,,,,,,,,,,,,
,,,,,,,,,,,,,
,,,,,,,,,,,,,
,,,,,,,,,,,,,
,,,,,,,,,,,,,
,,,,,,,,,,,,,
,,,,,,,,,,,,,
,,,,,,,,,,,,,
,,,,,,,,,,,,,
,,,,,,,,,,,,,
,,,,,,,,,,,,,
,,,,,,,,,,,,,
,,,,,,,,,,,,,
,,,,,,,,,,,,,
,,,,,,,,,,,,,
,,,,,,,,,,,,,
,,,,,,,,,,,,,
,,,,,,,,,,,,,
,,,,,,,,,,,,,
,,,,,,,,,,,,,
,,,,,,,,,,,,,
,,,,,,,,,,,,,
,,,,,,,,,,,,,
,,,,,,,,,,,,,
,,,,,,,,,,,,,
,,,,,,,,,,,,,
,,,,,,,,,,,,,
,,,,,,,,,,,,,
,,,,,,,,,,,,,
,,,,,,,,,,,,,
,,,,,,,,,,,,,
,,,,,,,,,,,,,
,,,,,,,,,,,,,
,,,,,,,,,,,,,
,,,,,,,,,,,,,
,,,,,,,,,,,,,
,,,,,,,,,,,,,
,,,,,,,,,,,,,
,,,,,,,,,,,,,
,,,,,,,,,,,,,
,,,,,,,,,,,,,
,,,,,,,,,,,,,
,,,,,,,,,,,,,
,,,,,,,,,,,,,
,,,,,,,,,,,,,
,,,,,,,,,,,,,
,,,,,,,,,,,,,
,,,,,,,,,,,,,
,,,,,,,,,,,,,
,,,,,,,,,,,,,
